ISO-10303-21;
HEADER;
/* Generated by software containing ST-Developer
 * from STEP Tools, Inc. (www.steptools.com) 
 */

FILE_DESCRIPTION(
/* description */ ('03/09-50-00'),
/* implementation_level */ '2;1');

FILE_NAME(
/* name */ 
'W:\\TechnoCrane\\05 HIGHTECHNO\\Model pro Motion builder\\ST50Plus Mo
tion builder_grey.stp',
/* time_stamp */ '2021-02-11T08:57:15+01:00',
/* author */ ('ivana'),
/* organization */ (''),
/* preprocessor_version */ 'ST-DEVELOPER v18.1',
/* originating_system */ 'Autodesk Inventor 2021',
/* authorisation */ '');

FILE_SCHEMA (('AUTOMOTIVE_DESIGN { 1 0 10303 214 3 1 1 }'));
ENDSEC;

DATA;
#10=MECHANICAL_DESIGN_GEOMETRIC_PRESENTATION_REPRESENTATION('',(#478,#479,
#480,#481,#482,#483,#484,#485,#486,#487,#488,#489,#490,#491,#492,#493,#494,
#495,#496,#497,#498,#499,#500,#501,#502,#503,#504,#505,#506,#507,#508,#509,
#510,#511,#512,#513,#514,#515,#516,#517),#12130);
#11=CONTEXT_DEPENDENT_OVER_RIDING_STYLED_ITEM('',(#12329),#12216,#517,(#166));
#12=CONTEXT_DEPENDENT_OVER_RIDING_STYLED_ITEM('',(#12329),#12219,#517,(#169));
#13=CONTEXT_DEPENDENT_OVER_RIDING_STYLED_ITEM('',(#12329),#12215,#517,(#165));
#14=CONTEXT_DEPENDENT_OVER_RIDING_STYLED_ITEM('',(#12329),#12220,#517,(#170));
#15=CONTEXT_DEPENDENT_OVER_RIDING_STYLED_ITEM('',(#12329),#12228,#517,(#174));
#16=CONTEXT_DEPENDENT_OVER_RIDING_STYLED_ITEM('',(#12329),#12227,#517,(#173));
#17=CONTEXT_DEPENDENT_OVER_RIDING_STYLED_ITEM('',(#12329),#12222,#517,(#172));
#18=CONTEXT_DEPENDENT_OVER_RIDING_STYLED_ITEM('',(#12329),#12221,#517,(#171));
#19=CONTEXT_DEPENDENT_OVER_RIDING_STYLED_ITEM('',(#12329),#12217,#517,(#167));
#20=CONTEXT_DEPENDENT_OVER_RIDING_STYLED_ITEM('',(#12329),#12218,#517,(#168));
#21=CONTEXT_DEPENDENT_OVER_RIDING_STYLED_ITEM('',(#12329),#12211,#517,(#164));
#22=CONTEXT_DEPENDENT_OVER_RIDING_STYLED_ITEM('',(#12329),#12229,#517,(#175));
#23=MAPPED_ITEM('',#24,#7932);
#24=REPRESENTATION_MAP(#7932,#12210);
#25=B_SPLINE_SURFACE_WITH_KNOTS('',3,3,((#11818,#11819,#11820,#11821,#11822,
#11823,#11824),(#11825,#11826,#11827,#11828,#11829,#11830,#11831),(#11832,
#11833,#11834,#11835,#11836,#11837,#11838),(#11839,#11840,#11841,#11842,
#11843,#11844,#11845),(#11846,#11847,#11848,#11849,#11850,#11851,#11852),
(#11853,#11854,#11855,#11856,#11857,#11858,#11859)),.UNSPECIFIED.,.F.,.F.,
 .F.,(4,1,1,4),(4,1,1,1,4),(0.,0.285714285714286,0.571428571428571,1.),
(-0.319841018741544,0.220341079983154,0.490432129345503,1.0306142280702,
1.5707963267949),.UNSPECIFIED.);
#26=B_SPLINE_SURFACE_WITH_KNOTS('',3,3,((#11900,#11901,#11902,#11903,#11904,
#11905,#11906),(#11907,#11908,#11909,#11910,#11911,#11912,#11913),(#11914,
#11915,#11916,#11917,#11918,#11919,#11920),(#11921,#11922,#11923,#11924,
#11925,#11926,#11927),(#11928,#11929,#11930,#11931,#11932,#11933,#11934),
(#11935,#11936,#11937,#11938,#11939,#11940,#11941)),.UNSPECIFIED.,.F.,.F.,
 .F.,(4,1,1,4),(4,1,1,1,4),(0.,0.285714285714286,0.571428571428571,1.),
(-0.331768448671244,0.211821487176225,0.755411423023694,1.02720639094743,
1.5707963267949),.UNSPECIFIED.);
#27=SPHERICAL_SURFACE('',#7816,5.);
#28=SPHERICAL_SURFACE('',#7820,5.);
#29=SPHERICAL_SURFACE('',#7823,5.);
#30=SPHERICAL_SURFACE('',#7827,5.);
#31=B_SPLINE_CURVE_WITH_KNOTS('',3,(#11631,#11632,#11633,#11634,#11635,
#11636,#11637,#11638),.UNSPECIFIED.,.F.,.F.,(4,2,2,4),(-1.58942083103858,
-1.33553423577608,-1.07671875981195,-1.03261810194212),.UNSPECIFIED.);
#32=B_SPLINE_CURVE_WITH_KNOTS('',3,(#11641,#11642,#11643,#11644,#11645,
#11646,#11647,#11648),.UNSPECIFIED.,.F.,.F.,(4,2,2,4),(-0.566858128994616,
-0.530082526450997,-0.338908307635998,-0.273475247167867),.UNSPECIFIED.);
#33=B_SPLINE_CURVE_WITH_KNOTS('',3,(#11656,#11657,#11658,#11659,#11660,
#11661,#11662,#11663,#11664,#11665,#11666,#11667),.UNSPECIFIED.,.F.,.F.,
(4,2,2,2,2,4),(-0.622584021778351,-0.607941743051124,-0.588383746334944,
-0.563697347225818,-0.513887431980682,-0.318405228588058),.UNSPECIFIED.);
#34=B_SPLINE_CURVE_WITH_KNOTS('',3,(#11674,#11675,#11676,#11677,#11678,
#11679,#11680,#11681,#11682,#11683,#11684,#11685,#11686,#11687,#11688,#11689,
#11690,#11691,#11692,#11693,#11694,#11695,#11696,#11697,#11698,#11699,#11700,
#11701,#11702,#11703,#11704),.UNSPECIFIED.,.F.,.F.,(4,3,3,3,3,3,3,3,3,3,
4),(-0.969742963589656,-0.930582897424698,-0.89142283125974,-0.854930032716451,
-0.819491796523912,-0.809704748793062,-0.776672924452842,-0.772209742134331,
-0.748973122589767,-0.727388223194776,-0.710953977842357),.UNSPECIFIED.);
#35=B_SPLINE_CURVE_WITH_KNOTS('',3,(#11745,#11746,#11747,#11748),
 .UNSPECIFIED.,.F.,.F.,(4,4),(0.533726796228791,0.540951927943451),
 .UNSPECIFIED.);
#36=B_SPLINE_CURVE_WITH_KNOTS('',3,(#11762,#11763,#11764,#11765,#11766,
#11767,#11768,#11769,#11770,#11771),.UNSPECIFIED.,.F.,.F.,(4,2,2,2,4),(1.7565896513211,
2.067955813093,2.3793219748649,2.56037315544357,2.74142433602223),
 .UNSPECIFIED.);
#37=B_SPLINE_CURVE_WITH_KNOTS('',3,(#11786,#11787,#11788,#11789,#11790,
#11791),.UNSPECIFIED.,.F.,.F.,(4,2,4),(-0.505387582484965,0.,0.0031021710915479),
 .UNSPECIFIED.);
#38=B_SPLINE_CURVE_WITH_KNOTS('',3,(#11861,#11862,#11863,#11864,#11865,
#11866,#11867,#11868,#11869,#11870),.UNSPECIFIED.,.F.,.F.,(4,2,2,2,4),(0.574697744431556,
1.09475149931351,1.10780421894304,1.15590932799827,1.15839162912369),
 .UNSPECIFIED.);
#39=B_SPLINE_CURVE_WITH_KNOTS('',3,(#11874,#11875,#11876,#11877,#11878,
#11879,#11880,#11881,#11882,#11883,#11884,#11885,#11886,#11887,#11888,#11889,
#11890,#11891),.UNSPECIFIED.,.F.,.F.,(4,2,2,2,2,2,2,2,4),(0.291609598967019,
0.46879199161153,0.62985297373566,0.700436067505711,0.749296038452896,0.797250995696024,
0.863522486577375,0.993643600953547,0.99373142521973),.UNSPECIFIED.);
#40=B_SPLINE_CURVE_WITH_KNOTS('',3,(#11943,#11944,#11945,#11946,#11947,
#11948,#11949,#11950,#11951,#11952,#11953,#11954,#11955,#11956,#11957,#11958,
#11959,#11960),.UNSPECIFIED.,.F.,.F.,(4,2,2,2,2,2,2,2,4),(0.465780831465292,
0.494324031607497,0.670097685932335,0.777466315061398,0.871392225220649,
0.984321501541162,1.18186931901752,1.57939306423297,2.02136258083639),
 .UNSPECIFIED.);
#41=B_SPLINE_CURVE_WITH_KNOTS('',3,(#11967,#11968,#11969,#11970,#11971,
#11972),.UNSPECIFIED.,.F.,.F.,(4,2,4),(-0.00222229595186116,0.,0.53095420620345),
 .UNSPECIFIED.);
#42=CONICAL_SURFACE('',#7723,1.22925,1.02974425867665);
#43=CONICAL_SURFACE('',#7727,1.22925,1.02974425867665);
#44=CONICAL_SURFACE('',#7756,4.99999999999999,0.785398163397448);
#45=CONICAL_SURFACE('',#7757,5.,0.785398163397448);
#46=CONICAL_SURFACE('',#7758,5.,0.785398163397448);
#47=CONICAL_SURFACE('',#7759,4.99999999999999,0.785398163397448);
#48=CONICAL_SURFACE('',#7776,2.094,1.02974425867665);
#49=CONICAL_SURFACE('',#7780,2.094,1.02974425867665);
#50=CONICAL_SURFACE('',#7876,43.75,0.785398163397448);
#51=CONICAL_SURFACE('',#7880,41.,0.110657221173896);
#52=CONICAL_SURFACE('',#7884,39.,0.540419500270585);
#53=CONICAL_SURFACE('',#7886,35.5,0.0906598872007452);
#54=CONICAL_SURFACE('',#7902,30.25,0.1355277139855);
#55=ELLIPSE('',#7455,190.918830920368,135.);
#56=ELLIPSE('',#7458,190.918830920368,135.);
#57=ELLIPSE('',#7460,190.918830920368,135.);
#58=ELLIPSE('',#7462,190.918830920368,135.);
#59=ELLIPSE('',#7472,152.735064736294,108.);
#60=ELLIPSE('',#7474,152.735064736294,108.);
#61=ELLIPSE('',#7600,21.5621004488732,20.);
#62=ELLIPSE('',#7607,21.5621004488732,20.);
#63=ELLIPSE('',#7611,21.5621004488732,20.);
#64=ELLIPSE('',#7614,21.5621004488732,20.);
#65=ELLIPSE('',#7732,7.07106781186547,5.);
#66=ELLIPSE('',#7737,7.07106781186547,5.);
#67=ELLIPSE('',#7801,6.36784778524953,5.);
#68=ELLIPSE('',#7802,6.57727902028984,5.);
#69=ELLIPSE('',#7804,5.74847103525035,5.);
#70=ELLIPSE('',#7805,5.65926497905373,5.);
#71=ELLIPSE('',#7807,5.12924443578378,5.);
#72=ELLIPSE('',#7809,7.07106781186548,5.);
#73=ELLIPSE('',#7810,7.07106781186548,5.);
#74=ELLIPSE('',#7832,11.3528146516941,5.);
#75=ELLIPSE('',#7833,5.13376180664677,5.);
#76=ELLIPSE('',#7834,5.01909918771674,5.);
#77=ELLIPSE('',#7836,22.0472440763675,5.);
#78=ELLIPSE('',#7841,7.07106781186547,5.);
#79=ELLIPSE('',#7845,11.5747395744164,5.);
#80=ELLIPSE('',#7849,69.3181073024935,31.);
#81=ELLIPSE('',#7854,25.8819045102521,25.);
#82=ELLIPSE('',#7855,21.0920122576725,20.);
#83=ELLIPSE('',#7858,6.30236207005132,5.);
#84=ELLIPSE('',#7860,6.5270364466614,5.);
#85=ELLIPSE('',#7861,25.3856652971436,25.);
#86=ELLIPSE('',#7863,20.4800391254168,20.);
#87=FACE_BOUND('',#1026,.T.);
#88=FACE_BOUND('',#1085,.T.);
#89=FACE_BOUND('',#1086,.T.);
#90=FACE_BOUND('',#1184,.T.);
#91=FACE_BOUND('',#1187,.T.);
#92=FACE_BOUND('',#1205,.T.);
#93=FACE_BOUND('',#1206,.T.);
#94=FACE_BOUND('',#1207,.T.);
#95=FACE_BOUND('',#1208,.T.);
#96=FACE_BOUND('',#1223,.T.);
#97=FACE_BOUND('',#1224,.T.);
#98=FACE_BOUND('',#1225,.T.);
#99=FACE_BOUND('',#1226,.T.);
#100=FACE_BOUND('',#1234,.T.);
#101=FACE_BOUND('',#1258,.T.);
#102=FACE_BOUND('',#1261,.T.);
#103=FACE_BOUND('',#1263,.T.);
#104=FACE_BOUND('',#1288,.T.);
#105=FACE_BOUND('',#1289,.T.);
#106=FACE_BOUND('',#1290,.T.);
#107=FACE_BOUND('',#1291,.T.);
#108=FACE_BOUND('',#1299,.T.);
#109=FACE_BOUND('',#1300,.T.);
#110=FACE_BOUND('',#1301,.T.);
#111=FACE_BOUND('',#1350,.T.);
#112=FACE_BOUND('',#1353,.T.);
#113=FACE_BOUND('',#1356,.T.);
#114=FACE_BOUND('',#1359,.T.);
#115=FACE_BOUND('',#1362,.T.);
#116=FACE_BOUND('',#1365,.T.);
#117=FACE_BOUND('',#1368,.T.);
#118=ITEM_DEFINED_TRANSFORMATION($,$,#7317,#7369);
#119=ITEM_DEFINED_TRANSFORMATION($,$,#7354,#7370);
#120=ITEM_DEFINED_TRANSFORMATION($,$,#7354,#7371);
#121=ITEM_DEFINED_TRANSFORMATION($,$,#7354,#7372);
#122=ITEM_DEFINED_TRANSFORMATION($,$,#7354,#7373);
#123=ITEM_DEFINED_TRANSFORMATION($,$,#7360,#7374);
#124=ITEM_DEFINED_TRANSFORMATION($,$,#7597,#7648);
#125=ITEM_DEFINED_TRANSFORMATION($,$,#7618,#7649);
#126=ITEM_DEFINED_TRANSFORMATION($,$,#7639,#7650);
#127=ITEM_DEFINED_TRANSFORMATION($,$,#7633,#7651);
#128=ITEM_DEFINED_TRANSFORMATION($,$,#7633,#7652);
#129=ITEM_DEFINED_TRANSFORMATION($,$,#7633,#7653);
#130=ITEM_DEFINED_TRANSFORMATION($,$,#7633,#7654);
#131=ITEM_DEFINED_TRANSFORMATION($,$,#7639,#7655);
#132=ITEM_DEFINED_TRANSFORMATION($,$,#7722,#7917);
#133=ITEM_DEFINED_TRANSFORMATION($,$,#7799,#7918);
#134=ITEM_DEFINED_TRANSFORMATION($,$,#7871,#7919);
#135=ITEM_DEFINED_TRANSFORMATION($,$,#7316,#7920);
#136=ITEM_DEFINED_TRANSFORMATION($,$,#7375,#7921);
#137=ITEM_DEFINED_TRANSFORMATION($,$,#7442,#7922);
#138=ITEM_DEFINED_TRANSFORMATION($,$,#7470,#7923);
#139=ITEM_DEFINED_TRANSFORMATION($,$,#7484,#7924);
#140=ITEM_DEFINED_TRANSFORMATION($,$,#7515,#7925);
#141=ITEM_DEFINED_TRANSFORMATION($,$,#7542,#7926);
#142=ITEM_DEFINED_TRANSFORMATION($,$,#7569,#7927);
#143=ITEM_DEFINED_TRANSFORMATION($,$,#7596,#7928);
#144=ITEM_DEFINED_TRANSFORMATION($,$,#7656,#7929);
#145=ITEM_DEFINED_TRANSFORMATION($,$,#7693,#7930);
#146=ITEM_DEFINED_TRANSFORMATION($,$,#7721,#7931);
#147=(
REPRESENTATION_RELATIONSHIP($,$,#12212,#12211)
REPRESENTATION_RELATIONSHIP_WITH_TRANSFORMATION(#118)
SHAPE_REPRESENTATION_RELATIONSHIP()
);
#148=(
REPRESENTATION_RELATIONSHIP($,$,#12213,#12211)
REPRESENTATION_RELATIONSHIP_WITH_TRANSFORMATION(#119)
SHAPE_REPRESENTATION_RELATIONSHIP()
);
#149=(
REPRESENTATION_RELATIONSHIP($,$,#12213,#12211)
REPRESENTATION_RELATIONSHIP_WITH_TRANSFORMATION(#120)
SHAPE_REPRESENTATION_RELATIONSHIP()
);
#150=(
REPRESENTATION_RELATIONSHIP($,$,#12213,#12211)
REPRESENTATION_RELATIONSHIP_WITH_TRANSFORMATION(#121)
SHAPE_REPRESENTATION_RELATIONSHIP()
);
#151=(
REPRESENTATION_RELATIONSHIP($,$,#12213,#12211)
REPRESENTATION_RELATIONSHIP_WITH_TRANSFORMATION(#122)
SHAPE_REPRESENTATION_RELATIONSHIP()
);
#152=(
REPRESENTATION_RELATIONSHIP($,$,#12214,#12211)
REPRESENTATION_RELATIONSHIP_WITH_TRANSFORMATION(#123)
SHAPE_REPRESENTATION_RELATIONSHIP()
);
#153=(
REPRESENTATION_RELATIONSHIP($,$,#12223,#12222)
REPRESENTATION_RELATIONSHIP_WITH_TRANSFORMATION(#124)
SHAPE_REPRESENTATION_RELATIONSHIP()
);
#154=(
REPRESENTATION_RELATIONSHIP($,$,#12224,#12222)
REPRESENTATION_RELATIONSHIP_WITH_TRANSFORMATION(#125)
SHAPE_REPRESENTATION_RELATIONSHIP()
);
#155=(
REPRESENTATION_RELATIONSHIP($,$,#12226,#12222)
REPRESENTATION_RELATIONSHIP_WITH_TRANSFORMATION(#126)
SHAPE_REPRESENTATION_RELATIONSHIP()
);
#156=(
REPRESENTATION_RELATIONSHIP($,$,#12225,#12222)
REPRESENTATION_RELATIONSHIP_WITH_TRANSFORMATION(#127)
SHAPE_REPRESENTATION_RELATIONSHIP()
);
#157=(
REPRESENTATION_RELATIONSHIP($,$,#12225,#12222)
REPRESENTATION_RELATIONSHIP_WITH_TRANSFORMATION(#128)
SHAPE_REPRESENTATION_RELATIONSHIP()
);
#158=(
REPRESENTATION_RELATIONSHIP($,$,#12225,#12222)
REPRESENTATION_RELATIONSHIP_WITH_TRANSFORMATION(#129)
SHAPE_REPRESENTATION_RELATIONSHIP()
);
#159=(
REPRESENTATION_RELATIONSHIP($,$,#12225,#12222)
REPRESENTATION_RELATIONSHIP_WITH_TRANSFORMATION(#130)
SHAPE_REPRESENTATION_RELATIONSHIP()
);
#160=(
REPRESENTATION_RELATIONSHIP($,$,#12226,#12222)
REPRESENTATION_RELATIONSHIP_WITH_TRANSFORMATION(#131)
SHAPE_REPRESENTATION_RELATIONSHIP()
);
#161=(
REPRESENTATION_RELATIONSHIP($,$,#12230,#12229)
REPRESENTATION_RELATIONSHIP_WITH_TRANSFORMATION(#132)
SHAPE_REPRESENTATION_RELATIONSHIP()
);
#162=(
REPRESENTATION_RELATIONSHIP($,$,#12231,#12229)
REPRESENTATION_RELATIONSHIP_WITH_TRANSFORMATION(#133)
SHAPE_REPRESENTATION_RELATIONSHIP()
);
#163=(
REPRESENTATION_RELATIONSHIP($,$,#12232,#12229)
REPRESENTATION_RELATIONSHIP_WITH_TRANSFORMATION(#134)
SHAPE_REPRESENTATION_RELATIONSHIP()
);
#164=(
REPRESENTATION_RELATIONSHIP($,$,#12211,#12210)
REPRESENTATION_RELATIONSHIP_WITH_TRANSFORMATION(#135)
SHAPE_REPRESENTATION_RELATIONSHIP()
);
#165=(
REPRESENTATION_RELATIONSHIP($,$,#12215,#12210)
REPRESENTATION_RELATIONSHIP_WITH_TRANSFORMATION(#136)
SHAPE_REPRESENTATION_RELATIONSHIP()
);
#166=(
REPRESENTATION_RELATIONSHIP($,$,#12216,#12210)
REPRESENTATION_RELATIONSHIP_WITH_TRANSFORMATION(#137)
SHAPE_REPRESENTATION_RELATIONSHIP()
);
#167=(
REPRESENTATION_RELATIONSHIP($,$,#12217,#12210)
REPRESENTATION_RELATIONSHIP_WITH_TRANSFORMATION(#138)
SHAPE_REPRESENTATION_RELATIONSHIP()
);
#168=(
REPRESENTATION_RELATIONSHIP($,$,#12218,#12210)
REPRESENTATION_RELATIONSHIP_WITH_TRANSFORMATION(#139)
SHAPE_REPRESENTATION_RELATIONSHIP()
);
#169=(
REPRESENTATION_RELATIONSHIP($,$,#12219,#12210)
REPRESENTATION_RELATIONSHIP_WITH_TRANSFORMATION(#140)
SHAPE_REPRESENTATION_RELATIONSHIP()
);
#170=(
REPRESENTATION_RELATIONSHIP($,$,#12220,#12210)
REPRESENTATION_RELATIONSHIP_WITH_TRANSFORMATION(#141)
SHAPE_REPRESENTATION_RELATIONSHIP()
);
#171=(
REPRESENTATION_RELATIONSHIP($,$,#12221,#12210)
REPRESENTATION_RELATIONSHIP_WITH_TRANSFORMATION(#142)
SHAPE_REPRESENTATION_RELATIONSHIP()
);
#172=(
REPRESENTATION_RELATIONSHIP($,$,#12222,#12210)
REPRESENTATION_RELATIONSHIP_WITH_TRANSFORMATION(#143)
SHAPE_REPRESENTATION_RELATIONSHIP()
);
#173=(
REPRESENTATION_RELATIONSHIP($,$,#12227,#12210)
REPRESENTATION_RELATIONSHIP_WITH_TRANSFORMATION(#144)
SHAPE_REPRESENTATION_RELATIONSHIP()
);
#174=(
REPRESENTATION_RELATIONSHIP($,$,#12228,#12210)
REPRESENTATION_RELATIONSHIP_WITH_TRANSFORMATION(#145)
SHAPE_REPRESENTATION_RELATIONSHIP()
);
#175=(
REPRESENTATION_RELATIONSHIP($,$,#12229,#12210)
REPRESENTATION_RELATIONSHIP_WITH_TRANSFORMATION(#146)
SHAPE_REPRESENTATION_RELATIONSHIP()
);
#176=CONTEXT_DEPENDENT_SHAPE_REPRESENTATION(#147,#12163);
#177=CONTEXT_DEPENDENT_SHAPE_REPRESENTATION(#148,#12164);
#178=CONTEXT_DEPENDENT_SHAPE_REPRESENTATION(#149,#12165);
#179=CONTEXT_DEPENDENT_SHAPE_REPRESENTATION(#150,#12166);
#180=CONTEXT_DEPENDENT_SHAPE_REPRESENTATION(#151,#12167);
#181=CONTEXT_DEPENDENT_SHAPE_REPRESENTATION(#152,#12168);
#182=CONTEXT_DEPENDENT_SHAPE_REPRESENTATION(#153,#12181);
#183=CONTEXT_DEPENDENT_SHAPE_REPRESENTATION(#154,#12182);
#184=CONTEXT_DEPENDENT_SHAPE_REPRESENTATION(#155,#12183);
#185=CONTEXT_DEPENDENT_SHAPE_REPRESENTATION(#156,#12184);
#186=CONTEXT_DEPENDENT_SHAPE_REPRESENTATION(#157,#12185);
#187=CONTEXT_DEPENDENT_SHAPE_REPRESENTATION(#158,#12186);
#188=CONTEXT_DEPENDENT_SHAPE_REPRESENTATION(#159,#12187);
#189=CONTEXT_DEPENDENT_SHAPE_REPRESENTATION(#160,#12188);
#190=CONTEXT_DEPENDENT_SHAPE_REPRESENTATION(#161,#12195);
#191=CONTEXT_DEPENDENT_SHAPE_REPRESENTATION(#162,#12196);
#192=CONTEXT_DEPENDENT_SHAPE_REPRESENTATION(#163,#12197);
#193=CONTEXT_DEPENDENT_SHAPE_REPRESENTATION(#164,#12198);
#194=CONTEXT_DEPENDENT_SHAPE_REPRESENTATION(#165,#12199);
#195=CONTEXT_DEPENDENT_SHAPE_REPRESENTATION(#166,#12200);
#196=CONTEXT_DEPENDENT_SHAPE_REPRESENTATION(#167,#12201);
#197=CONTEXT_DEPENDENT_SHAPE_REPRESENTATION(#168,#12202);
#198=CONTEXT_DEPENDENT_SHAPE_REPRESENTATION(#169,#12203);
#199=CONTEXT_DEPENDENT_SHAPE_REPRESENTATION(#170,#12204);
#200=CONTEXT_DEPENDENT_SHAPE_REPRESENTATION(#171,#12205);
#201=CONTEXT_DEPENDENT_SHAPE_REPRESENTATION(#172,#12206);
#202=CONTEXT_DEPENDENT_SHAPE_REPRESENTATION(#173,#12207);
#203=CONTEXT_DEPENDENT_SHAPE_REPRESENTATION(#174,#12208);
#204=CONTEXT_DEPENDENT_SHAPE_REPRESENTATION(#175,#12209);
#205=NEXT_ASSEMBLY_USAGE_OCCURRENCE('Base:1','Base:1','Base:1',#12235,#12236,
'Base:1');
#206=NEXT_ASSEMBLY_USAGE_OCCURRENCE('Wheel:1','Wheel:1','Wheel:1',#12235,
#12237,'Wheel:1');
#207=NEXT_ASSEMBLY_USAGE_OCCURRENCE('Wheel:2','Wheel:2','Wheel:2',#12235,
#12237,'Wheel:2');
#208=NEXT_ASSEMBLY_USAGE_OCCURRENCE('Wheel:3','Wheel:3','Wheel:3',#12235,
#12237,'Wheel:3');
#209=NEXT_ASSEMBLY_USAGE_OCCURRENCE('Wheel:4','Wheel:4','Wheel:4',#12235,
#12237,'Wheel:4');
#210=NEXT_ASSEMBLY_USAGE_OCCURRENCE('Base electronic:1',
'Base electronic:1','Base electronic:1',#12235,#12238,
'Base electronic:1');
#211=NEXT_ASSEMBLY_USAGE_OCCURRENCE('Head PAN:1','Head PAN:1',
'Head PAN:1',#12246,#12247,'Head PAN:1');
#212=NEXT_ASSEMBLY_USAGE_OCCURRENCE('Head ROLL:1','Head ROLL:1',
'Head ROLL:1',#12246,#12248,'Head ROLL:1');
#213=NEXT_ASSEMBLY_USAGE_OCCURRENCE('Head TILT:1','Head TILT:1',
'Head TILT:1',#12246,#12250,'Head TILT:1');
#214=NEXT_ASSEMBLY_USAGE_OCCURRENCE('Head tube:1','Head tube:1',
'Head tube:1',#12246,#12249,'Head tube:1');
#215=NEXT_ASSEMBLY_USAGE_OCCURRENCE('Head tube:2','Head tube:2',
'Head tube:2',#12246,#12249,'Head tube:2');
#216=NEXT_ASSEMBLY_USAGE_OCCURRENCE('Head tube:3','Head tube:3',
'Head tube:3',#12246,#12249,'Head tube:3');
#217=NEXT_ASSEMBLY_USAGE_OCCURRENCE('Head tube:4','Head tube:4',
'Head tube:4',#12246,#12249,'Head tube:4');
#218=NEXT_ASSEMBLY_USAGE_OCCURRENCE('Head TILT:2','Head TILT:2',
'Head TILT:2',#12246,#12250,'Head TILT:2');
#219=NEXT_ASSEMBLY_USAGE_OCCURRENCE('Hitachi DK_Z50:1',
'Hitachi DK_Z50:1','Hitachi DK_Z50:1',#12253,#12254,'Hitachi DK_Z50:1');
#220=NEXT_ASSEMBLY_USAGE_OCCURRENCE('Canon ovl\X\E1d\X\E1n\X\ED lens:1',
'Canon ovl\X\E1d\X\E1n\X\ED lens:1','Canon ovl\X\E1d\X\E1n\X\ED lens:1',
#12253,#12255,'Canon ovl\X\E1d\X\E1n\X\ED lens:1');
#221=NEXT_ASSEMBLY_USAGE_OCCURRENCE('Objektiv CANON HJ14ex4.3:1',
'Objektiv CANON HJ14ex4.3:1','Objektiv CANON HJ14ex4.3:1',#12253,#12256,
'Objektiv CANON HJ14ex4.3:1');
#222=NEXT_ASSEMBLY_USAGE_OCCURRENCE('Base+wheels:1','Base+wheels:1',
'Base+wheels:1',#12234,#12235,'Base+wheels:1');
#223=NEXT_ASSEMBLY_USAGE_OCCURRENCE('Column 1:1','Column 1:1',
'Column 1:1',#12234,#12239,'Column 1:1');
#224=NEXT_ASSEMBLY_USAGE_OCCURRENCE('Column 2:1','Column 2:1',
'Column 2:1',#12234,#12240,'Column 2:1');
#225=NEXT_ASSEMBLY_USAGE_OCCURRENCE('Column 3:1','Column 3:1',
'Column 3:1',#12234,#12241,'Column 3:1');
#226=NEXT_ASSEMBLY_USAGE_OCCURRENCE('1st beam:1','1st beam:1',
'1st beam:1',#12234,#12242,'1st beam:1');
#227=NEXT_ASSEMBLY_USAGE_OCCURRENCE('2nd beam:1','2nd beam:1',
'2nd beam:1',#12234,#12243,'2nd beam:1');
#228=NEXT_ASSEMBLY_USAGE_OCCURRENCE('3rd beam:1','3rd beam:1',
'3rd beam:1',#12234,#12244,'3rd beam:1');
#229=NEXT_ASSEMBLY_USAGE_OCCURRENCE('4th beam:1','4th beam:1',
'4th beam:1',#12234,#12245,'4th beam:1');
#230=NEXT_ASSEMBLY_USAGE_OCCURRENCE('Head:1','Head:1','Head:1',#12234,#12246,
'Head:1');
#231=NEXT_ASSEMBLY_USAGE_OCCURRENCE('Autohorizon:1','Autohorizon:1',
'Autohorizon:1',#12234,#12251,'Autohorizon:1');
#232=NEXT_ASSEMBLY_USAGE_OCCURRENCE('Fork:1','Fork:1','Fork:1',#12234,#12252,
'Fork:1');
#233=NEXT_ASSEMBLY_USAGE_OCCURRENCE('Kamera:1','Kamera:1','Kamera:1',#12234,
#12253,'Kamera:1');
#234=CYLINDRICAL_SURFACE('',#7357,219.);
#235=CYLINDRICAL_SURFACE('',#7434,163.);
#236=CYLINDRICAL_SURFACE('',#7466,135.);
#237=CYLINDRICAL_SURFACE('',#7478,108.);
#238=CYLINDRICAL_SURFACE('',#7489,227.610081843712);
#239=CYLINDRICAL_SURFACE('',#7493,247.610081843712);
#240=CYLINDRICAL_SURFACE('',#7502,204.183184453627);
#241=CYLINDRICAL_SURFACE('',#7505,224.183184453627);
#242=CYLINDRICAL_SURFACE('',#7598,20.);
#243=CYLINDRICAL_SURFACE('',#7606,20.);
#244=CYLINDRICAL_SURFACE('',#7610,20.);
#245=CYLINDRICAL_SURFACE('',#7613,20.);
#246=CYLINDRICAL_SURFACE('',#7619,147.5);
#247=CYLINDRICAL_SURFACE('',#7624,167.);
#248=CYLINDRICAL_SURFACE('',#7634,20.);
#249=CYLINDRICAL_SURFACE('',#7645,75.);
#250=CYLINDRICAL_SURFACE('',#7657,20.);
#251=CYLINDRICAL_SURFACE('',#7669,20.);
#252=CYLINDRICAL_SURFACE('',#7671,20.);
#253=CYLINDRICAL_SURFACE('',#7674,20.);
#254=CYLINDRICAL_SURFACE('',#7679,10.);
#255=CYLINDRICAL_SURFACE('',#7681,10.);
#256=CYLINDRICAL_SURFACE('',#7683,10.);
#257=CYLINDRICAL_SURFACE('',#7685,10.);
#258=CYLINDRICAL_SURFACE('',#7690,165.);
#259=CYLINDRICAL_SURFACE('',#7702,97.);
#260=CYLINDRICAL_SURFACE('',#7706,50.);
#261=CYLINDRICAL_SURFACE('',#7711,100.);
#262=CYLINDRICAL_SURFACE('',#7717,100.);
#263=CYLINDRICAL_SURFACE('',#7725,2.4585);
#264=CYLINDRICAL_SURFACE('',#7729,2.4585);
#265=CYLINDRICAL_SURFACE('',#7731,5.);
#266=CYLINDRICAL_SURFACE('',#7736,5.);
#267=CYLINDRICAL_SURFACE('',#7761,4.8);
#268=CYLINDRICAL_SURFACE('',#7765,4.8);
#269=CYLINDRICAL_SURFACE('',#7769,4.8);
#270=CYLINDRICAL_SURFACE('',#7773,32.5);
#271=CYLINDRICAL_SURFACE('',#7778,4.188);
#272=CYLINDRICAL_SURFACE('',#7782,4.188);
#273=CYLINDRICAL_SURFACE('',#7784,5.);
#274=CYLINDRICAL_SURFACE('',#7791,5.);
#275=CYLINDRICAL_SURFACE('',#7793,5.);
#276=CYLINDRICAL_SURFACE('',#7794,5.);
#277=CYLINDRICAL_SURFACE('',#7800,5.);
#278=CYLINDRICAL_SURFACE('',#7806,5.);
#279=CYLINDRICAL_SURFACE('',#7808,5.);
#280=CYLINDRICAL_SURFACE('',#7811,5.);
#281=CYLINDRICAL_SURFACE('',#7814,5.);
#282=CYLINDRICAL_SURFACE('',#7826,5.);
#283=CYLINDRICAL_SURFACE('',#7831,5.);
#284=CYLINDRICAL_SURFACE('',#7835,5.);
#285=CYLINDRICAL_SURFACE('',#7837,5.);
#286=CYLINDRICAL_SURFACE('',#7838,5.);
#287=CYLINDRICAL_SURFACE('',#7839,5.);
#288=CYLINDRICAL_SURFACE('',#7840,5.);
#289=CYLINDRICAL_SURFACE('',#7842,5.);
#290=CYLINDRICAL_SURFACE('',#7843,5.);
#291=CYLINDRICAL_SURFACE('',#7844,5.);
#292=CYLINDRICAL_SURFACE('',#7847,31.);
#293=CYLINDRICAL_SURFACE('',#7857,5.);
#294=CYLINDRICAL_SURFACE('',#7859,5.);
#295=CYLINDRICAL_SURFACE('',#7864,5.);
#296=CYLINDRICAL_SURFACE('',#7868,20.);
#297=CYLINDRICAL_SURFACE('',#7874,47.5);
#298=CYLINDRICAL_SURFACE('',#7878,40.);
#299=CYLINDRICAL_SURFACE('',#7882,42.);
#300=CYLINDRICAL_SURFACE('',#7890,34.);
#301=CYLINDRICAL_SURFACE('',#7894,31.);
#302=CYLINDRICAL_SURFACE('',#7898,34.);
#303=CYLINDRICAL_SURFACE('',#7906,24.);
#304=CYLINDRICAL_SURFACE('',#7910,28.5);
#305=CYLINDRICAL_SURFACE('',#7914,25.);
#306=CIRCLE('',#7356,219.);
#307=CIRCLE('',#7358,219.);
#308=CIRCLE('',#7416,163.);
#309=CIRCLE('',#7417,163.);
#310=CIRCLE('',#7418,163.);
#311=CIRCLE('',#7419,163.);
#312=CIRCLE('',#7420,163.);
#313=CIRCLE('',#7435,163.);
#314=CIRCLE('',#7446,135.);
#315=CIRCLE('',#7447,135.);
#316=CIRCLE('',#7448,135.);
#317=CIRCLE('',#7450,135.);
#318=CIRCLE('',#7452,135.);
#319=CIRCLE('',#7453,135.);
#320=CIRCLE('',#7464,135.);
#321=CIRCLE('',#7467,135.);
#322=CIRCLE('',#7468,135.);
#323=CIRCLE('',#7476,108.);
#324=CIRCLE('',#7479,108.);
#325=CIRCLE('',#7480,108.);
#326=CIRCLE('',#7481,108.);
#327=CIRCLE('',#7490,227.610081843712);
#328=CIRCLE('',#7491,227.610081843712);
#329=CIRCLE('',#7494,247.610081843712);
#330=CIRCLE('',#7495,247.610081843712);
#331=CIRCLE('',#7503,204.183184453627);
#332=CIRCLE('',#7504,204.183184453627);
#333=CIRCLE('',#7506,224.183184453627);
#334=CIRCLE('',#7507,224.183184453627);
#335=CIRCLE('',#7599,20.);
#336=CIRCLE('',#7603,20.);
#337=CIRCLE('',#7604,20.);
#338=CIRCLE('',#7605,20.);
#339=CIRCLE('',#7620,147.5);
#340=CIRCLE('',#7621,147.5);
#341=CIRCLE('',#7623,167.);
#342=CIRCLE('',#7625,167.);
#343=CIRCLE('',#7635,20.);
#344=CIRCLE('',#7636,20.);
#345=CIRCLE('',#7641,75.);
#346=CIRCLE('',#7646,75.);
#347=CIRCLE('',#7658,20.);
#348=CIRCLE('',#7659,20.);
#349=CIRCLE('',#7661,20.);
#350=CIRCLE('',#7662,20.);
#351=CIRCLE('',#7663,20.);
#352=CIRCLE('',#7664,10.);
#353=CIRCLE('',#7665,10.);
#354=CIRCLE('',#7666,10.);
#355=CIRCLE('',#7667,10.);
#356=CIRCLE('',#7670,20.);
#357=CIRCLE('',#7672,20.);
#358=CIRCLE('',#7675,20.);
#359=CIRCLE('',#7680,10.);
#360=CIRCLE('',#7682,10.);
#361=CIRCLE('',#7684,10.);
#362=CIRCLE('',#7686,10.);
#363=CIRCLE('',#7688,165.);
#364=CIRCLE('',#7691,165.);
#365=CIRCLE('',#7699,100.);
#366=CIRCLE('',#7700,97.);
#367=CIRCLE('',#7701,50.);
#368=CIRCLE('',#7703,97.);
#369=CIRCLE('',#7707,50.);
#370=CIRCLE('',#7710,100.);
#371=CIRCLE('',#7712,100.);
#372=CIRCLE('',#7716,100.);
#373=CIRCLE('',#7724,2.4585);
#374=CIRCLE('',#7726,2.4585);
#375=CIRCLE('',#7728,2.4585);
#376=CIRCLE('',#7730,2.4585);
#377=CIRCLE('',#7733,5.);
#378=CIRCLE('',#7738,5.);
#379=CIRCLE('',#7740,5.);
#380=CIRCLE('',#7741,5.);
#381=CIRCLE('',#7742,5.);
#382=CIRCLE('',#7743,5.);
#383=CIRCLE('',#7746,32.5);
#384=CIRCLE('',#7748,5.);
#385=CIRCLE('',#7749,5.);
#386=CIRCLE('',#7750,5.);
#387=CIRCLE('',#7751,5.);
#388=CIRCLE('',#7762,4.8);
#389=CIRCLE('',#7763,4.8);
#390=CIRCLE('',#7766,4.8);
#391=CIRCLE('',#7767,4.8);
#392=CIRCLE('',#7770,4.8);
#393=CIRCLE('',#7771,4.8);
#394=CIRCLE('',#7774,32.5);
#395=CIRCLE('',#7777,4.188);
#396=CIRCLE('',#7779,4.188);
#397=CIRCLE('',#7781,4.188);
#398=CIRCLE('',#7783,4.188);
#399=CIRCLE('',#7785,5.);
#400=CIRCLE('',#7788,5.);
#401=CIRCLE('',#7789,5.);
#402=CIRCLE('',#7790,5.);
#403=CIRCLE('',#7812,5.);
#404=CIRCLE('',#7815,5.);
#405=CIRCLE('',#7817,5.);
#406=CIRCLE('',#7818,5.);
#407=CIRCLE('',#7819,4.99999999999999);
#408=CIRCLE('',#7821,5.);
#409=CIRCLE('',#7822,5.);
#410=CIRCLE('',#7824,5.);
#411=CIRCLE('',#7825,5.);
#412=CIRCLE('',#7828,5.);
#413=CIRCLE('',#7829,5.);
#414=CIRCLE('',#7830,5.);
#415=CIRCLE('',#7848,31.);
#416=CIRCLE('',#7856,5.00000000000001);
#417=CIRCLE('',#7862,5.);
#418=CIRCLE('',#7873,47.5);
#419=CIRCLE('',#7875,47.5);
#420=CIRCLE('',#7877,40.);
#421=CIRCLE('',#7879,40.);
#422=CIRCLE('',#7881,42.);
#423=CIRCLE('',#7883,42.);
#424=CIRCLE('',#7885,36.);
#425=CIRCLE('',#7887,35.);
#426=CIRCLE('',#7889,34.);
#427=CIRCLE('',#7891,34.);
#428=CIRCLE('',#7893,31.);
#429=CIRCLE('',#7895,31.);
#430=CIRCLE('',#7897,34.);
#431=CIRCLE('',#7899,34.);
#432=CIRCLE('',#7901,31.);
#433=CIRCLE('',#7903,29.5);
#434=CIRCLE('',#7905,24.);
#435=CIRCLE('',#7907,24.);
#436=CIRCLE('',#7909,28.5);
#437=CIRCLE('',#7911,28.5);
#438=CIRCLE('',#7913,25.);
#439=CIRCLE('',#7915,25.);
#440=SHAPE_REPRESENTATION_RELATIONSHIP('SRR','None',#12212,#459);
#441=SHAPE_REPRESENTATION_RELATIONSHIP('SRR','None',#12213,#460);
#442=SHAPE_REPRESENTATION_RELATIONSHIP('SRR','None',#12214,#461);
#443=SHAPE_REPRESENTATION_RELATIONSHIP('SRR','None',#12215,#462);
#444=SHAPE_REPRESENTATION_RELATIONSHIP('SRR','None',#12216,#463);
#445=SHAPE_REPRESENTATION_RELATIONSHIP('SRR','None',#12217,#464);
#446=SHAPE_REPRESENTATION_RELATIONSHIP('SRR','None',#12218,#465);
#447=SHAPE_REPRESENTATION_RELATIONSHIP('SRR','None',#12219,#466);
#448=SHAPE_REPRESENTATION_RELATIONSHIP('SRR','None',#12220,#467);
#449=SHAPE_REPRESENTATION_RELATIONSHIP('SRR','None',#12221,#468);
#450=SHAPE_REPRESENTATION_RELATIONSHIP('SRR','None',#12223,#469);
#451=SHAPE_REPRESENTATION_RELATIONSHIP('SRR','None',#12224,#470);
#452=SHAPE_REPRESENTATION_RELATIONSHIP('SRR','None',#12225,#471);
#453=SHAPE_REPRESENTATION_RELATIONSHIP('SRR','None',#12226,#472);
#454=SHAPE_REPRESENTATION_RELATIONSHIP('SRR','None',#12227,#473);
#455=SHAPE_REPRESENTATION_RELATIONSHIP('SRR','None',#12228,#474);
#456=SHAPE_REPRESENTATION_RELATIONSHIP('SRR','None',#12230,#475);
#457=SHAPE_REPRESENTATION_RELATIONSHIP('SRR','None',#12231,#476);
#458=SHAPE_REPRESENTATION_RELATIONSHIP('SRR','None',#12232,#477);
#459=ADVANCED_BREP_SHAPE_REPRESENTATION('',(#518),#12109);
#460=ADVANCED_BREP_SHAPE_REPRESENTATION('',(#519),#12110);
#461=ADVANCED_BREP_SHAPE_REPRESENTATION('',(#520),#12111);
#462=ADVANCED_BREP_SHAPE_REPRESENTATION('',(#521),#12112);
#463=ADVANCED_BREP_SHAPE_REPRESENTATION('',(#522),#12113);
#464=ADVANCED_BREP_SHAPE_REPRESENTATION('',(#523),#12114);
#465=ADVANCED_BREP_SHAPE_REPRESENTATION('',(#524),#12115);
#466=ADVANCED_BREP_SHAPE_REPRESENTATION('',(#525),#12116);
#467=ADVANCED_BREP_SHAPE_REPRESENTATION('',(#526),#12117);
#468=ADVANCED_BREP_SHAPE_REPRESENTATION('',(#527),#12118);
#469=ADVANCED_BREP_SHAPE_REPRESENTATION('',(#528),#12120);
#470=ADVANCED_BREP_SHAPE_REPRESENTATION('',(#529,#530),#12121);
#471=ADVANCED_BREP_SHAPE_REPRESENTATION('',(#531),#12122);
#472=ADVANCED_BREP_SHAPE_REPRESENTATION('',(#532),#12123);
#473=ADVANCED_BREP_SHAPE_REPRESENTATION('',(#533),#12124);
#474=ADVANCED_BREP_SHAPE_REPRESENTATION('',(#534),#12125);
#475=ADVANCED_BREP_SHAPE_REPRESENTATION('',(#535),#12127);
#476=ADVANCED_BREP_SHAPE_REPRESENTATION('',(#536),#12128);
#477=ADVANCED_BREP_SHAPE_REPRESENTATION('',(#537),#12129);
#478=STYLED_ITEM('',(#12330),#518);
#479=STYLED_ITEM('',(#12330),#519);
#480=STYLED_ITEM('',(#12330),#520);
#481=STYLED_ITEM('',(#12331),#521);
#482=STYLED_ITEM('',(#12333),#6659);
#483=STYLED_ITEM('',(#12333),#6664);
#484=STYLED_ITEM('',(#12332),#522);
#485=STYLED_ITEM('',(#12333),#6670);
#486=STYLED_ITEM('',(#12330),#523);
#487=STYLED_ITEM('',(#12333),#6681);
#488=STYLED_ITEM('',(#12333),#6689);
#489=STYLED_ITEM('',(#12334),#524);
#490=STYLED_ITEM('',(#12333),#6699);
#491=STYLED_ITEM('',(#12333),#6703);
#492=STYLED_ITEM('',(#12333),#6710);
#493=STYLED_ITEM('',(#12333),#6714);
#494=STYLED_ITEM('',(#12330),#525);
#495=STYLED_ITEM('',(#12333),#6725);
#496=STYLED_ITEM('',(#12333),#6729);
#497=STYLED_ITEM('',(#12333),#6736);
#498=STYLED_ITEM('',(#12333),#6740);
#499=STYLED_ITEM('',(#12331),#526);
#500=STYLED_ITEM('',(#12333),#6751);
#501=STYLED_ITEM('',(#12333),#6755);
#502=STYLED_ITEM('',(#12333),#6762);
#503=STYLED_ITEM('',(#12333),#6766);
#504=STYLED_ITEM('',(#12332),#527);
#505=STYLED_ITEM('',(#12334),#528);
#506=STYLED_ITEM('',(#12334),#529);
#507=STYLED_ITEM('',(#12334),#530);
#508=STYLED_ITEM('',(#12334),#531);
#509=STYLED_ITEM('',(#12334),#532);
#510=STYLED_ITEM('',(#12334),#533);
#511=STYLED_ITEM('',(#12333),#6826);
#512=STYLED_ITEM('',(#12335),#6832);
#513=STYLED_ITEM('',(#12332),#534);
#514=STYLED_ITEM('',(#12336),#535);
#515=STYLED_ITEM('',(#12337),#536);
#516=STYLED_ITEM('',(#12338),#537);
#517=STYLED_ITEM('',(#12339),#23);
#518=MANIFOLD_SOLID_BREP('T\X2\011B\X0\leso1',#6947);
#519=MANIFOLD_SOLID_BREP('T\X2\011B\X0\leso1',#6948);
#520=MANIFOLD_SOLID_BREP('T\X2\011B\X0\leso1',#6949);
#521=MANIFOLD_SOLID_BREP('T\X2\011B\X0\leso1',#6950);
#522=MANIFOLD_SOLID_BREP('T\X2\011B\X0\leso1',#6951);
#523=MANIFOLD_SOLID_BREP('T\X2\011B\X0\leso1',#6952);
#524=MANIFOLD_SOLID_BREP('T\X2\011B\X0\leso1',#6953);
#525=MANIFOLD_SOLID_BREP('T\X2\011B\X0\leso1',#6954);
#526=MANIFOLD_SOLID_BREP('T\X2\011B\X0\leso1',#6955);
#527=MANIFOLD_SOLID_BREP('T\X2\011B\X0\leso1',#6956);
#528=MANIFOLD_SOLID_BREP('T\X2\011B\X0\leso1',#6957);
#529=MANIFOLD_SOLID_BREP('T\X2\011B\X0\leso1',#6958);
#530=MANIFOLD_SOLID_BREP('T\X2\011B\X0\leso1',#6959);
#531=MANIFOLD_SOLID_BREP('T\X2\011B\X0\leso1',#6960);
#532=MANIFOLD_SOLID_BREP('T\X2\011B\X0\leso1',#6961);
#533=MANIFOLD_SOLID_BREP('T\X2\011B\X0\leso1',#6962);
#534=MANIFOLD_SOLID_BREP('T\X2\011B\X0\leso1',#6963);
#535=MANIFOLD_SOLID_BREP('T\X2\011B\X0\leso1',#6964);
#536=MANIFOLD_SOLID_BREP('T\X2\011B\X0\leso1',#6965);
#537=MANIFOLD_SOLID_BREP('T\X2\011B\X0\leso1',#6966);
#538=FACE_OUTER_BOUND('',#939,.T.);
#539=FACE_OUTER_BOUND('',#940,.T.);
#540=FACE_OUTER_BOUND('',#941,.T.);
#541=FACE_OUTER_BOUND('',#942,.T.);
#542=FACE_OUTER_BOUND('',#943,.T.);
#543=FACE_OUTER_BOUND('',#944,.T.);
#544=FACE_OUTER_BOUND('',#945,.T.);
#545=FACE_OUTER_BOUND('',#946,.T.);
#546=FACE_OUTER_BOUND('',#947,.T.);
#547=FACE_OUTER_BOUND('',#948,.T.);
#548=FACE_OUTER_BOUND('',#949,.T.);
#549=FACE_OUTER_BOUND('',#950,.T.);
#550=FACE_OUTER_BOUND('',#951,.T.);
#551=FACE_OUTER_BOUND('',#952,.T.);
#552=FACE_OUTER_BOUND('',#953,.T.);
#553=FACE_OUTER_BOUND('',#954,.T.);
#554=FACE_OUTER_BOUND('',#955,.T.);
#555=FACE_OUTER_BOUND('',#956,.T.);
#556=FACE_OUTER_BOUND('',#957,.T.);
#557=FACE_OUTER_BOUND('',#958,.T.);
#558=FACE_OUTER_BOUND('',#959,.T.);
#559=FACE_OUTER_BOUND('',#960,.T.);
#560=FACE_OUTER_BOUND('',#961,.T.);
#561=FACE_OUTER_BOUND('',#962,.T.);
#562=FACE_OUTER_BOUND('',#963,.T.);
#563=FACE_OUTER_BOUND('',#964,.T.);
#564=FACE_OUTER_BOUND('',#965,.T.);
#565=FACE_OUTER_BOUND('',#966,.T.);
#566=FACE_OUTER_BOUND('',#967,.T.);
#567=FACE_OUTER_BOUND('',#968,.T.);
#568=FACE_OUTER_BOUND('',#969,.T.);
#569=FACE_OUTER_BOUND('',#970,.T.);
#570=FACE_OUTER_BOUND('',#971,.T.);
#571=FACE_OUTER_BOUND('',#972,.T.);
#572=FACE_OUTER_BOUND('',#973,.T.);
#573=FACE_OUTER_BOUND('',#974,.T.);
#574=FACE_OUTER_BOUND('',#975,.T.);
#575=FACE_OUTER_BOUND('',#976,.T.);
#576=FACE_OUTER_BOUND('',#977,.T.);
#577=FACE_OUTER_BOUND('',#978,.T.);
#578=FACE_OUTER_BOUND('',#979,.T.);
#579=FACE_OUTER_BOUND('',#980,.T.);
#580=FACE_OUTER_BOUND('',#981,.T.);
#581=FACE_OUTER_BOUND('',#982,.T.);
#582=FACE_OUTER_BOUND('',#983,.T.);
#583=FACE_OUTER_BOUND('',#984,.T.);
#584=FACE_OUTER_BOUND('',#985,.T.);
#585=FACE_OUTER_BOUND('',#986,.T.);
#586=FACE_OUTER_BOUND('',#987,.T.);
#587=FACE_OUTER_BOUND('',#988,.T.);
#588=FACE_OUTER_BOUND('',#989,.T.);
#589=FACE_OUTER_BOUND('',#990,.T.);
#590=FACE_OUTER_BOUND('',#991,.T.);
#591=FACE_OUTER_BOUND('',#992,.T.);
#592=FACE_OUTER_BOUND('',#993,.T.);
#593=FACE_OUTER_BOUND('',#994,.T.);
#594=FACE_OUTER_BOUND('',#995,.T.);
#595=FACE_OUTER_BOUND('',#996,.T.);
#596=FACE_OUTER_BOUND('',#997,.T.);
#597=FACE_OUTER_BOUND('',#998,.T.);
#598=FACE_OUTER_BOUND('',#999,.T.);
#599=FACE_OUTER_BOUND('',#1000,.T.);
#600=FACE_OUTER_BOUND('',#1001,.T.);
#601=FACE_OUTER_BOUND('',#1002,.T.);
#602=FACE_OUTER_BOUND('',#1003,.T.);
#603=FACE_OUTER_BOUND('',#1004,.T.);
#604=FACE_OUTER_BOUND('',#1005,.T.);
#605=FACE_OUTER_BOUND('',#1006,.T.);
#606=FACE_OUTER_BOUND('',#1007,.T.);
#607=FACE_OUTER_BOUND('',#1008,.T.);
#608=FACE_OUTER_BOUND('',#1009,.T.);
#609=FACE_OUTER_BOUND('',#1010,.T.);
#610=FACE_OUTER_BOUND('',#1011,.T.);
#611=FACE_OUTER_BOUND('',#1012,.T.);
#612=FACE_OUTER_BOUND('',#1013,.T.);
#613=FACE_OUTER_BOUND('',#1014,.T.);
#614=FACE_OUTER_BOUND('',#1015,.T.);
#615=FACE_OUTER_BOUND('',#1016,.T.);
#616=FACE_OUTER_BOUND('',#1017,.T.);
#617=FACE_OUTER_BOUND('',#1018,.T.);
#618=FACE_OUTER_BOUND('',#1019,.T.);
#619=FACE_OUTER_BOUND('',#1020,.T.);
#620=FACE_OUTER_BOUND('',#1021,.T.);
#621=FACE_OUTER_BOUND('',#1022,.T.);
#622=FACE_OUTER_BOUND('',#1023,.T.);
#623=FACE_OUTER_BOUND('',#1024,.T.);
#624=FACE_OUTER_BOUND('',#1025,.T.);
#625=FACE_OUTER_BOUND('',#1027,.T.);
#626=FACE_OUTER_BOUND('',#1028,.T.);
#627=FACE_OUTER_BOUND('',#1029,.T.);
#628=FACE_OUTER_BOUND('',#1030,.T.);
#629=FACE_OUTER_BOUND('',#1031,.T.);
#630=FACE_OUTER_BOUND('',#1032,.T.);
#631=FACE_OUTER_BOUND('',#1033,.T.);
#632=FACE_OUTER_BOUND('',#1034,.T.);
#633=FACE_OUTER_BOUND('',#1035,.T.);
#634=FACE_OUTER_BOUND('',#1036,.T.);
#635=FACE_OUTER_BOUND('',#1037,.T.);
#636=FACE_OUTER_BOUND('',#1038,.T.);
#637=FACE_OUTER_BOUND('',#1039,.T.);
#638=FACE_OUTER_BOUND('',#1040,.T.);
#639=FACE_OUTER_BOUND('',#1041,.T.);
#640=FACE_OUTER_BOUND('',#1042,.T.);
#641=FACE_OUTER_BOUND('',#1043,.T.);
#642=FACE_OUTER_BOUND('',#1044,.T.);
#643=FACE_OUTER_BOUND('',#1045,.T.);
#644=FACE_OUTER_BOUND('',#1046,.T.);
#645=FACE_OUTER_BOUND('',#1047,.T.);
#646=FACE_OUTER_BOUND('',#1048,.T.);
#647=FACE_OUTER_BOUND('',#1049,.T.);
#648=FACE_OUTER_BOUND('',#1050,.T.);
#649=FACE_OUTER_BOUND('',#1051,.T.);
#650=FACE_OUTER_BOUND('',#1052,.T.);
#651=FACE_OUTER_BOUND('',#1053,.T.);
#652=FACE_OUTER_BOUND('',#1054,.T.);
#653=FACE_OUTER_BOUND('',#1055,.T.);
#654=FACE_OUTER_BOUND('',#1056,.T.);
#655=FACE_OUTER_BOUND('',#1057,.T.);
#656=FACE_OUTER_BOUND('',#1058,.T.);
#657=FACE_OUTER_BOUND('',#1059,.T.);
#658=FACE_OUTER_BOUND('',#1060,.T.);
#659=FACE_OUTER_BOUND('',#1061,.T.);
#660=FACE_OUTER_BOUND('',#1062,.T.);
#661=FACE_OUTER_BOUND('',#1063,.T.);
#662=FACE_OUTER_BOUND('',#1064,.T.);
#663=FACE_OUTER_BOUND('',#1065,.T.);
#664=FACE_OUTER_BOUND('',#1066,.T.);
#665=FACE_OUTER_BOUND('',#1067,.T.);
#666=FACE_OUTER_BOUND('',#1068,.T.);
#667=FACE_OUTER_BOUND('',#1069,.T.);
#668=FACE_OUTER_BOUND('',#1070,.T.);
#669=FACE_OUTER_BOUND('',#1071,.T.);
#670=FACE_OUTER_BOUND('',#1072,.T.);
#671=FACE_OUTER_BOUND('',#1073,.T.);
#672=FACE_OUTER_BOUND('',#1074,.T.);
#673=FACE_OUTER_BOUND('',#1075,.T.);
#674=FACE_OUTER_BOUND('',#1076,.T.);
#675=FACE_OUTER_BOUND('',#1077,.T.);
#676=FACE_OUTER_BOUND('',#1078,.T.);
#677=FACE_OUTER_BOUND('',#1079,.T.);
#678=FACE_OUTER_BOUND('',#1080,.T.);
#679=FACE_OUTER_BOUND('',#1081,.T.);
#680=FACE_OUTER_BOUND('',#1082,.T.);
#681=FACE_OUTER_BOUND('',#1083,.T.);
#682=FACE_OUTER_BOUND('',#1084,.T.);
#683=FACE_OUTER_BOUND('',#1087,.T.);
#684=FACE_OUTER_BOUND('',#1088,.T.);
#685=FACE_OUTER_BOUND('',#1089,.T.);
#686=FACE_OUTER_BOUND('',#1090,.T.);
#687=FACE_OUTER_BOUND('',#1091,.T.);
#688=FACE_OUTER_BOUND('',#1092,.T.);
#689=FACE_OUTER_BOUND('',#1093,.T.);
#690=FACE_OUTER_BOUND('',#1094,.T.);
#691=FACE_OUTER_BOUND('',#1095,.T.);
#692=FACE_OUTER_BOUND('',#1096,.T.);
#693=FACE_OUTER_BOUND('',#1097,.T.);
#694=FACE_OUTER_BOUND('',#1098,.T.);
#695=FACE_OUTER_BOUND('',#1099,.T.);
#696=FACE_OUTER_BOUND('',#1100,.T.);
#697=FACE_OUTER_BOUND('',#1101,.T.);
#698=FACE_OUTER_BOUND('',#1102,.T.);
#699=FACE_OUTER_BOUND('',#1103,.T.);
#700=FACE_OUTER_BOUND('',#1104,.T.);
#701=FACE_OUTER_BOUND('',#1105,.T.);
#702=FACE_OUTER_BOUND('',#1106,.T.);
#703=FACE_OUTER_BOUND('',#1107,.T.);
#704=FACE_OUTER_BOUND('',#1108,.T.);
#705=FACE_OUTER_BOUND('',#1109,.T.);
#706=FACE_OUTER_BOUND('',#1110,.T.);
#707=FACE_OUTER_BOUND('',#1111,.T.);
#708=FACE_OUTER_BOUND('',#1112,.T.);
#709=FACE_OUTER_BOUND('',#1113,.T.);
#710=FACE_OUTER_BOUND('',#1114,.T.);
#711=FACE_OUTER_BOUND('',#1115,.T.);
#712=FACE_OUTER_BOUND('',#1116,.T.);
#713=FACE_OUTER_BOUND('',#1117,.T.);
#714=FACE_OUTER_BOUND('',#1118,.T.);
#715=FACE_OUTER_BOUND('',#1119,.T.);
#716=FACE_OUTER_BOUND('',#1120,.T.);
#717=FACE_OUTER_BOUND('',#1121,.T.);
#718=FACE_OUTER_BOUND('',#1122,.T.);
#719=FACE_OUTER_BOUND('',#1123,.T.);
#720=FACE_OUTER_BOUND('',#1124,.T.);
#721=FACE_OUTER_BOUND('',#1125,.T.);
#722=FACE_OUTER_BOUND('',#1126,.T.);
#723=FACE_OUTER_BOUND('',#1127,.T.);
#724=FACE_OUTER_BOUND('',#1128,.T.);
#725=FACE_OUTER_BOUND('',#1129,.T.);
#726=FACE_OUTER_BOUND('',#1130,.T.);
#727=FACE_OUTER_BOUND('',#1131,.T.);
#728=FACE_OUTER_BOUND('',#1132,.T.);
#729=FACE_OUTER_BOUND('',#1133,.T.);
#730=FACE_OUTER_BOUND('',#1134,.T.);
#731=FACE_OUTER_BOUND('',#1135,.T.);
#732=FACE_OUTER_BOUND('',#1136,.T.);
#733=FACE_OUTER_BOUND('',#1137,.T.);
#734=FACE_OUTER_BOUND('',#1138,.T.);
#735=FACE_OUTER_BOUND('',#1139,.T.);
#736=FACE_OUTER_BOUND('',#1140,.T.);
#737=FACE_OUTER_BOUND('',#1141,.T.);
#738=FACE_OUTER_BOUND('',#1142,.T.);
#739=FACE_OUTER_BOUND('',#1143,.T.);
#740=FACE_OUTER_BOUND('',#1144,.T.);
#741=FACE_OUTER_BOUND('',#1145,.T.);
#742=FACE_OUTER_BOUND('',#1146,.T.);
#743=FACE_OUTER_BOUND('',#1147,.T.);
#744=FACE_OUTER_BOUND('',#1148,.T.);
#745=FACE_OUTER_BOUND('',#1149,.T.);
#746=FACE_OUTER_BOUND('',#1150,.T.);
#747=FACE_OUTER_BOUND('',#1151,.T.);
#748=FACE_OUTER_BOUND('',#1152,.T.);
#749=FACE_OUTER_BOUND('',#1153,.T.);
#750=FACE_OUTER_BOUND('',#1154,.T.);
#751=FACE_OUTER_BOUND('',#1155,.T.);
#752=FACE_OUTER_BOUND('',#1156,.T.);
#753=FACE_OUTER_BOUND('',#1157,.T.);
#754=FACE_OUTER_BOUND('',#1158,.T.);
#755=FACE_OUTER_BOUND('',#1159,.T.);
#756=FACE_OUTER_BOUND('',#1160,.T.);
#757=FACE_OUTER_BOUND('',#1161,.T.);
#758=FACE_OUTER_BOUND('',#1162,.T.);
#759=FACE_OUTER_BOUND('',#1163,.T.);
#760=FACE_OUTER_BOUND('',#1164,.T.);
#761=FACE_OUTER_BOUND('',#1165,.T.);
#762=FACE_OUTER_BOUND('',#1166,.T.);
#763=FACE_OUTER_BOUND('',#1167,.T.);
#764=FACE_OUTER_BOUND('',#1168,.T.);
#765=FACE_OUTER_BOUND('',#1169,.T.);
#766=FACE_OUTER_BOUND('',#1170,.T.);
#767=FACE_OUTER_BOUND('',#1171,.T.);
#768=FACE_OUTER_BOUND('',#1172,.T.);
#769=FACE_OUTER_BOUND('',#1173,.T.);
#770=FACE_OUTER_BOUND('',#1174,.T.);
#771=FACE_OUTER_BOUND('',#1175,.T.);
#772=FACE_OUTER_BOUND('',#1176,.T.);
#773=FACE_OUTER_BOUND('',#1177,.T.);
#774=FACE_OUTER_BOUND('',#1178,.T.);
#775=FACE_OUTER_BOUND('',#1179,.T.);
#776=FACE_OUTER_BOUND('',#1180,.T.);
#777=FACE_OUTER_BOUND('',#1181,.T.);
#778=FACE_OUTER_BOUND('',#1182,.T.);
#779=FACE_OUTER_BOUND('',#1183,.T.);
#780=FACE_OUTER_BOUND('',#1185,.T.);
#781=FACE_OUTER_BOUND('',#1186,.T.);
#782=FACE_OUTER_BOUND('',#1188,.T.);
#783=FACE_OUTER_BOUND('',#1189,.T.);
#784=FACE_OUTER_BOUND('',#1190,.T.);
#785=FACE_OUTER_BOUND('',#1191,.T.);
#786=FACE_OUTER_BOUND('',#1192,.T.);
#787=FACE_OUTER_BOUND('',#1193,.T.);
#788=FACE_OUTER_BOUND('',#1194,.T.);
#789=FACE_OUTER_BOUND('',#1195,.T.);
#790=FACE_OUTER_BOUND('',#1196,.T.);
#791=FACE_OUTER_BOUND('',#1197,.T.);
#792=FACE_OUTER_BOUND('',#1198,.T.);
#793=FACE_OUTER_BOUND('',#1199,.T.);
#794=FACE_OUTER_BOUND('',#1200,.T.);
#795=FACE_OUTER_BOUND('',#1201,.T.);
#796=FACE_OUTER_BOUND('',#1202,.T.);
#797=FACE_OUTER_BOUND('',#1203,.T.);
#798=FACE_OUTER_BOUND('',#1204,.T.);
#799=FACE_OUTER_BOUND('',#1209,.T.);
#800=FACE_OUTER_BOUND('',#1210,.T.);
#801=FACE_OUTER_BOUND('',#1211,.T.);
#802=FACE_OUTER_BOUND('',#1212,.T.);
#803=FACE_OUTER_BOUND('',#1213,.T.);
#804=FACE_OUTER_BOUND('',#1214,.T.);
#805=FACE_OUTER_BOUND('',#1215,.T.);
#806=FACE_OUTER_BOUND('',#1216,.T.);
#807=FACE_OUTER_BOUND('',#1217,.T.);
#808=FACE_OUTER_BOUND('',#1218,.T.);
#809=FACE_OUTER_BOUND('',#1219,.T.);
#810=FACE_OUTER_BOUND('',#1220,.T.);
#811=FACE_OUTER_BOUND('',#1221,.T.);
#812=FACE_OUTER_BOUND('',#1222,.T.);
#813=FACE_OUTER_BOUND('',#1227,.T.);
#814=FACE_OUTER_BOUND('',#1228,.T.);
#815=FACE_OUTER_BOUND('',#1229,.T.);
#816=FACE_OUTER_BOUND('',#1230,.T.);
#817=FACE_OUTER_BOUND('',#1231,.T.);
#818=FACE_OUTER_BOUND('',#1232,.T.);
#819=FACE_OUTER_BOUND('',#1233,.T.);
#820=FACE_OUTER_BOUND('',#1235,.T.);
#821=FACE_OUTER_BOUND('',#1236,.T.);
#822=FACE_OUTER_BOUND('',#1237,.T.);
#823=FACE_OUTER_BOUND('',#1238,.T.);
#824=FACE_OUTER_BOUND('',#1239,.T.);
#825=FACE_OUTER_BOUND('',#1240,.T.);
#826=FACE_OUTER_BOUND('',#1241,.T.);
#827=FACE_OUTER_BOUND('',#1242,.T.);
#828=FACE_OUTER_BOUND('',#1243,.T.);
#829=FACE_OUTER_BOUND('',#1244,.T.);
#830=FACE_OUTER_BOUND('',#1245,.T.);
#831=FACE_OUTER_BOUND('',#1246,.T.);
#832=FACE_OUTER_BOUND('',#1247,.T.);
#833=FACE_OUTER_BOUND('',#1248,.T.);
#834=FACE_OUTER_BOUND('',#1249,.T.);
#835=FACE_OUTER_BOUND('',#1250,.T.);
#836=FACE_OUTER_BOUND('',#1251,.T.);
#837=FACE_OUTER_BOUND('',#1252,.T.);
#838=FACE_OUTER_BOUND('',#1253,.T.);
#839=FACE_OUTER_BOUND('',#1254,.T.);
#840=FACE_OUTER_BOUND('',#1255,.T.);
#841=FACE_OUTER_BOUND('',#1256,.T.);
#842=FACE_OUTER_BOUND('',#1257,.T.);
#843=FACE_OUTER_BOUND('',#1259,.T.);
#844=FACE_OUTER_BOUND('',#1260,.T.);
#845=FACE_OUTER_BOUND('',#1262,.T.);
#846=FACE_OUTER_BOUND('',#1264,.T.);
#847=FACE_OUTER_BOUND('',#1265,.T.);
#848=FACE_OUTER_BOUND('',#1266,.T.);
#849=FACE_OUTER_BOUND('',#1267,.T.);
#850=FACE_OUTER_BOUND('',#1268,.T.);
#851=FACE_OUTER_BOUND('',#1269,.T.);
#852=FACE_OUTER_BOUND('',#1270,.T.);
#853=FACE_OUTER_BOUND('',#1271,.T.);
#854=FACE_OUTER_BOUND('',#1272,.T.);
#855=FACE_OUTER_BOUND('',#1273,.T.);
#856=FACE_OUTER_BOUND('',#1274,.T.);
#857=FACE_OUTER_BOUND('',#1275,.T.);
#858=FACE_OUTER_BOUND('',#1276,.T.);
#859=FACE_OUTER_BOUND('',#1277,.T.);
#860=FACE_OUTER_BOUND('',#1278,.T.);
#861=FACE_OUTER_BOUND('',#1279,.T.);
#862=FACE_OUTER_BOUND('',#1280,.T.);
#863=FACE_OUTER_BOUND('',#1281,.T.);
#864=FACE_OUTER_BOUND('',#1282,.T.);
#865=FACE_OUTER_BOUND('',#1283,.T.);
#866=FACE_OUTER_BOUND('',#1284,.T.);
#867=FACE_OUTER_BOUND('',#1285,.T.);
#868=FACE_OUTER_BOUND('',#1286,.T.);
#869=FACE_OUTER_BOUND('',#1287,.T.);
#870=FACE_OUTER_BOUND('',#1292,.T.);
#871=FACE_OUTER_BOUND('',#1293,.T.);
#872=FACE_OUTER_BOUND('',#1294,.T.);
#873=FACE_OUTER_BOUND('',#1295,.T.);
#874=FACE_OUTER_BOUND('',#1296,.T.);
#875=FACE_OUTER_BOUND('',#1297,.T.);
#876=FACE_OUTER_BOUND('',#1298,.T.);
#877=FACE_OUTER_BOUND('',#1302,.T.);
#878=FACE_OUTER_BOUND('',#1303,.T.);
#879=FACE_OUTER_BOUND('',#1304,.T.);
#880=FACE_OUTER_BOUND('',#1305,.T.);
#881=FACE_OUTER_BOUND('',#1306,.T.);
#882=FACE_OUTER_BOUND('',#1307,.T.);
#883=FACE_OUTER_BOUND('',#1308,.T.);
#884=FACE_OUTER_BOUND('',#1309,.T.);
#885=FACE_OUTER_BOUND('',#1310,.T.);
#886=FACE_OUTER_BOUND('',#1311,.T.);
#887=FACE_OUTER_BOUND('',#1312,.T.);
#888=FACE_OUTER_BOUND('',#1313,.T.);
#889=FACE_OUTER_BOUND('',#1314,.T.);
#890=FACE_OUTER_BOUND('',#1315,.T.);
#891=FACE_OUTER_BOUND('',#1316,.T.);
#892=FACE_OUTER_BOUND('',#1317,.T.);
#893=FACE_OUTER_BOUND('',#1318,.T.);
#894=FACE_OUTER_BOUND('',#1319,.T.);
#895=FACE_OUTER_BOUND('',#1320,.T.);
#896=FACE_OUTER_BOUND('',#1321,.T.);
#897=FACE_OUTER_BOUND('',#1322,.T.);
#898=FACE_OUTER_BOUND('',#1323,.T.);
#899=FACE_OUTER_BOUND('',#1324,.T.);
#900=FACE_OUTER_BOUND('',#1325,.T.);
#901=FACE_OUTER_BOUND('',#1326,.T.);
#902=FACE_OUTER_BOUND('',#1327,.T.);
#903=FACE_OUTER_BOUND('',#1328,.T.);
#904=FACE_OUTER_BOUND('',#1329,.T.);
#905=FACE_OUTER_BOUND('',#1330,.T.);
#906=FACE_OUTER_BOUND('',#1331,.T.);
#907=FACE_OUTER_BOUND('',#1332,.T.);
#908=FACE_OUTER_BOUND('',#1333,.T.);
#909=FACE_OUTER_BOUND('',#1334,.T.);
#910=FACE_OUTER_BOUND('',#1335,.T.);
#911=FACE_OUTER_BOUND('',#1336,.T.);
#912=FACE_OUTER_BOUND('',#1337,.T.);
#913=FACE_OUTER_BOUND('',#1338,.T.);
#914=FACE_OUTER_BOUND('',#1339,.T.);
#915=FACE_OUTER_BOUND('',#1340,.T.);
#916=FACE_OUTER_BOUND('',#1341,.T.);
#917=FACE_OUTER_BOUND('',#1342,.T.);
#918=FACE_OUTER_BOUND('',#1343,.T.);
#919=FACE_OUTER_BOUND('',#1344,.T.);
#920=FACE_OUTER_BOUND('',#1345,.T.);
#921=FACE_OUTER_BOUND('',#1346,.T.);
#922=FACE_OUTER_BOUND('',#1347,.T.);
#923=FACE_OUTER_BOUND('',#1348,.T.);
#924=FACE_OUTER_BOUND('',#1349,.T.);
#925=FACE_OUTER_BOUND('',#1351,.T.);
#926=FACE_OUTER_BOUND('',#1352,.T.);
#927=FACE_OUTER_BOUND('',#1354,.T.);
#928=FACE_OUTER_BOUND('',#1355,.T.);
#929=FACE_OUTER_BOUND('',#1357,.T.);
#930=FACE_OUTER_BOUND('',#1358,.T.);
#931=FACE_OUTER_BOUND('',#1360,.T.);
#932=FACE_OUTER_BOUND('',#1361,.T.);
#933=FACE_OUTER_BOUND('',#1363,.T.);
#934=FACE_OUTER_BOUND('',#1364,.T.);
#935=FACE_OUTER_BOUND('',#1366,.T.);
#936=FACE_OUTER_BOUND('',#1367,.T.);
#937=FACE_OUTER_BOUND('',#1369,.T.);
#938=FACE_OUTER_BOUND('',#1370,.T.);
#939=EDGE_LOOP('',(#4380,#4381,#4382,#4383));
#940=EDGE_LOOP('',(#4384,#4385,#4386,#4387));
#941=EDGE_LOOP('',(#4388,#4389,#4390,#4391,#4392,#4393,#4394));
#942=EDGE_LOOP('',(#4395,#4396,#4397,#4398));
#943=EDGE_LOOP('',(#4399,#4400,#4401,#4402,#4403,#4404,#4405));
#944=EDGE_LOOP('',(#4406,#4407,#4408,#4409));
#945=EDGE_LOOP('',(#4410,#4411,#4412,#4413));
#946=EDGE_LOOP('',(#4414,#4415,#4416,#4417));
#947=EDGE_LOOP('',(#4418,#4419,#4420,#4421));
#948=EDGE_LOOP('',(#4422,#4423,#4424,#4425));
#949=EDGE_LOOP('',(#4426,#4427,#4428,#4429));
#950=EDGE_LOOP('',(#4430,#4431,#4432,#4433));
#951=EDGE_LOOP('',(#4434,#4435,#4436,#4437,#4438,#4439,#4440,#4441,#4442,
#4443,#4444,#4445,#4446,#4447));
#952=EDGE_LOOP('',(#4448,#4449,#4450,#4451));
#953=EDGE_LOOP('',(#4452,#4453,#4454,#4455));
#954=EDGE_LOOP('',(#4456,#4457,#4458,#4459,#4460,#4461,#4462,#4463,#4464,
#4465,#4466,#4467));
#955=EDGE_LOOP('',(#4468,#4469,#4470,#4471));
#956=EDGE_LOOP('',(#4472,#4473,#4474,#4475,#4476,#4477,#4478,#4479,#4480,
#4481,#4482,#4483));
#957=EDGE_LOOP('',(#4484,#4485,#4486,#4487,#4488,#4489,#4490,#4491,#4492,
#4493,#4494,#4495));
#958=EDGE_LOOP('',(#4496,#4497,#4498,#4499));
#959=EDGE_LOOP('',(#4500,#4501,#4502,#4503));
#960=EDGE_LOOP('',(#4504,#4505,#4506,#4507));
#961=EDGE_LOOP('',(#4508,#4509,#4510,#4511));
#962=EDGE_LOOP('',(#4512,#4513,#4514,#4515));
#963=EDGE_LOOP('',(#4516,#4517,#4518,#4519,#4520,#4521,#4522,#4523,#4524,
#4525,#4526,#4527));
#964=EDGE_LOOP('',(#4528,#4529,#4530,#4531));
#965=EDGE_LOOP('',(#4532,#4533,#4534,#4535));
#966=EDGE_LOOP('',(#4536,#4537,#4538,#4539,#4540,#4541,#4542,#4543,#4544,
#4545,#4546,#4547));
#967=EDGE_LOOP('',(#4548,#4549,#4550,#4551));
#968=EDGE_LOOP('',(#4552,#4553,#4554,#4555));
#969=EDGE_LOOP('',(#4556,#4557,#4558,#4559));
#970=EDGE_LOOP('',(#4560,#4561,#4562,#4563));
#971=EDGE_LOOP('',(#4564,#4565,#4566,#4567));
#972=EDGE_LOOP('',(#4568,#4569,#4570,#4571));
#973=EDGE_LOOP('',(#4572,#4573,#4574,#4575,#4576,#4577,#4578,#4579,#4580,
#4581,#4582,#4583));
#974=EDGE_LOOP('',(#4584,#4585,#4586,#4587,#4588,#4589,#4590,#4591,#4592,
#4593,#4594,#4595));
#975=EDGE_LOOP('',(#4596));
#976=EDGE_LOOP('',(#4597,#4598,#4599,#4600));
#977=EDGE_LOOP('',(#4601));
#978=EDGE_LOOP('',(#4602,#4603,#4604,#4605));
#979=EDGE_LOOP('',(#4606,#4607,#4608,#4609));
#980=EDGE_LOOP('',(#4610,#4611,#4612,#4613));
#981=EDGE_LOOP('',(#4614,#4615,#4616,#4617,#4618,#4619));
#982=EDGE_LOOP('',(#4620,#4621,#4622,#4623));
#983=EDGE_LOOP('',(#4624,#4625,#4626,#4627));
#984=EDGE_LOOP('',(#4628,#4629,#4630,#4631));
#985=EDGE_LOOP('',(#4632,#4633,#4634,#4635,#4636,#4637));
#986=EDGE_LOOP('',(#4638,#4639,#4640,#4641));
#987=EDGE_LOOP('',(#4642,#4643,#4644,#4645,#4646));
#988=EDGE_LOOP('',(#4647,#4648,#4649,#4650,#4651,#4652));
#989=EDGE_LOOP('',(#4653,#4654,#4655,#4656));
#990=EDGE_LOOP('',(#4657,#4658,#4659,#4660,#4661));
#991=EDGE_LOOP('',(#4662,#4663,#4664,#4665));
#992=EDGE_LOOP('',(#4666,#4667,#4668,#4669,#4670));
#993=EDGE_LOOP('',(#4671,#4672,#4673,#4674,#4675,#4676));
#994=EDGE_LOOP('',(#4677,#4678,#4679,#4680));
#995=EDGE_LOOP('',(#4681,#4682,#4683,#4684,#4685));
#996=EDGE_LOOP('',(#4686,#4687,#4688,#4689));
#997=EDGE_LOOP('',(#4690,#4691,#4692,#4693,#4694));
#998=EDGE_LOOP('',(#4695,#4696,#4697,#4698,#4699,#4700));
#999=EDGE_LOOP('',(#4701,#4702,#4703,#4704));
#1000=EDGE_LOOP('',(#4705,#4706,#4707,#4708,#4709));
#1001=EDGE_LOOP('',(#4710,#4711,#4712,#4713,#4714,#4715));
#1002=EDGE_LOOP('',(#4716,#4717,#4718,#4719));
#1003=EDGE_LOOP('',(#4720,#4721,#4722,#4723));
#1004=EDGE_LOOP('',(#4724,#4725,#4726,#4727));
#1005=EDGE_LOOP('',(#4728,#4729,#4730,#4731,#4732,#4733));
#1006=EDGE_LOOP('',(#4734,#4735,#4736,#4737));
#1007=EDGE_LOOP('',(#4738,#4739,#4740,#4741,#4742));
#1008=EDGE_LOOP('',(#4743,#4744,#4745,#4746));
#1009=EDGE_LOOP('',(#4747,#4748,#4749,#4750,#4751,#4752));
#1010=EDGE_LOOP('',(#4753,#4754,#4755,#4756));
#1011=EDGE_LOOP('',(#4757,#4758,#4759,#4760));
#1012=EDGE_LOOP('',(#4761,#4762,#4763,#4764));
#1013=EDGE_LOOP('',(#4765,#4766,#4767,#4768,#4769,#4770));
#1014=EDGE_LOOP('',(#4771,#4772,#4773,#4774));
#1015=EDGE_LOOP('',(#4775,#4776,#4777,#4778,#4779));
#1016=EDGE_LOOP('',(#4780,#4781,#4782,#4783));
#1017=EDGE_LOOP('',(#4784,#4785,#4786,#4787,#4788,#4789));
#1018=EDGE_LOOP('',(#4790,#4791,#4792,#4793));
#1019=EDGE_LOOP('',(#4794,#4795,#4796,#4797));
#1020=EDGE_LOOP('',(#4798,#4799,#4800,#4801));
#1021=EDGE_LOOP('',(#4802,#4803,#4804,#4805,#4806,#4807));
#1022=EDGE_LOOP('',(#4808,#4809,#4810,#4811));
#1023=EDGE_LOOP('',(#4812,#4813,#4814,#4815,#4816));
#1024=EDGE_LOOP('',(#4817,#4818,#4819,#4820));
#1025=EDGE_LOOP('',(#4821,#4822,#4823,#4824));
#1026=EDGE_LOOP('',(#4825,#4826,#4827,#4828,#4829,#4830,#4831,#4832,#4833,
#4834,#4835,#4836,#4837,#4838,#4839,#4840,#4841,#4842,#4843,#4844,#4845,
#4846,#4847,#4848,#4849,#4850,#4851,#4852,#4853,#4854,#4855,#4856,#4857));
#1027=EDGE_LOOP('',(#4858,#4859,#4860,#4861));
#1028=EDGE_LOOP('',(#4862,#4863,#4864,#4865,#4866));
#1029=EDGE_LOOP('',(#4867,#4868,#4869,#4870,#4871,#4872));
#1030=EDGE_LOOP('',(#4873,#4874,#4875,#4876));
#1031=EDGE_LOOP('',(#4877,#4878,#4879,#4880,#4881));
#1032=EDGE_LOOP('',(#4882,#4883,#4884,#4885));
#1033=EDGE_LOOP('',(#4886,#4887,#4888,#4889));
#1034=EDGE_LOOP('',(#4890,#4891,#4892,#4893,#4894,#4895));
#1035=EDGE_LOOP('',(#4896,#4897,#4898,#4899));
#1036=EDGE_LOOP('',(#4900,#4901,#4902,#4903,#4904,#4905));
#1037=EDGE_LOOP('',(#4906,#4907,#4908,#4909));
#1038=EDGE_LOOP('',(#4910,#4911,#4912,#4913,#4914));
#1039=EDGE_LOOP('',(#4915,#4916,#4917,#4918));
#1040=EDGE_LOOP('',(#4919,#4920,#4921,#4922,#4923,#4924,#4925,#4926,#4927,
#4928,#4929,#4930,#4931,#4932,#4933,#4934));
#1041=EDGE_LOOP('',(#4935));
#1042=EDGE_LOOP('',(#4936,#4937,#4938,#4939));
#1043=EDGE_LOOP('',(#4940,#4941,#4942,#4943));
#1044=EDGE_LOOP('',(#4944,#4945,#4946,#4947));
#1045=EDGE_LOOP('',(#4948,#4949,#4950,#4951));
#1046=EDGE_LOOP('',(#4952,#4953,#4954,#4955));
#1047=EDGE_LOOP('',(#4956,#4957,#4958,#4959));
#1048=EDGE_LOOP('',(#4960,#4961,#4962,#4963));
#1049=EDGE_LOOP('',(#4964,#4965,#4966,#4967,#4968,#4969,#4970,#4971));
#1050=EDGE_LOOP('',(#4972,#4973));
#1051=EDGE_LOOP('',(#4974,#4975,#4976));
#1052=EDGE_LOOP('',(#4977,#4978,#4979,#4980));
#1053=EDGE_LOOP('',(#4981,#4982,#4983));
#1054=EDGE_LOOP('',(#4984,#4985,#4986,#4987));
#1055=EDGE_LOOP('',(#4988,#4989,#4990,#4991));
#1056=EDGE_LOOP('',(#4992,#4993,#4994,#4995));
#1057=EDGE_LOOP('',(#4996,#4997,#4998,#4999));
#1058=EDGE_LOOP('',(#5000,#5001,#5002));
#1059=EDGE_LOOP('',(#5003,#5004,#5005,#5006,#5007,#5008,#5009,#5010,#5011,
#5012,#5013,#5014,#5015,#5016,#5017,#5018,#5019,#5020,#5021));
#1060=EDGE_LOOP('',(#5022,#5023,#5024,#5025));
#1061=EDGE_LOOP('',(#5026,#5027,#5028,#5029));
#1062=EDGE_LOOP('',(#5030,#5031,#5032,#5033));
#1063=EDGE_LOOP('',(#5034,#5035,#5036,#5037));
#1064=EDGE_LOOP('',(#5038,#5039,#5040));
#1065=EDGE_LOOP('',(#5041,#5042,#5043,#5044,#5045,#5046,#5047,#5048));
#1066=EDGE_LOOP('',(#5049));
#1067=EDGE_LOOP('',(#5050,#5051,#5052,#5053));
#1068=EDGE_LOOP('',(#5054,#5055,#5056,#5057));
#1069=EDGE_LOOP('',(#5058,#5059,#5060,#5061));
#1070=EDGE_LOOP('',(#5062,#5063,#5064,#5065));
#1071=EDGE_LOOP('',(#5066,#5067,#5068,#5069));
#1072=EDGE_LOOP('',(#5070,#5071,#5072,#5073));
#1073=EDGE_LOOP('',(#5074,#5075,#5076,#5077));
#1074=EDGE_LOOP('',(#5078,#5079,#5080,#5081));
#1075=EDGE_LOOP('',(#5082,#5083,#5084,#5085,#5086,#5087,#5088));
#1076=EDGE_LOOP('',(#5089,#5090,#5091,#5092));
#1077=EDGE_LOOP('',(#5093,#5094,#5095,#5096));
#1078=EDGE_LOOP('',(#5097,#5098,#5099,#5100));
#1079=EDGE_LOOP('',(#5101,#5102,#5103,#5104));
#1080=EDGE_LOOP('',(#5105,#5106,#5107,#5108));
#1081=EDGE_LOOP('',(#5109,#5110,#5111,#5112));
#1082=EDGE_LOOP('',(#5113,#5114,#5115,#5116));
#1083=EDGE_LOOP('',(#5117,#5118,#5119,#5120,#5121,#5122,#5123));
#1084=EDGE_LOOP('',(#5124,#5125,#5126,#5127));
#1085=EDGE_LOOP('',(#5128,#5129,#5130,#5131,#5132,#5133,#5134));
#1086=EDGE_LOOP('',(#5135,#5136,#5137,#5138,#5139,#5140,#5141));
#1087=EDGE_LOOP('',(#5142,#5143,#5144,#5145));
#1088=EDGE_LOOP('',(#5146,#5147,#5148,#5149));
#1089=EDGE_LOOP('',(#5150,#5151,#5152,#5153));
#1090=EDGE_LOOP('',(#5154,#5155,#5156,#5157));
#1091=EDGE_LOOP('',(#5158,#5159,#5160,#5161));
#1092=EDGE_LOOP('',(#5162,#5163,#5164,#5165));
#1093=EDGE_LOOP('',(#5166,#5167,#5168,#5169));
#1094=EDGE_LOOP('',(#5170,#5171,#5172,#5173));
#1095=EDGE_LOOP('',(#5174,#5175,#5176));
#1096=EDGE_LOOP('',(#5177,#5178,#5179,#5180));
#1097=EDGE_LOOP('',(#5181,#5182,#5183,#5184));
#1098=EDGE_LOOP('',(#5185,#5186,#5187,#5188));
#1099=EDGE_LOOP('',(#5189,#5190,#5191));
#1100=EDGE_LOOP('',(#5192,#5193,#5194,#5195));
#1101=EDGE_LOOP('',(#5196,#5197,#5198,#5199,#5200));
#1102=EDGE_LOOP('',(#5201,#5202,#5203,#5204,#5205));
#1103=EDGE_LOOP('',(#5206,#5207,#5208,#5209));
#1104=EDGE_LOOP('',(#5210,#5211,#5212,#5213));
#1105=EDGE_LOOP('',(#5214,#5215,#5216,#5217));
#1106=EDGE_LOOP('',(#5218,#5219,#5220));
#1107=EDGE_LOOP('',(#5221,#5222,#5223,#5224));
#1108=EDGE_LOOP('',(#5225,#5226,#5227,#5228));
#1109=EDGE_LOOP('',(#5229,#5230,#5231,#5232));
#1110=EDGE_LOOP('',(#5233,#5234,#5235));
#1111=EDGE_LOOP('',(#5236,#5237,#5238,#5239));
#1112=EDGE_LOOP('',(#5240,#5241,#5242,#5243,#5244));
#1113=EDGE_LOOP('',(#5245,#5246,#5247,#5248,#5249));
#1114=EDGE_LOOP('',(#5250,#5251,#5252,#5253,#5254,#5255));
#1115=EDGE_LOOP('',(#5256,#5257,#5258,#5259,#5260,#5261));
#1116=EDGE_LOOP('',(#5262,#5263,#5264,#5265));
#1117=EDGE_LOOP('',(#5266,#5267,#5268,#5269));
#1118=EDGE_LOOP('',(#5270,#5271,#5272,#5273));
#1119=EDGE_LOOP('',(#5274,#5275,#5276,#5277));
#1120=EDGE_LOOP('',(#5278,#5279,#5280,#5281));
#1121=EDGE_LOOP('',(#5282,#5283,#5284));
#1122=EDGE_LOOP('',(#5285,#5286,#5287,#5288));
#1123=EDGE_LOOP('',(#5289,#5290,#5291,#5292));
#1124=EDGE_LOOP('',(#5293,#5294,#5295,#5296));
#1125=EDGE_LOOP('',(#5297,#5298,#5299));
#1126=EDGE_LOOP('',(#5300,#5301,#5302,#5303));
#1127=EDGE_LOOP('',(#5304,#5305,#5306,#5307,#5308));
#1128=EDGE_LOOP('',(#5309,#5310,#5311,#5312,#5313));
#1129=EDGE_LOOP('',(#5314,#5315,#5316,#5317));
#1130=EDGE_LOOP('',(#5318,#5319,#5320,#5321));
#1131=EDGE_LOOP('',(#5322,#5323,#5324,#5325));
#1132=EDGE_LOOP('',(#5326,#5327,#5328));
#1133=EDGE_LOOP('',(#5329,#5330,#5331,#5332));
#1134=EDGE_LOOP('',(#5333,#5334,#5335,#5336));
#1135=EDGE_LOOP('',(#5337,#5338,#5339,#5340));
#1136=EDGE_LOOP('',(#5341,#5342,#5343));
#1137=EDGE_LOOP('',(#5344,#5345,#5346,#5347,#5348));
#1138=EDGE_LOOP('',(#5349,#5350,#5351,#5352));
#1139=EDGE_LOOP('',(#5353,#5354,#5355,#5356,#5357));
#1140=EDGE_LOOP('',(#5358,#5359,#5360,#5361,#5362,#5363));
#1141=EDGE_LOOP('',(#5364,#5365,#5366,#5367,#5368,#5369));
#1142=EDGE_LOOP('',(#5370,#5371,#5372,#5373));
#1143=EDGE_LOOP('',(#5374,#5375,#5376,#5377));
#1144=EDGE_LOOP('',(#5378,#5379,#5380,#5381));
#1145=EDGE_LOOP('',(#5382,#5383,#5384,#5385));
#1146=EDGE_LOOP('',(#5386,#5387,#5388,#5389));
#1147=EDGE_LOOP('',(#5390,#5391,#5392));
#1148=EDGE_LOOP('',(#5393,#5394,#5395,#5396));
#1149=EDGE_LOOP('',(#5397,#5398,#5399,#5400));
#1150=EDGE_LOOP('',(#5401,#5402,#5403,#5404));
#1151=EDGE_LOOP('',(#5405,#5406,#5407));
#1152=EDGE_LOOP('',(#5408,#5409,#5410,#5411));
#1153=EDGE_LOOP('',(#5412,#5413,#5414,#5415,#5416));
#1154=EDGE_LOOP('',(#5417,#5418,#5419,#5420,#5421));
#1155=EDGE_LOOP('',(#5422,#5423,#5424,#5425));
#1156=EDGE_LOOP('',(#5426,#5427,#5428,#5429));
#1157=EDGE_LOOP('',(#5430,#5431,#5432,#5433));
#1158=EDGE_LOOP('',(#5434,#5435,#5436));
#1159=EDGE_LOOP('',(#5437,#5438,#5439,#5440));
#1160=EDGE_LOOP('',(#5441,#5442,#5443,#5444));
#1161=EDGE_LOOP('',(#5445,#5446,#5447,#5448));
#1162=EDGE_LOOP('',(#5449,#5450,#5451));
#1163=EDGE_LOOP('',(#5452,#5453,#5454,#5455,#5456));
#1164=EDGE_LOOP('',(#5457,#5458,#5459,#5460));
#1165=EDGE_LOOP('',(#5461,#5462,#5463,#5464,#5465));
#1166=EDGE_LOOP('',(#5466,#5467,#5468,#5469,#5470,#5471));
#1167=EDGE_LOOP('',(#5472,#5473,#5474,#5475,#5476,#5477));
#1168=EDGE_LOOP('',(#5478,#5479,#5480,#5481));
#1169=EDGE_LOOP('',(#5482,#5483,#5484,#5485));
#1170=EDGE_LOOP('',(#5486,#5487,#5488,#5489));
#1171=EDGE_LOOP('',(#5490,#5491,#5492,#5493,#5494,#5495));
#1172=EDGE_LOOP('',(#5496,#5497,#5498,#5499,#5500,#5501,#5502,#5503));
#1173=EDGE_LOOP('',(#5504,#5505,#5506,#5507));
#1174=EDGE_LOOP('',(#5508,#5509,#5510,#5511,#5512,#5513));
#1175=EDGE_LOOP('',(#5514,#5515,#5516,#5517,#5518,#5519));
#1176=EDGE_LOOP('',(#5520,#5521,#5522,#5523));
#1177=EDGE_LOOP('',(#5524,#5525,#5526,#5527));
#1178=EDGE_LOOP('',(#5528,#5529,#5530,#5531));
#1179=EDGE_LOOP('',(#5532,#5533,#5534,#5535,#5536,#5537));
#1180=EDGE_LOOP('',(#5538,#5539,#5540,#5541));
#1181=EDGE_LOOP('',(#5542,#5543,#5544,#5545));
#1182=EDGE_LOOP('',(#5546,#5547,#5548,#5549));
#1183=EDGE_LOOP('',(#5550));
#1184=EDGE_LOOP('',(#5551));
#1185=EDGE_LOOP('',(#5552,#5553,#5554,#5555));
#1186=EDGE_LOOP('',(#5556));
#1187=EDGE_LOOP('',(#5557));
#1188=EDGE_LOOP('',(#5558,#5559,#5560,#5561));
#1189=EDGE_LOOP('',(#5562,#5563,#5564,#5565));
#1190=EDGE_LOOP('',(#5566,#5567,#5568,#5569));
#1191=EDGE_LOOP('',(#5570,#5571,#5572,#5573));
#1192=EDGE_LOOP('',(#5574,#5575,#5576,#5577));
#1193=EDGE_LOOP('',(#5578,#5579,#5580,#5581));
#1194=EDGE_LOOP('',(#5582,#5583,#5584,#5585));
#1195=EDGE_LOOP('',(#5586));
#1196=EDGE_LOOP('',(#5587));
#1197=EDGE_LOOP('',(#5588,#5589,#5590,#5591));
#1198=EDGE_LOOP('',(#5592,#5593,#5594,#5595));
#1199=EDGE_LOOP('',(#5596,#5597,#5598,#5599));
#1200=EDGE_LOOP('',(#5600,#5601,#5602,#5603));
#1201=EDGE_LOOP('',(#5604,#5605,#5606,#5607));
#1202=EDGE_LOOP('',(#5608,#5609,#5610,#5611));
#1203=EDGE_LOOP('',(#5612,#5613,#5614,#5615));
#1204=EDGE_LOOP('',(#5616,#5617,#5618,#5619,#5620,#5621,#5622,#5623));
#1205=EDGE_LOOP('',(#5624));
#1206=EDGE_LOOP('',(#5625));
#1207=EDGE_LOOP('',(#5626));
#1208=EDGE_LOOP('',(#5627));
#1209=EDGE_LOOP('',(#5628,#5629,#5630,#5631));
#1210=EDGE_LOOP('',(#5632,#5633,#5634,#5635));
#1211=EDGE_LOOP('',(#5636,#5637,#5638,#5639));
#1212=EDGE_LOOP('',(#5640,#5641,#5642,#5643));
#1213=EDGE_LOOP('',(#5644,#5645,#5646,#5647));
#1214=EDGE_LOOP('',(#5648,#5649,#5650,#5651));
#1215=EDGE_LOOP('',(#5652,#5653,#5654,#5655));
#1216=EDGE_LOOP('',(#5656,#5657,#5658,#5659,#5660,#5661,#5662,#5663));
#1217=EDGE_LOOP('',(#5664,#5665,#5666,#5667));
#1218=EDGE_LOOP('',(#5668,#5669,#5670,#5671));
#1219=EDGE_LOOP('',(#5672,#5673,#5674,#5675));
#1220=EDGE_LOOP('',(#5676,#5677,#5678,#5679));
#1221=EDGE_LOOP('',(#5680,#5681));
#1222=EDGE_LOOP('',(#5682,#5683,#5684,#5685));
#1223=EDGE_LOOP('',(#5686));
#1224=EDGE_LOOP('',(#5687));
#1225=EDGE_LOOP('',(#5688));
#1226=EDGE_LOOP('',(#5689));
#1227=EDGE_LOOP('',(#5690,#5691,#5692,#5693));
#1228=EDGE_LOOP('',(#5694,#5695));
#1229=EDGE_LOOP('',(#5696,#5697,#5698,#5699));
#1230=EDGE_LOOP('',(#5700,#5701,#5702,#5703));
#1231=EDGE_LOOP('',(#5704,#5705,#5706,#5707));
#1232=EDGE_LOOP('',(#5708,#5709,#5710));
#1233=EDGE_LOOP('',(#5711,#5712,#5713,#5714,#5715,#5716,#5717,#5718));
#1234=EDGE_LOOP('',(#5719,#5720,#5721,#5722));
#1235=EDGE_LOOP('',(#5723,#5724,#5725,#5726));
#1236=EDGE_LOOP('',(#5727,#5728,#5729,#5730));
#1237=EDGE_LOOP('',(#5731,#5732,#5733,#5734));
#1238=EDGE_LOOP('',(#5735,#5736,#5737,#5738));
#1239=EDGE_LOOP('',(#5739,#5740,#5741,#5742));
#1240=EDGE_LOOP('',(#5743,#5744,#5745,#5746));
#1241=EDGE_LOOP('',(#5747,#5748,#5749,#5750));
#1242=EDGE_LOOP('',(#5751,#5752,#5753,#5754,#5755,#5756,#5757,#5758));
#1243=EDGE_LOOP('',(#5759,#5760,#5761,#5762));
#1244=EDGE_LOOP('',(#5763,#5764,#5765,#5766));
#1245=EDGE_LOOP('',(#5767,#5768,#5769,#5770));
#1246=EDGE_LOOP('',(#5771,#5772,#5773,#5774));
#1247=EDGE_LOOP('',(#5775,#5776,#5777,#5778,#5779,#5780,#5781,#5782));
#1248=EDGE_LOOP('',(#5783,#5784,#5785,#5786,#5787,#5788,#5789));
#1249=EDGE_LOOP('',(#5790,#5791,#5792));
#1250=EDGE_LOOP('',(#5793,#5794,#5795,#5796));
#1251=EDGE_LOOP('',(#5797,#5798,#5799));
#1252=EDGE_LOOP('',(#5800,#5801,#5802,#5803));
#1253=EDGE_LOOP('',(#5804,#5805,#5806,#5807));
#1254=EDGE_LOOP('',(#5808,#5809,#5810,#5811,#5812,#5813));
#1255=EDGE_LOOP('',(#5814,#5815,#5816,#5817,#5818));
#1256=EDGE_LOOP('',(#5819,#5820,#5821,#5822));
#1257=EDGE_LOOP('',(#5823,#5824,#5825,#5826));
#1258=EDGE_LOOP('',(#5827,#5828,#5829,#5830,#5831,#5832,#5833,#5834));
#1259=EDGE_LOOP('',(#5835,#5836,#5837,#5838,#5839));
#1260=EDGE_LOOP('',(#5840,#5841,#5842,#5843));
#1261=EDGE_LOOP('',(#5844));
#1262=EDGE_LOOP('',(#5845,#5846,#5847,#5848,#5849,#5850));
#1263=EDGE_LOOP('',(#5851,#5852,#5853,#5854,#5855,#5856,#5857,#5858));
#1264=EDGE_LOOP('',(#5859,#5860,#5861,#5862));
#1265=EDGE_LOOP('',(#5863,#5864,#5865,#5866));
#1266=EDGE_LOOP('',(#5867,#5868,#5869,#5870));
#1267=EDGE_LOOP('',(#5871,#5872,#5873,#5874));
#1268=EDGE_LOOP('',(#5875,#5876,#5877));
#1269=EDGE_LOOP('',(#5878,#5879,#5880));
#1270=EDGE_LOOP('',(#5881,#5882,#5883));
#1271=EDGE_LOOP('',(#5884,#5885,#5886));
#1272=EDGE_LOOP('',(#5887,#5888,#5889,#5890));
#1273=EDGE_LOOP('',(#5891,#5892,#5893,#5894));
#1274=EDGE_LOOP('',(#5895));
#1275=EDGE_LOOP('',(#5896,#5897,#5898,#5899));
#1276=EDGE_LOOP('',(#5900));
#1277=EDGE_LOOP('',(#5901,#5902,#5903,#5904));
#1278=EDGE_LOOP('',(#5905));
#1279=EDGE_LOOP('',(#5906,#5907,#5908,#5909));
#1280=EDGE_LOOP('',(#5910));
#1281=EDGE_LOOP('',(#5911,#5912,#5913));
#1282=EDGE_LOOP('',(#5914,#5915,#5916,#5917));
#1283=EDGE_LOOP('',(#5918,#5919,#5920));
#1284=EDGE_LOOP('',(#5921,#5922,#5923,#5924));
#1285=EDGE_LOOP('',(#5925,#5926,#5927,#5928));
#1286=EDGE_LOOP('',(#5929,#5930,#5931,#5932));
#1287=EDGE_LOOP('',(#5933,#5934,#5935,#5936,#5937,#5938,#5939,#5940));
#1288=EDGE_LOOP('',(#5941));
#1289=EDGE_LOOP('',(#5942));
#1290=EDGE_LOOP('',(#5943));
#1291=EDGE_LOOP('',(#5944));
#1292=EDGE_LOOP('',(#5945,#5946,#5947,#5948));
#1293=EDGE_LOOP('',(#5949,#5950,#5951,#5952));
#1294=EDGE_LOOP('',(#5953,#5954,#5955,#5956));
#1295=EDGE_LOOP('',(#5957,#5958,#5959,#5960));
#1296=EDGE_LOOP('',(#5961,#5962,#5963,#5964));
#1297=EDGE_LOOP('',(#5965,#5966,#5967,#5968));
#1298=EDGE_LOOP('',(#5969,#5970,#5971,#5972,#5973,#5974));
#1299=EDGE_LOOP('',(#5975));
#1300=EDGE_LOOP('',(#5976));
#1301=EDGE_LOOP('',(#5977));
#1302=EDGE_LOOP('',(#5978,#5979,#5980,#5981));
#1303=EDGE_LOOP('',(#5982,#5983,#5984,#5985));
#1304=EDGE_LOOP('',(#5986,#5987,#5988,#5989,#5990));
#1305=EDGE_LOOP('',(#5991,#5992,#5993,#5994,#5995));
#1306=EDGE_LOOP('',(#5996,#5997,#5998,#5999,#6000,#6001));
#1307=EDGE_LOOP('',(#6002,#6003,#6004,#6005,#6006));
#1308=EDGE_LOOP('',(#6007,#6008,#6009,#6010));
#1309=EDGE_LOOP('',(#6011,#6012,#6013,#6014,#6015));
#1310=EDGE_LOOP('',(#6016,#6017,#6018));
#1311=EDGE_LOOP('',(#6019,#6020,#6021));
#1312=EDGE_LOOP('',(#6022,#6023,#6024));
#1313=EDGE_LOOP('',(#6025,#6026,#6027,#6028));
#1314=EDGE_LOOP('',(#6029,#6030,#6031));
#1315=EDGE_LOOP('',(#6032,#6033,#6034,#6035,#6036));
#1316=EDGE_LOOP('',(#6037,#6038,#6039,#6040,#6041,#6042,#6043));
#1317=EDGE_LOOP('',(#6044,#6045,#6046,#6047));
#1318=EDGE_LOOP('',(#6048,#6049,#6050,#6051));
#1319=EDGE_LOOP('',(#6052,#6053,#6054,#6055));
#1320=EDGE_LOOP('',(#6056,#6057,#6058,#6059));
#1321=EDGE_LOOP('',(#6060,#6061,#6062,#6063));
#1322=EDGE_LOOP('',(#6064,#6065,#6066,#6067));
#1323=EDGE_LOOP('',(#6068,#6069,#6070,#6071,#6072));
#1324=EDGE_LOOP('',(#6073,#6074,#6075,#6076,#6077));
#1325=EDGE_LOOP('',(#6078,#6079,#6080,#6081,#6082));
#1326=EDGE_LOOP('',(#6083,#6084,#6085,#6086,#6087,#6088));
#1327=EDGE_LOOP('',(#6089,#6090,#6091,#6092,#6093));
#1328=EDGE_LOOP('',(#6094,#6095,#6096,#6097,#6098,#6099,#6100,#6101));
#1329=EDGE_LOOP('',(#6102,#6103,#6104,#6105,#6106,#6107));
#1330=EDGE_LOOP('',(#6108,#6109,#6110,#6111,#6112,#6113,#6114,#6115));
#1331=EDGE_LOOP('',(#6116,#6117,#6118,#6119));
#1332=EDGE_LOOP('',(#6120,#6121,#6122,#6123,#6124));
#1333=EDGE_LOOP('',(#6125,#6126,#6127,#6128,#6129,#6130,#6131));
#1334=EDGE_LOOP('',(#6132,#6133,#6134,#6135,#6136));
#1335=EDGE_LOOP('',(#6137,#6138,#6139,#6140,#6141));
#1336=EDGE_LOOP('',(#6142,#6143,#6144,#6145));
#1337=EDGE_LOOP('',(#6146,#6147,#6148,#6149,#6150));
#1338=EDGE_LOOP('',(#6151,#6152,#6153,#6154));
#1339=EDGE_LOOP('',(#6155,#6156,#6157,#6158));
#1340=EDGE_LOOP('',(#6159,#6160,#6161,#6162,#6163));
#1341=EDGE_LOOP('',(#6164));
#1342=EDGE_LOOP('',(#6165,#6166,#6167,#6168));
#1343=EDGE_LOOP('',(#6169,#6170,#6171,#6172));
#1344=EDGE_LOOP('',(#6173,#6174,#6175,#6176));
#1345=EDGE_LOOP('',(#6177,#6178,#6179,#6180));
#1346=EDGE_LOOP('',(#6181,#6182,#6183,#6184));
#1347=EDGE_LOOP('',(#6185,#6186,#6187,#6188));
#1348=EDGE_LOOP('',(#6189,#6190,#6191,#6192));
#1349=EDGE_LOOP('',(#6193));
#1350=EDGE_LOOP('',(#6194));
#1351=EDGE_LOOP('',(#6195,#6196,#6197,#6198));
#1352=EDGE_LOOP('',(#6199));
#1353=EDGE_LOOP('',(#6200));
#1354=EDGE_LOOP('',(#6201,#6202,#6203,#6204));
#1355=EDGE_LOOP('',(#6205));
#1356=EDGE_LOOP('',(#6206));
#1357=EDGE_LOOP('',(#6207,#6208,#6209,#6210));
#1358=EDGE_LOOP('',(#6211));
#1359=EDGE_LOOP('',(#6212));
#1360=EDGE_LOOP('',(#6213,#6214,#6215,#6216));
#1361=EDGE_LOOP('',(#6217));
#1362=EDGE_LOOP('',(#6218));
#1363=EDGE_LOOP('',(#6219,#6220,#6221,#6222));
#1364=EDGE_LOOP('',(#6223));
#1365=EDGE_LOOP('',(#6224));
#1366=EDGE_LOOP('',(#6225,#6226,#6227,#6228));
#1367=EDGE_LOOP('',(#6229));
#1368=EDGE_LOOP('',(#6230));
#1369=EDGE_LOOP('',(#6231,#6232,#6233,#6234));
#1370=EDGE_LOOP('',(#6235));
#1371=LINE('',#9926,#2122);
#1372=LINE('',#9928,#2123);
#1373=LINE('',#9930,#2124);
#1374=LINE('',#9931,#2125);
#1375=LINE('',#9935,#2126);
#1376=LINE('',#9937,#2127);
#1377=LINE('',#9939,#2128);
#1378=LINE('',#9940,#2129);
#1379=LINE('',#9943,#2130);
#1380=LINE('',#9945,#2131);
#1381=LINE('',#9947,#2132);
#1382=LINE('',#9948,#2133);
#1383=LINE('',#9949,#2134);
#1384=LINE('',#9952,#2135);
#1385=LINE('',#9953,#2136);
#1386=LINE('',#9956,#2137);
#1387=LINE('',#9958,#2138);
#1388=LINE('',#9959,#2139);
#1389=LINE('',#9960,#2140);
#1390=LINE('',#9962,#2141);
#1391=LINE('',#9965,#2142);
#1392=LINE('',#9967,#2143);
#1393=LINE('',#9968,#2144);
#1394=LINE('',#9971,#2145);
#1395=LINE('',#9973,#2146);
#1396=LINE('',#9974,#2147);
#1397=LINE('',#9977,#2148);
#1398=LINE('',#9979,#2149);
#1399=LINE('',#9980,#2150);
#1400=LINE('',#9983,#2151);
#1401=LINE('',#9985,#2152);
#1402=LINE('',#9986,#2153);
#1403=LINE('',#9990,#2154);
#1404=LINE('',#9992,#2155);
#1405=LINE('',#9994,#2156);
#1406=LINE('',#9995,#2157);
#1407=LINE('',#9998,#2158);
#1408=LINE('',#10000,#2159);
#1409=LINE('',#10001,#2160);
#1410=LINE('',#10004,#2161);
#1411=LINE('',#10006,#2162);
#1412=LINE('',#10007,#2163);
#1413=LINE('',#10009,#2164);
#1414=LINE('',#10011,#2165);
#1415=LINE('',#10013,#2166);
#1416=LINE('',#10014,#2167);
#1417=LINE('',#10018,#2168);
#1418=LINE('',#10020,#2169);
#1419=LINE('',#10022,#2170);
#1420=LINE('',#10023,#2171);
#1421=LINE('',#10026,#2172);
#1422=LINE('',#10028,#2173);
#1423=LINE('',#10029,#2174);
#1424=LINE('',#10032,#2175);
#1425=LINE('',#10034,#2176);
#1426=LINE('',#10035,#2177);
#1427=LINE('',#10037,#2178);
#1428=LINE('',#10039,#2179);
#1429=LINE('',#10041,#2180);
#1430=LINE('',#10042,#2181);
#1431=LINE('',#10045,#2182);
#1432=LINE('',#10046,#2183);
#1433=LINE('',#10049,#2184);
#1434=LINE('',#10051,#2185);
#1435=LINE('',#10052,#2186);
#1436=LINE('',#10054,#2187);
#1437=LINE('',#10056,#2188);
#1438=LINE('',#10057,#2189);
#1439=LINE('',#10060,#2190);
#1440=LINE('',#10062,#2191);
#1441=LINE('',#10063,#2192);
#1442=LINE('',#10065,#2193);
#1443=LINE('',#10067,#2194);
#1444=LINE('',#10069,#2195);
#1445=LINE('',#10071,#2196);
#1446=LINE('',#10072,#2197);
#1447=LINE('',#10074,#2198);
#1448=LINE('',#10077,#2199);
#1449=LINE('',#10078,#2200);
#1450=LINE('',#10081,#2201);
#1451=LINE('',#10082,#2202);
#1452=LINE('',#10085,#2203);
#1453=LINE('',#10086,#2204);
#1454=LINE('',#10089,#2205);
#1455=LINE('',#10090,#2206);
#1456=LINE('',#10092,#2207);
#1457=LINE('',#10094,#2208);
#1458=LINE('',#10095,#2209);
#1459=LINE('',#10097,#2210);
#1460=LINE('',#10101,#2211);
#1461=LINE('',#10103,#2212);
#1462=LINE('',#10105,#2213);
#1463=LINE('',#10107,#2214);
#1464=LINE('',#10109,#2215);
#1465=LINE('',#10110,#2216);
#1466=LINE('',#10111,#2217);
#1467=LINE('',#10114,#2218);
#1468=LINE('',#10115,#2219);
#1469=LINE('',#10118,#2220);
#1470=LINE('',#10119,#2221);
#1471=LINE('',#10122,#2222);
#1472=LINE('',#10123,#2223);
#1473=LINE('',#10126,#2224);
#1474=LINE('',#10127,#2225);
#1475=LINE('',#10129,#2226);
#1476=LINE('',#10132,#2227);
#1477=LINE('',#10133,#2228);
#1478=LINE('',#10135,#2229);
#1479=LINE('',#10144,#2230);
#1480=LINE('',#10150,#2231);
#1481=LINE('',#10152,#2232);
#1482=LINE('',#10154,#2233);
#1483=LINE('',#10155,#2234);
#1484=LINE('',#10158,#2235);
#1485=LINE('',#10160,#2236);
#1486=LINE('',#10161,#2237);
#1487=LINE('',#10164,#2238);
#1488=LINE('',#10166,#2239);
#1489=LINE('',#10167,#2240);
#1490=LINE('',#10170,#2241);
#1491=LINE('',#10172,#2242);
#1492=LINE('',#10173,#2243);
#1493=LINE('',#10176,#2244);
#1494=LINE('',#10177,#2245);
#1495=LINE('',#10180,#2246);
#1496=LINE('',#10181,#2247);
#1497=LINE('',#10183,#2248);
#1498=LINE('',#10195,#2249);
#1499=LINE('',#10197,#2250);
#1500=LINE('',#10199,#2251);
#1501=LINE('',#10200,#2252);
#1502=LINE('',#10203,#2253);
#1503=LINE('',#10205,#2254);
#1504=LINE('',#10207,#2255);
#1505=LINE('',#10208,#2256);
#1506=LINE('',#10211,#2257);
#1507=LINE('',#10213,#2258);
#1508=LINE('',#10215,#2259);
#1509=LINE('',#10216,#2260);
#1510=LINE('',#10219,#2261);
#1511=LINE('',#10221,#2262);
#1512=LINE('',#10222,#2263);
#1513=LINE('',#10225,#2264);
#1514=LINE('',#10227,#2265);
#1515=LINE('',#10228,#2266);
#1516=LINE('',#10232,#2267);
#1517=LINE('',#10234,#2268);
#1518=LINE('',#10236,#2269);
#1519=LINE('',#10237,#2270);
#1520=LINE('',#10240,#2271);
#1521=LINE('',#10242,#2272);
#1522=LINE('',#10244,#2273);
#1523=LINE('',#10245,#2274);
#1524=LINE('',#10248,#2275);
#1525=LINE('',#10250,#2276);
#1526=LINE('',#10252,#2277);
#1527=LINE('',#10253,#2278);
#1528=LINE('',#10256,#2279);
#1529=LINE('',#10258,#2280);
#1530=LINE('',#10259,#2281);
#1531=LINE('',#10262,#2282);
#1532=LINE('',#10264,#2283);
#1533=LINE('',#10265,#2284);
#1534=LINE('',#10269,#2285);
#1535=LINE('',#10271,#2286);
#1536=LINE('',#10273,#2287);
#1537=LINE('',#10274,#2288);
#1538=LINE('',#10277,#2289);
#1539=LINE('',#10279,#2290);
#1540=LINE('',#10281,#2291);
#1541=LINE('',#10282,#2292);
#1542=LINE('',#10285,#2293);
#1543=LINE('',#10287,#2294);
#1544=LINE('',#10289,#2295);
#1545=LINE('',#10290,#2296);
#1546=LINE('',#10293,#2297);
#1547=LINE('',#10295,#2298);
#1548=LINE('',#10296,#2299);
#1549=LINE('',#10299,#2300);
#1550=LINE('',#10301,#2301);
#1551=LINE('',#10302,#2302);
#1552=LINE('',#10306,#2303);
#1553=LINE('',#10308,#2304);
#1554=LINE('',#10309,#2305);
#1555=LINE('',#10311,#2306);
#1556=LINE('',#10312,#2307);
#1557=LINE('',#10314,#2308);
#1558=LINE('',#10317,#2309);
#1559=LINE('',#10318,#2310);
#1560=LINE('',#10321,#2311);
#1561=LINE('',#10322,#2312);
#1562=LINE('',#10325,#2313);
#1563=LINE('',#10326,#2314);
#1564=LINE('',#10327,#2315);
#1565=LINE('',#10330,#2316);
#1566=LINE('',#10331,#2317);
#1567=LINE('',#10333,#2318);
#1568=LINE('',#10338,#2319);
#1569=LINE('',#10340,#2320);
#1570=LINE('',#10341,#2321);
#1571=LINE('',#10343,#2322);
#1572=LINE('',#10344,#2323);
#1573=LINE('',#10346,#2324);
#1574=LINE('',#10349,#2325);
#1575=LINE('',#10350,#2326);
#1576=LINE('',#10353,#2327);
#1577=LINE('',#10354,#2328);
#1578=LINE('',#10357,#2329);
#1579=LINE('',#10358,#2330);
#1580=LINE('',#10359,#2331);
#1581=LINE('',#10362,#2332);
#1582=LINE('',#10363,#2333);
#1583=LINE('',#10365,#2334);
#1584=LINE('',#10370,#2335);
#1585=LINE('',#10372,#2336);
#1586=LINE('',#10373,#2337);
#1587=LINE('',#10375,#2338);
#1588=LINE('',#10376,#2339);
#1589=LINE('',#10378,#2340);
#1590=LINE('',#10381,#2341);
#1591=LINE('',#10382,#2342);
#1592=LINE('',#10385,#2343);
#1593=LINE('',#10386,#2344);
#1594=LINE('',#10389,#2345);
#1595=LINE('',#10390,#2346);
#1596=LINE('',#10391,#2347);
#1597=LINE('',#10394,#2348);
#1598=LINE('',#10395,#2349);
#1599=LINE('',#10397,#2350);
#1600=LINE('',#10402,#2351);
#1601=LINE('',#10404,#2352);
#1602=LINE('',#10406,#2353);
#1603=LINE('',#10407,#2354);
#1604=LINE('',#10416,#2355);
#1605=LINE('',#10418,#2356);
#1606=LINE('',#10420,#2357);
#1607=LINE('',#10422,#2358);
#1608=LINE('',#10424,#2359);
#1609=LINE('',#10426,#2360);
#1610=LINE('',#10427,#2361);
#1611=LINE('',#10431,#2362);
#1612=LINE('',#10432,#2363);
#1613=LINE('',#10433,#2364);
#1614=LINE('',#10436,#2365);
#1615=LINE('',#10438,#2366);
#1616=LINE('',#10440,#2367);
#1617=LINE('',#10441,#2368);
#1618=LINE('',#10444,#2369);
#1619=LINE('',#10446,#2370);
#1620=LINE('',#10447,#2371);
#1621=LINE('',#10450,#2372);
#1622=LINE('',#10451,#2373);
#1623=LINE('',#10454,#2374);
#1624=LINE('',#10456,#2375);
#1625=LINE('',#10457,#2376);
#1626=LINE('',#10459,#2377);
#1627=LINE('',#10461,#2378);
#1628=LINE('',#10464,#2379);
#1629=LINE('',#10466,#2380);
#1630=LINE('',#10467,#2381);
#1631=LINE('',#10470,#2382);
#1632=LINE('',#10471,#2383);
#1633=LINE('',#10474,#2384);
#1634=LINE('',#10475,#2385);
#1635=LINE('',#10478,#2386);
#1636=LINE('',#10479,#2387);
#1637=LINE('',#10481,#2388);
#1638=LINE('',#10486,#2389);
#1639=LINE('',#10487,#2390);
#1640=LINE('',#10488,#2391);
#1641=LINE('',#10489,#2392);
#1642=LINE('',#10490,#2393);
#1643=LINE('',#10495,#2394);
#1644=LINE('',#10496,#2395);
#1645=LINE('',#10497,#2396);
#1646=LINE('',#10500,#2397);
#1647=LINE('',#10501,#2398);
#1648=LINE('',#10504,#2399);
#1649=LINE('',#10505,#2400);
#1650=LINE('',#10507,#2401);
#1651=LINE('',#10513,#2402);
#1652=LINE('',#10515,#2403);
#1653=LINE('',#10517,#2404);
#1654=LINE('',#10518,#2405);
#1655=LINE('',#10522,#2406);
#1656=LINE('',#10524,#2407);
#1657=LINE('',#10526,#2408);
#1658=LINE('',#10527,#2409);
#1659=LINE('',#10533,#2410);
#1660=LINE('',#10535,#2411);
#1661=LINE('',#10537,#2412);
#1662=LINE('',#10547,#2413);
#1663=LINE('',#10549,#2414);
#1664=LINE('',#10552,#2415);
#1665=LINE('',#10560,#2416);
#1666=LINE('',#10562,#2417);
#1667=LINE('',#10563,#2418);
#1668=LINE('',#10567,#2419);
#1669=LINE('',#10569,#2420);
#1670=LINE('',#10570,#2421);
#1671=LINE('',#10573,#2422);
#1672=LINE('',#10579,#2423);
#1673=LINE('',#10587,#2424);
#1674=LINE('',#10589,#2425);
#1675=LINE('',#10590,#2426);
#1676=LINE('',#10594,#2427);
#1677=LINE('',#10596,#2428);
#1678=LINE('',#10597,#2429);
#1679=LINE('',#10600,#2430);
#1680=LINE('',#10607,#2431);
#1681=LINE('',#10615,#2432);
#1682=LINE('',#10617,#2433);
#1683=LINE('',#10619,#2434);
#1684=LINE('',#10620,#2435);
#1685=LINE('',#10624,#2436);
#1686=LINE('',#10626,#2437);
#1687=LINE('',#10628,#2438);
#1688=LINE('',#10629,#2439);
#1689=LINE('',#10632,#2440);
#1690=LINE('',#10634,#2441);
#1691=LINE('',#10635,#2442);
#1692=LINE('',#10637,#2443);
#1693=LINE('',#10638,#2444);
#1694=LINE('',#10644,#2445);
#1695=LINE('',#10647,#2446);
#1696=LINE('',#10649,#2447);
#1697=LINE('',#10650,#2448);
#1698=LINE('',#10658,#2449);
#1699=LINE('',#10660,#2450);
#1700=LINE('',#10662,#2451);
#1701=LINE('',#10663,#2452);
#1702=LINE('',#10666,#2453);
#1703=LINE('',#10668,#2454);
#1704=LINE('',#10669,#2455);
#1705=LINE('',#10673,#2456);
#1706=LINE('',#10675,#2457);
#1707=LINE('',#10677,#2458);
#1708=LINE('',#10678,#2459);
#1709=LINE('',#10680,#2460);
#1710=LINE('',#10681,#2461);
#1711=LINE('',#10685,#2462);
#1712=LINE('',#10687,#2463);
#1713=LINE('',#10689,#2464);
#1714=LINE('',#10690,#2465);
#1715=LINE('',#10701,#2466);
#1716=LINE('',#10703,#2467);
#1717=LINE('',#10705,#2468);
#1718=LINE('',#10706,#2469);
#1719=LINE('',#10709,#2470);
#1720=LINE('',#10711,#2471);
#1721=LINE('',#10712,#2472);
#1722=LINE('',#10715,#2473);
#1723=LINE('',#10717,#2474);
#1724=LINE('',#10718,#2475);
#1725=LINE('',#10720,#2476);
#1726=LINE('',#10721,#2477);
#1727=LINE('',#10728,#2478);
#1728=LINE('',#10730,#2479);
#1729=LINE('',#10732,#2480);
#1730=LINE('',#10733,#2481);
#1731=LINE('',#10736,#2482);
#1732=LINE('',#10738,#2483);
#1733=LINE('',#10739,#2484);
#1734=LINE('',#10741,#2485);
#1735=LINE('',#10742,#2486);
#1736=LINE('',#10747,#2487);
#1737=LINE('',#10749,#2488);
#1738=LINE('',#10751,#2489);
#1739=LINE('',#10752,#2490);
#1740=LINE('',#10755,#2491);
#1741=LINE('',#10757,#2492);
#1742=LINE('',#10758,#2493);
#1743=LINE('',#10760,#2494);
#1744=LINE('',#10761,#2495);
#1745=LINE('',#10765,#2496);
#1746=LINE('',#10767,#2497);
#1747=LINE('',#10768,#2498);
#1748=LINE('',#10771,#2499);
#1749=LINE('',#10773,#2500);
#1750=LINE('',#10774,#2501);
#1751=LINE('',#10776,#2502);
#1752=LINE('',#10777,#2503);
#1753=LINE('',#10781,#2504);
#1754=LINE('',#10783,#2505);
#1755=LINE('',#10785,#2506);
#1756=LINE('',#10786,#2507);
#1757=LINE('',#10788,#2508);
#1758=LINE('',#10790,#2509);
#1759=LINE('',#10791,#2510);
#1760=LINE('',#10793,#2511);
#1761=LINE('',#10794,#2512);
#1762=LINE('',#10798,#2513);
#1763=LINE('',#10800,#2514);
#1764=LINE('',#10802,#2515);
#1765=LINE('',#10803,#2516);
#1766=LINE('',#10806,#2517);
#1767=LINE('',#10808,#2518);
#1768=LINE('',#10809,#2519);
#1769=LINE('',#10811,#2520);
#1770=LINE('',#10812,#2521);
#1771=LINE('',#10816,#2522);
#1772=LINE('',#10817,#2523);
#1773=LINE('',#10820,#2524);
#1774=LINE('',#10821,#2525);
#1775=LINE('',#10823,#2526);
#1776=LINE('',#10826,#2527);
#1777=LINE('',#10828,#2528);
#1778=LINE('',#10829,#2529);
#1779=LINE('',#10831,#2530);
#1780=LINE('',#10832,#2531);
#1781=LINE('',#10839,#2532);
#1782=LINE('',#10841,#2533);
#1783=LINE('',#10843,#2534);
#1784=LINE('',#10844,#2535);
#1785=LINE('',#10847,#2536);
#1786=LINE('',#10849,#2537);
#1787=LINE('',#10850,#2538);
#1788=LINE('',#10852,#2539);
#1789=LINE('',#10853,#2540);
#1790=LINE('',#10858,#2541);
#1791=LINE('',#10860,#2542);
#1792=LINE('',#10862,#2543);
#1793=LINE('',#10863,#2544);
#1794=LINE('',#10866,#2545);
#1795=LINE('',#10868,#2546);
#1796=LINE('',#10869,#2547);
#1797=LINE('',#10871,#2548);
#1798=LINE('',#10872,#2549);
#1799=LINE('',#10876,#2550);
#1800=LINE('',#10878,#2551);
#1801=LINE('',#10879,#2552);
#1802=LINE('',#10881,#2553);
#1803=LINE('',#10882,#2554);
#1804=LINE('',#10885,#2555);
#1805=LINE('',#10887,#2556);
#1806=LINE('',#10888,#2557);
#1807=LINE('',#10891,#2558);
#1808=LINE('',#10893,#2559);
#1809=LINE('',#10895,#2560);
#1810=LINE('',#10896,#2561);
#1811=LINE('',#10899,#2562);
#1812=LINE('',#10901,#2563);
#1813=LINE('',#10902,#2564);
#1814=LINE('',#10904,#2565);
#1815=LINE('',#10905,#2566);
#1816=LINE('',#10909,#2567);
#1817=LINE('',#10911,#2568);
#1818=LINE('',#10913,#2569);
#1819=LINE('',#10914,#2570);
#1820=LINE('',#10917,#2571);
#1821=LINE('',#10919,#2572);
#1822=LINE('',#10920,#2573);
#1823=LINE('',#10922,#2574);
#1824=LINE('',#10923,#2575);
#1825=LINE('',#10927,#2576);
#1826=LINE('',#10928,#2577);
#1827=LINE('',#10931,#2578);
#1828=LINE('',#10932,#2579);
#1829=LINE('',#10934,#2580);
#1830=LINE('',#10937,#2581);
#1831=LINE('',#10939,#2582);
#1832=LINE('',#10940,#2583);
#1833=LINE('',#10942,#2584);
#1834=LINE('',#10943,#2585);
#1835=LINE('',#10950,#2586);
#1836=LINE('',#10952,#2587);
#1837=LINE('',#10954,#2588);
#1838=LINE('',#10955,#2589);
#1839=LINE('',#10958,#2590);
#1840=LINE('',#10960,#2591);
#1841=LINE('',#10961,#2592);
#1842=LINE('',#10963,#2593);
#1843=LINE('',#10964,#2594);
#1844=LINE('',#10969,#2595);
#1845=LINE('',#10971,#2596);
#1846=LINE('',#10973,#2597);
#1847=LINE('',#10974,#2598);
#1848=LINE('',#10977,#2599);
#1849=LINE('',#10979,#2600);
#1850=LINE('',#10980,#2601);
#1851=LINE('',#10982,#2602);
#1852=LINE('',#10983,#2603);
#1853=LINE('',#10987,#2604);
#1854=LINE('',#10989,#2605);
#1855=LINE('',#10990,#2606);
#1856=LINE('',#10992,#2607);
#1857=LINE('',#10993,#2608);
#1858=LINE('',#10996,#2609);
#1859=LINE('',#10998,#2610);
#1860=LINE('',#10999,#2611);
#1861=LINE('',#11002,#2612);
#1862=LINE('',#11004,#2613);
#1863=LINE('',#11006,#2614);
#1864=LINE('',#11007,#2615);
#1865=LINE('',#11010,#2616);
#1866=LINE('',#11012,#2617);
#1867=LINE('',#11013,#2618);
#1868=LINE('',#11015,#2619);
#1869=LINE('',#11016,#2620);
#1870=LINE('',#11020,#2621);
#1871=LINE('',#11022,#2622);
#1872=LINE('',#11024,#2623);
#1873=LINE('',#11025,#2624);
#1874=LINE('',#11028,#2625);
#1875=LINE('',#11030,#2626);
#1876=LINE('',#11031,#2627);
#1877=LINE('',#11033,#2628);
#1878=LINE('',#11034,#2629);
#1879=LINE('',#11038,#2630);
#1880=LINE('',#11039,#2631);
#1881=LINE('',#11042,#2632);
#1882=LINE('',#11043,#2633);
#1883=LINE('',#11045,#2634);
#1884=LINE('',#11048,#2635);
#1885=LINE('',#11050,#2636);
#1886=LINE('',#11051,#2637);
#1887=LINE('',#11053,#2638);
#1888=LINE('',#11054,#2639);
#1889=LINE('',#11064,#2640);
#1890=LINE('',#11067,#2641);
#1891=LINE('',#11070,#2642);
#1892=LINE('',#11072,#2643);
#1893=LINE('',#11074,#2644);
#1894=LINE('',#11076,#2645);
#1895=LINE('',#11077,#2646);
#1896=LINE('',#11080,#2647);
#1897=LINE('',#11084,#2648);
#1898=LINE('',#11088,#2649);
#1899=LINE('',#11094,#2650);
#1900=LINE('',#11095,#2651);
#1901=LINE('',#11098,#2652);
#1902=LINE('',#11100,#2653);
#1903=LINE('',#11102,#2654);
#1904=LINE('',#11103,#2655);
#1905=LINE('',#11105,#2656);
#1906=LINE('',#11106,#2657);
#1907=LINE('',#11110,#2658);
#1908=LINE('',#11113,#2659);
#1909=LINE('',#11114,#2660);
#1910=LINE('',#11118,#2661);
#1911=LINE('',#11126,#2662);
#1912=LINE('',#11134,#2663);
#1913=LINE('',#11139,#2664);
#1914=LINE('',#11141,#2665);
#1915=LINE('',#11143,#2666);
#1916=LINE('',#11144,#2667);
#1917=LINE('',#11147,#2668);
#1918=LINE('',#11149,#2669);
#1919=LINE('',#11150,#2670);
#1920=LINE('',#11153,#2671);
#1921=LINE('',#11155,#2672);
#1922=LINE('',#11156,#2673);
#1923=LINE('',#11158,#2674);
#1924=LINE('',#11159,#2675);
#1925=LINE('',#11167,#2676);
#1926=LINE('',#11177,#2677);
#1927=LINE('',#11179,#2678);
#1928=LINE('',#11180,#2679);
#1929=LINE('',#11183,#2680);
#1930=LINE('',#11185,#2681);
#1931=LINE('',#11186,#2682);
#1932=LINE('',#11189,#2683);
#1933=LINE('',#11190,#2684);
#1934=LINE('',#11193,#2685);
#1935=LINE('',#11194,#2686);
#1936=LINE('',#11212,#2687);
#1937=LINE('',#11215,#2688);
#1938=LINE('',#11218,#2689);
#1939=LINE('',#11222,#2690);
#1940=LINE('',#11226,#2691);
#1941=LINE('',#11229,#2692);
#1942=LINE('',#11240,#2693);
#1943=LINE('',#11241,#2694);
#1944=LINE('',#11245,#2695);
#1945=LINE('',#11250,#2696);
#1946=LINE('',#11251,#2697);
#1947=LINE('',#11254,#2698);
#1948=LINE('',#11255,#2699);
#1949=LINE('',#11259,#2700);
#1950=LINE('',#11261,#2701);
#1951=LINE('',#11263,#2702);
#1952=LINE('',#11267,#2703);
#1953=LINE('',#11271,#2704);
#1954=LINE('',#11275,#2705);
#1955=LINE('',#11279,#2706);
#1956=LINE('',#11285,#2707);
#1957=LINE('',#11288,#2708);
#1958=LINE('',#11290,#2709);
#1959=LINE('',#11291,#2710);
#1960=LINE('',#11299,#2711);
#1961=LINE('',#11301,#2712);
#1962=LINE('',#11303,#2713);
#1963=LINE('',#11304,#2714);
#1964=LINE('',#11307,#2715);
#1965=LINE('',#11309,#2716);
#1966=LINE('',#11310,#2717);
#1967=LINE('',#11312,#2718);
#1968=LINE('',#11313,#2719);
#1969=LINE('',#11314,#2720);
#1970=LINE('',#11321,#2721);
#1971=LINE('',#11322,#2722);
#1972=LINE('',#11324,#2723);
#1973=LINE('',#11325,#2724);
#1974=LINE('',#11330,#2725);
#1975=LINE('',#11333,#2726);
#1976=LINE('',#11336,#2727);
#1977=LINE('',#11338,#2728);
#1978=LINE('',#11342,#2729);
#1979=LINE('',#11343,#2730);
#1980=LINE('',#11346,#2731);
#1981=LINE('',#11347,#2732);
#1982=LINE('',#11356,#2733);
#1983=LINE('',#11358,#2734);
#1984=LINE('',#11359,#2735);
#1985=LINE('',#11362,#2736);
#1986=LINE('',#11365,#2737);
#1987=LINE('',#11368,#2738);
#1988=LINE('',#11370,#2739);
#1989=LINE('',#11372,#2740);
#1990=LINE('',#11373,#2741);
#1991=LINE('',#11374,#2742);
#1992=LINE('',#11377,#2743);
#1993=LINE('',#11378,#2744);
#1994=LINE('',#11383,#2745);
#1995=LINE('',#11384,#2746);
#1996=LINE('',#11386,#2747);
#1997=LINE('',#11388,#2748);
#1998=LINE('',#11390,#2749);
#1999=LINE('',#11398,#2750);
#2000=LINE('',#11402,#2751);
#2001=LINE('',#11407,#2752);
#2002=LINE('',#11411,#2753);
#2003=LINE('',#11417,#2754);
#2004=LINE('',#11420,#2755);
#2005=LINE('',#11423,#2756);
#2006=LINE('',#11425,#2757);
#2007=LINE('',#11427,#2758);
#2008=LINE('',#11429,#2759);
#2009=LINE('',#11430,#2760);
#2010=LINE('',#11433,#2761);
#2011=LINE('',#11435,#2762);
#2012=LINE('',#11436,#2763);
#2013=LINE('',#11441,#2764);
#2014=LINE('',#11445,#2765);
#2015=LINE('',#11447,#2766);
#2016=LINE('',#11448,#2767);
#2017=LINE('',#11451,#2768);
#2018=LINE('',#11455,#2769);
#2019=LINE('',#11459,#2770);
#2020=LINE('',#11463,#2771);
#2021=LINE('',#11467,#2772);
#2022=LINE('',#11468,#2773);
#2023=LINE('',#11470,#2774);
#2024=LINE('',#11475,#2775);
#2025=LINE('',#11476,#2776);
#2026=LINE('',#11479,#2777);
#2027=LINE('',#11483,#2778);
#2028=LINE('',#11487,#2779);
#2029=LINE('',#11491,#2780);
#2030=LINE('',#11495,#2781);
#2031=LINE('',#11497,#2782);
#2032=LINE('',#11498,#2783);
#2033=LINE('',#11500,#2784);
#2034=LINE('',#11502,#2785);
#2035=LINE('',#11503,#2786);
#2036=LINE('',#11505,#2787);
#2037=LINE('',#11507,#2788);
#2038=LINE('',#11508,#2789);
#2039=LINE('',#11510,#2790);
#2040=LINE('',#11511,#2791);
#2041=LINE('',#11512,#2792);
#2042=LINE('',#11522,#2793);
#2043=LINE('',#11529,#2794);
#2044=LINE('',#11536,#2795);
#2045=LINE('',#11542,#2796);
#2046=LINE('',#11548,#2797);
#2047=LINE('',#11552,#2798);
#2048=LINE('',#11557,#2799);
#2049=LINE('',#11561,#2800);
#2050=LINE('',#11566,#2801);
#2051=LINE('',#11567,#2802);
#2052=LINE('',#11570,#2803);
#2053=LINE('',#11571,#2804);
#2054=LINE('',#11574,#2805);
#2055=LINE('',#11578,#2806);
#2056=LINE('',#11582,#2807);
#2057=LINE('',#11585,#2808);
#2058=LINE('',#11586,#2809);
#2059=LINE('',#11588,#2810);
#2060=LINE('',#11590,#2811);
#2061=LINE('',#11592,#2812);
#2062=LINE('',#11596,#2813);
#2063=LINE('',#11604,#2814);
#2064=LINE('',#11607,#2815);
#2065=LINE('',#11612,#2816);
#2066=LINE('',#11614,#2817);
#2067=LINE('',#11618,#2818);
#2068=LINE('',#11621,#2819);
#2069=LINE('',#11627,#2820);
#2070=LINE('',#11640,#2821);
#2071=LINE('',#11651,#2822);
#2072=LINE('',#11655,#2823);
#2073=LINE('',#11670,#2824);
#2074=LINE('',#11671,#2825);
#2075=LINE('',#11706,#2826);
#2076=LINE('',#11724,#2827);
#2077=LINE('',#11735,#2828);
#2078=LINE('',#11741,#2829);
#2079=LINE('',#11751,#2830);
#2080=LINE('',#11752,#2831);
#2081=LINE('',#11754,#2832);
#2082=LINE('',#11755,#2833);
#2083=LINE('',#11757,#2834);
#2084=LINE('',#11758,#2835);
#2085=LINE('',#11772,#2836);
#2086=LINE('',#11773,#2837);
#2087=LINE('',#11776,#2838);
#2088=LINE('',#11778,#2839);
#2089=LINE('',#11781,#2840);
#2090=LINE('',#11782,#2841);
#2091=LINE('',#11792,#2842);
#2092=LINE('',#11793,#2843);
#2093=LINE('',#11796,#2844);
#2094=LINE('',#11797,#2845);
#2095=LINE('',#11801,#2846);
#2096=LINE('',#11802,#2847);
#2097=LINE('',#11807,#2848);
#2098=LINE('',#11810,#2849);
#2099=LINE('',#11812,#2850);
#2100=LINE('',#11817,#2851);
#2101=LINE('',#11894,#2852);
#2102=LINE('',#11898,#2853);
#2103=LINE('',#11974,#2854);
#2104=LINE('',#11975,#2855);
#2105=LINE('',#11978,#2856);
#2106=LINE('',#11980,#2857);
#2107=LINE('',#11982,#2858);
#2108=LINE('',#11992,#2859);
#2109=LINE('',#11996,#2860);
#2110=LINE('',#12000,#2861);
#2111=LINE('',#12004,#2862);
#2112=LINE('',#12008,#2863);
#2113=LINE('',#12012,#2864);
#2114=LINE('',#12016,#2865);
#2115=LINE('',#12023,#2866);
#2116=LINE('',#12030,#2867);
#2117=LINE('',#12037,#2868);
#2118=LINE('',#12044,#2869);
#2119=LINE('',#12051,#2870);
#2120=LINE('',#12058,#2871);
#2121=LINE('',#12065,#2872);
#2122=VECTOR('',#7941,10.);
#2123=VECTOR('',#7942,10.);
#2124=VECTOR('',#7943,10.);
#2125=VECTOR('',#7944,10.);
#2126=VECTOR('',#7947,10.);
#2127=VECTOR('',#7948,10.);
#2128=VECTOR('',#7949,10.);
#2129=VECTOR('',#7950,10.);
#2130=VECTOR('',#7953,10.);
#2131=VECTOR('',#7954,10.);
#2132=VECTOR('',#7955,10.);
#2133=VECTOR('',#7956,10.);
#2134=VECTOR('',#7957,10.);
#2135=VECTOR('',#7960,10.);
#2136=VECTOR('',#7961,10.);
#2137=VECTOR('',#7964,10.);
#2138=VECTOR('',#7965,10.);
#2139=VECTOR('',#7966,10.);
#2140=VECTOR('',#7967,10.);
#2141=VECTOR('',#7970,10.);
#2142=VECTOR('',#7973,10.);
#2143=VECTOR('',#7974,10.);
#2144=VECTOR('',#7975,10.);
#2145=VECTOR('',#7978,10.);
#2146=VECTOR('',#7979,10.);
#2147=VECTOR('',#7980,10.);
#2148=VECTOR('',#7983,10.);
#2149=VECTOR('',#7984,10.);
#2150=VECTOR('',#7985,10.);
#2151=VECTOR('',#7988,10.);
#2152=VECTOR('',#7989,10.);
#2153=VECTOR('',#7990,10.);
#2154=VECTOR('',#7993,10.);
#2155=VECTOR('',#7994,10.);
#2156=VECTOR('',#7995,10.);
#2157=VECTOR('',#7996,10.);
#2158=VECTOR('',#7999,10.);
#2159=VECTOR('',#8000,10.);
#2160=VECTOR('',#8001,10.);
#2161=VECTOR('',#8004,10.);
#2162=VECTOR('',#8005,10.);
#2163=VECTOR('',#8006,10.);
#2164=VECTOR('',#8007,10.);
#2165=VECTOR('',#8008,10.);
#2166=VECTOR('',#8009,10.);
#2167=VECTOR('',#8010,10.);
#2168=VECTOR('',#8013,10.);
#2169=VECTOR('',#8014,10.);
#2170=VECTOR('',#8015,10.);
#2171=VECTOR('',#8016,10.);
#2172=VECTOR('',#8019,10.);
#2173=VECTOR('',#8020,10.);
#2174=VECTOR('',#8021,10.);
#2175=VECTOR('',#8024,10.);
#2176=VECTOR('',#8025,10.);
#2177=VECTOR('',#8026,10.);
#2178=VECTOR('',#8027,10.);
#2179=VECTOR('',#8028,10.);
#2180=VECTOR('',#8029,10.);
#2181=VECTOR('',#8030,10.);
#2182=VECTOR('',#8033,10.);
#2183=VECTOR('',#8034,10.);
#2184=VECTOR('',#8037,10.);
#2185=VECTOR('',#8038,10.);
#2186=VECTOR('',#8039,10.);
#2187=VECTOR('',#8040,10.);
#2188=VECTOR('',#8041,10.);
#2189=VECTOR('',#8042,10.);
#2190=VECTOR('',#8045,10.);
#2191=VECTOR('',#8046,10.);
#2192=VECTOR('',#8047,10.);
#2193=VECTOR('',#8048,10.);
#2194=VECTOR('',#8049,10.);
#2195=VECTOR('',#8050,10.);
#2196=VECTOR('',#8051,10.);
#2197=VECTOR('',#8052,10.);
#2198=VECTOR('',#8055,10.);
#2199=VECTOR('',#8058,10.);
#2200=VECTOR('',#8059,10.);
#2201=VECTOR('',#8062,10.);
#2202=VECTOR('',#8063,10.);
#2203=VECTOR('',#8066,10.);
#2204=VECTOR('',#8067,10.);
#2205=VECTOR('',#8070,10.);
#2206=VECTOR('',#8071,10.);
#2207=VECTOR('',#8074,10.);
#2208=VECTOR('',#8075,10.);
#2209=VECTOR('',#8076,10.);
#2210=VECTOR('',#8079,10.);
#2211=VECTOR('',#8084,10.);
#2212=VECTOR('',#8085,10.);
#2213=VECTOR('',#8086,10.);
#2214=VECTOR('',#8087,10.);
#2215=VECTOR('',#8088,10.);
#2216=VECTOR('',#8089,10.);
#2217=VECTOR('',#8090,10.);
#2218=VECTOR('',#8093,10.);
#2219=VECTOR('',#8094,10.);
#2220=VECTOR('',#8097,10.);
#2221=VECTOR('',#8098,10.);
#2222=VECTOR('',#8101,10.);
#2223=VECTOR('',#8102,10.);
#2224=VECTOR('',#8105,10.);
#2225=VECTOR('',#8106,10.);
#2226=VECTOR('',#8109,10.);
#2227=VECTOR('',#8112,10.);
#2228=VECTOR('',#8113,10.);
#2229=VECTOR('',#8116,10.);
#2230=VECTOR('',#8129,219.);
#2231=VECTOR('',#8136,10.);
#2232=VECTOR('',#8137,10.);
#2233=VECTOR('',#8138,10.);
#2234=VECTOR('',#8139,10.);
#2235=VECTOR('',#8142,10.);
#2236=VECTOR('',#8143,10.);
#2237=VECTOR('',#8144,10.);
#2238=VECTOR('',#8147,10.);
#2239=VECTOR('',#8148,10.);
#2240=VECTOR('',#8149,10.);
#2241=VECTOR('',#8152,10.);
#2242=VECTOR('',#8153,10.);
#2243=VECTOR('',#8154,10.);
#2244=VECTOR('',#8157,10.);
#2245=VECTOR('',#8158,10.);
#2246=VECTOR('',#8161,10.);
#2247=VECTOR('',#8162,10.);
#2248=VECTOR('',#8165,10.);
#2249=VECTOR('',#8184,10.);
#2250=VECTOR('',#8185,10.);
#2251=VECTOR('',#8186,10.);
#2252=VECTOR('',#8187,10.);
#2253=VECTOR('',#8190,10.);
#2254=VECTOR('',#8191,10.);
#2255=VECTOR('',#8192,10.);
#2256=VECTOR('',#8193,10.);
#2257=VECTOR('',#8196,10.);
#2258=VECTOR('',#8197,10.);
#2259=VECTOR('',#8198,10.);
#2260=VECTOR('',#8199,10.);
#2261=VECTOR('',#8202,10.);
#2262=VECTOR('',#8203,10.);
#2263=VECTOR('',#8204,10.);
#2264=VECTOR('',#8207,10.);
#2265=VECTOR('',#8208,10.);
#2266=VECTOR('',#8209,10.);
#2267=VECTOR('',#8212,10.);
#2268=VECTOR('',#8213,10.);
#2269=VECTOR('',#8214,10.);
#2270=VECTOR('',#8215,10.);
#2271=VECTOR('',#8218,10.);
#2272=VECTOR('',#8219,10.);
#2273=VECTOR('',#8220,10.);
#2274=VECTOR('',#8221,10.);
#2275=VECTOR('',#8224,10.);
#2276=VECTOR('',#8225,10.);
#2277=VECTOR('',#8226,10.);
#2278=VECTOR('',#8227,10.);
#2279=VECTOR('',#8230,10.);
#2280=VECTOR('',#8231,10.);
#2281=VECTOR('',#8232,10.);
#2282=VECTOR('',#8235,10.);
#2283=VECTOR('',#8236,10.);
#2284=VECTOR('',#8237,10.);
#2285=VECTOR('',#8240,10.);
#2286=VECTOR('',#8241,10.);
#2287=VECTOR('',#8242,10.);
#2288=VECTOR('',#8243,10.);
#2289=VECTOR('',#8246,10.);
#2290=VECTOR('',#8247,10.);
#2291=VECTOR('',#8248,10.);
#2292=VECTOR('',#8249,10.);
#2293=VECTOR('',#8252,10.);
#2294=VECTOR('',#8253,10.);
#2295=VECTOR('',#8254,10.);
#2296=VECTOR('',#8255,10.);
#2297=VECTOR('',#8258,10.);
#2298=VECTOR('',#8259,10.);
#2299=VECTOR('',#8260,10.);
#2300=VECTOR('',#8263,10.);
#2301=VECTOR('',#8264,10.);
#2302=VECTOR('',#8265,10.);
#2303=VECTOR('',#8268,10.);
#2304=VECTOR('',#8269,10.);
#2305=VECTOR('',#8270,10.);
#2306=VECTOR('',#8271,10.);
#2307=VECTOR('',#8272,10.);
#2308=VECTOR('',#8275,10.);
#2309=VECTOR('',#8278,10.);
#2310=VECTOR('',#8279,10.);
#2311=VECTOR('',#8282,10.);
#2312=VECTOR('',#8283,10.);
#2313=VECTOR('',#8286,10.);
#2314=VECTOR('',#8287,10.);
#2315=VECTOR('',#8288,10.);
#2316=VECTOR('',#8291,10.);
#2317=VECTOR('',#8292,10.);
#2318=VECTOR('',#8295,10.);
#2319=VECTOR('',#8300,10.);
#2320=VECTOR('',#8301,10.);
#2321=VECTOR('',#8302,10.);
#2322=VECTOR('',#8303,10.);
#2323=VECTOR('',#8304,10.);
#2324=VECTOR('',#8307,10.);
#2325=VECTOR('',#8310,10.);
#2326=VECTOR('',#8311,10.);
#2327=VECTOR('',#8314,10.);
#2328=VECTOR('',#8315,10.);
#2329=VECTOR('',#8318,10.);
#2330=VECTOR('',#8319,10.);
#2331=VECTOR('',#8320,10.);
#2332=VECTOR('',#8323,10.);
#2333=VECTOR('',#8324,10.);
#2334=VECTOR('',#8327,10.);
#2335=VECTOR('',#8332,10.);
#2336=VECTOR('',#8333,10.);
#2337=VECTOR('',#8334,10.);
#2338=VECTOR('',#8335,10.);
#2339=VECTOR('',#8336,10.);
#2340=VECTOR('',#8339,10.);
#2341=VECTOR('',#8342,10.);
#2342=VECTOR('',#8343,10.);
#2343=VECTOR('',#8346,10.);
#2344=VECTOR('',#8347,10.);
#2345=VECTOR('',#8350,10.);
#2346=VECTOR('',#8351,10.);
#2347=VECTOR('',#8352,10.);
#2348=VECTOR('',#8355,10.);
#2349=VECTOR('',#8356,10.);
#2350=VECTOR('',#8359,10.);
#2351=VECTOR('',#8364,10.);
#2352=VECTOR('',#8365,10.);
#2353=VECTOR('',#8366,10.);
#2354=VECTOR('',#8367,10.);
#2355=VECTOR('',#8378,10.);
#2356=VECTOR('',#8379,10.);
#2357=VECTOR('',#8380,10.);
#2358=VECTOR('',#8381,10.);
#2359=VECTOR('',#8382,10.);
#2360=VECTOR('',#8383,10.);
#2361=VECTOR('',#8384,10.);
#2362=VECTOR('',#8387,10.);
#2363=VECTOR('',#8388,10.);
#2364=VECTOR('',#8389,10.);
#2365=VECTOR('',#8392,10.);
#2366=VECTOR('',#8393,10.);
#2367=VECTOR('',#8394,10.);
#2368=VECTOR('',#8395,10.);
#2369=VECTOR('',#8398,10.);
#2370=VECTOR('',#8399,10.);
#2371=VECTOR('',#8400,10.);
#2372=VECTOR('',#8403,10.);
#2373=VECTOR('',#8404,10.);
#2374=VECTOR('',#8407,10.);
#2375=VECTOR('',#8408,10.);
#2376=VECTOR('',#8409,10.);
#2377=VECTOR('',#8412,10.);
#2378=VECTOR('',#8415,10.);
#2379=VECTOR('',#8418,10.);
#2380=VECTOR('',#8419,10.);
#2381=VECTOR('',#8420,10.);
#2382=VECTOR('',#8423,10.);
#2383=VECTOR('',#8424,10.);
#2384=VECTOR('',#8427,10.);
#2385=VECTOR('',#8428,10.);
#2386=VECTOR('',#8431,10.);
#2387=VECTOR('',#8432,10.);
#2388=VECTOR('',#8435,10.);
#2389=VECTOR('',#8442,163.);
#2390=VECTOR('',#8443,10.);
#2391=VECTOR('',#8444,10.);
#2392=VECTOR('',#8445,10.);
#2393=VECTOR('',#8446,10.);
#2394=VECTOR('',#8451,10.);
#2395=VECTOR('',#8452,10.);
#2396=VECTOR('',#8453,10.);
#2397=VECTOR('',#8456,10.);
#2398=VECTOR('',#8457,10.);
#2399=VECTOR('',#8460,10.);
#2400=VECTOR('',#8461,10.);
#2401=VECTOR('',#8464,10.);
#2402=VECTOR('',#8471,10.);
#2403=VECTOR('',#8472,10.);
#2404=VECTOR('',#8473,10.);
#2405=VECTOR('',#8474,10.);
#2406=VECTOR('',#8477,10.);
#2407=VECTOR('',#8478,10.);
#2408=VECTOR('',#8479,10.);
#2409=VECTOR('',#8480,10.);
#2410=VECTOR('',#8487,10.);
#2411=VECTOR('',#8488,10.);
#2412=VECTOR('',#8489,10.);
#2413=VECTOR('',#8504,10.);
#2414=VECTOR('',#8505,10.);
#2415=VECTOR('',#8510,10.);
#2416=VECTOR('',#8519,10.);
#2417=VECTOR('',#8520,10.);
#2418=VECTOR('',#8521,10.);
#2419=VECTOR('',#8526,10.);
#2420=VECTOR('',#8527,10.);
#2421=VECTOR('',#8528,10.);
#2422=VECTOR('',#8533,10.);
#2423=VECTOR('',#8542,135.);
#2424=VECTOR('',#8551,10.);
#2425=VECTOR('',#8552,10.);
#2426=VECTOR('',#8553,10.);
#2427=VECTOR('',#8558,10.);
#2428=VECTOR('',#8559,10.);
#2429=VECTOR('',#8560,10.);
#2430=VECTOR('',#8565,10.);
#2431=VECTOR('',#8574,108.);
#2432=VECTOR('',#8585,10.);
#2433=VECTOR('',#8586,10.);
#2434=VECTOR('',#8587,10.);
#2435=VECTOR('',#8588,10.);
#2436=VECTOR('',#8591,10.);
#2437=VECTOR('',#8592,10.);
#2438=VECTOR('',#8593,10.);
#2439=VECTOR('',#8594,10.);
#2440=VECTOR('',#8597,10.);
#2441=VECTOR('',#8598,10.);
#2442=VECTOR('',#8599,10.);
#2443=VECTOR('',#8602,10.);
#2444=VECTOR('',#8603,10.);
#2445=VECTOR('',#8610,10.);
#2446=VECTOR('',#8613,10.);
#2447=VECTOR('',#8614,10.);
#2448=VECTOR('',#8615,10.);
#2449=VECTOR('',#8626,10.);
#2450=VECTOR('',#8627,10.);
#2451=VECTOR('',#8628,10.);
#2452=VECTOR('',#8629,10.);
#2453=VECTOR('',#8632,10.);
#2454=VECTOR('',#8633,10.);
#2455=VECTOR('',#8634,10.);
#2456=VECTOR('',#8637,10.);
#2457=VECTOR('',#8638,10.);
#2458=VECTOR('',#8639,10.);
#2459=VECTOR('',#8640,10.);
#2460=VECTOR('',#8643,10.);
#2461=VECTOR('',#8644,10.);
#2462=VECTOR('',#8647,10.);
#2463=VECTOR('',#8648,10.);
#2464=VECTOR('',#8649,10.);
#2465=VECTOR('',#8650,10.);
#2466=VECTOR('',#8667,10.);
#2467=VECTOR('',#8668,10.);
#2468=VECTOR('',#8669,10.);
#2469=VECTOR('',#8670,10.);
#2470=VECTOR('',#8673,10.);
#2471=VECTOR('',#8674,10.);
#2472=VECTOR('',#8675,10.);
#2473=VECTOR('',#8678,10.);
#2474=VECTOR('',#8679,10.);
#2475=VECTOR('',#8680,10.);
#2476=VECTOR('',#8683,10.);
#2477=VECTOR('',#8684,10.);
#2478=VECTOR('',#8693,10.);
#2479=VECTOR('',#8694,10.);
#2480=VECTOR('',#8695,10.);
#2481=VECTOR('',#8696,10.);
#2482=VECTOR('',#8699,10.);
#2483=VECTOR('',#8700,10.);
#2484=VECTOR('',#8701,10.);
#2485=VECTOR('',#8704,10.);
#2486=VECTOR('',#8705,10.);
#2487=VECTOR('',#8710,10.);
#2488=VECTOR('',#8711,10.);
#2489=VECTOR('',#8712,10.);
#2490=VECTOR('',#8713,10.);
#2491=VECTOR('',#8716,10.);
#2492=VECTOR('',#8717,10.);
#2493=VECTOR('',#8718,10.);
#2494=VECTOR('',#8721,10.);
#2495=VECTOR('',#8722,10.);
#2496=VECTOR('',#8727,10.);
#2497=VECTOR('',#8728,10.);
#2498=VECTOR('',#8729,10.);
#2499=VECTOR('',#8732,10.);
#2500=VECTOR('',#8733,10.);
#2501=VECTOR('',#8734,10.);
#2502=VECTOR('',#8737,10.);
#2503=VECTOR('',#8738,10.);
#2504=VECTOR('',#8741,10.);
#2505=VECTOR('',#8742,10.);
#2506=VECTOR('',#8743,10.);
#2507=VECTOR('',#8744,10.);
#2508=VECTOR('',#8747,10.);
#2509=VECTOR('',#8748,10.);
#2510=VECTOR('',#8749,10.);
#2511=VECTOR('',#8752,10.);
#2512=VECTOR('',#8753,10.);
#2513=VECTOR('',#8758,10.);
#2514=VECTOR('',#8759,10.);
#2515=VECTOR('',#8760,10.);
#2516=VECTOR('',#8761,10.);
#2517=VECTOR('',#8764,10.);
#2518=VECTOR('',#8765,10.);
#2519=VECTOR('',#8766,10.);
#2520=VECTOR('',#8769,10.);
#2521=VECTOR('',#8770,10.);
#2522=VECTOR('',#8775,10.);
#2523=VECTOR('',#8776,10.);
#2524=VECTOR('',#8779,10.);
#2525=VECTOR('',#8780,10.);
#2526=VECTOR('',#8783,10.);
#2527=VECTOR('',#8786,10.);
#2528=VECTOR('',#8787,10.);
#2529=VECTOR('',#8788,10.);
#2530=VECTOR('',#8791,10.);
#2531=VECTOR('',#8792,10.);
#2532=VECTOR('',#8801,10.);
#2533=VECTOR('',#8802,10.);
#2534=VECTOR('',#8803,10.);
#2535=VECTOR('',#8804,10.);
#2536=VECTOR('',#8807,10.);
#2537=VECTOR('',#8808,10.);
#2538=VECTOR('',#8809,10.);
#2539=VECTOR('',#8812,10.);
#2540=VECTOR('',#8813,10.);
#2541=VECTOR('',#8818,10.);
#2542=VECTOR('',#8819,10.);
#2543=VECTOR('',#8820,10.);
#2544=VECTOR('',#8821,10.);
#2545=VECTOR('',#8824,10.);
#2546=VECTOR('',#8825,10.);
#2547=VECTOR('',#8826,10.);
#2548=VECTOR('',#8829,10.);
#2549=VECTOR('',#8830,10.);
#2550=VECTOR('',#8835,10.);
#2551=VECTOR('',#8836,10.);
#2552=VECTOR('',#8837,10.);
#2553=VECTOR('',#8840,10.);
#2554=VECTOR('',#8841,10.);
#2555=VECTOR('',#8844,10.);
#2556=VECTOR('',#8845,10.);
#2557=VECTOR('',#8846,10.);
#2558=VECTOR('',#8849,10.);
#2559=VECTOR('',#8850,10.);
#2560=VECTOR('',#8851,10.);
#2561=VECTOR('',#8852,10.);
#2562=VECTOR('',#8855,10.);
#2563=VECTOR('',#8856,10.);
#2564=VECTOR('',#8857,10.);
#2565=VECTOR('',#8860,10.);
#2566=VECTOR('',#8861,10.);
#2567=VECTOR('',#8866,10.);
#2568=VECTOR('',#8867,10.);
#2569=VECTOR('',#8868,10.);
#2570=VECTOR('',#8869,10.);
#2571=VECTOR('',#8872,10.);
#2572=VECTOR('',#8873,10.);
#2573=VECTOR('',#8874,10.);
#2574=VECTOR('',#8877,10.);
#2575=VECTOR('',#8878,10.);
#2576=VECTOR('',#8883,10.);
#2577=VECTOR('',#8884,10.);
#2578=VECTOR('',#8887,10.);
#2579=VECTOR('',#8888,10.);
#2580=VECTOR('',#8891,10.);
#2581=VECTOR('',#8894,10.);
#2582=VECTOR('',#8895,10.);
#2583=VECTOR('',#8896,10.);
#2584=VECTOR('',#8899,10.);
#2585=VECTOR('',#8900,10.);
#2586=VECTOR('',#8909,10.);
#2587=VECTOR('',#8910,10.);
#2588=VECTOR('',#8911,10.);
#2589=VECTOR('',#8912,10.);
#2590=VECTOR('',#8915,10.);
#2591=VECTOR('',#8916,10.);
#2592=VECTOR('',#8917,10.);
#2593=VECTOR('',#8920,10.);
#2594=VECTOR('',#8921,10.);
#2595=VECTOR('',#8926,10.);
#2596=VECTOR('',#8927,10.);
#2597=VECTOR('',#8928,10.);
#2598=VECTOR('',#8929,10.);
#2599=VECTOR('',#8932,10.);
#2600=VECTOR('',#8933,10.);
#2601=VECTOR('',#8934,10.);
#2602=VECTOR('',#8937,10.);
#2603=VECTOR('',#8938,10.);
#2604=VECTOR('',#8943,10.);
#2605=VECTOR('',#8944,10.);
#2606=VECTOR('',#8945,10.);
#2607=VECTOR('',#8948,10.);
#2608=VECTOR('',#8949,10.);
#2609=VECTOR('',#8952,10.);
#2610=VECTOR('',#8953,10.);
#2611=VECTOR('',#8954,10.);
#2612=VECTOR('',#8957,10.);
#2613=VECTOR('',#8958,10.);
#2614=VECTOR('',#8959,10.);
#2615=VECTOR('',#8960,10.);
#2616=VECTOR('',#8963,10.);
#2617=VECTOR('',#8964,10.);
#2618=VECTOR('',#8965,10.);
#2619=VECTOR('',#8968,10.);
#2620=VECTOR('',#8969,10.);
#2621=VECTOR('',#8974,10.);
#2622=VECTOR('',#8975,10.);
#2623=VECTOR('',#8976,10.);
#2624=VECTOR('',#8977,10.);
#2625=VECTOR('',#8980,10.);
#2626=VECTOR('',#8981,10.);
#2627=VECTOR('',#8982,10.);
#2628=VECTOR('',#8985,10.);
#2629=VECTOR('',#8986,10.);
#2630=VECTOR('',#8991,10.);
#2631=VECTOR('',#8992,10.);
#2632=VECTOR('',#8995,10.);
#2633=VECTOR('',#8996,10.);
#2634=VECTOR('',#8999,10.);
#2635=VECTOR('',#9002,10.);
#2636=VECTOR('',#9003,10.);
#2637=VECTOR('',#9004,10.);
#2638=VECTOR('',#9007,10.);
#2639=VECTOR('',#9008,10.);
#2640=VECTOR('',#9021,10.);
#2641=VECTOR('',#9024,10.);
#2642=VECTOR('',#9027,10.);
#2643=VECTOR('',#9028,10.);
#2644=VECTOR('',#9029,10.);
#2645=VECTOR('',#9030,10.);
#2646=VECTOR('',#9031,10.);
#2647=VECTOR('',#9034,10.);
#2648=VECTOR('',#9037,10.);
#2649=VECTOR('',#9040,10.);
#2650=VECTOR('',#9047,10.);
#2651=VECTOR('',#9048,10.);
#2652=VECTOR('',#9051,10.);
#2653=VECTOR('',#9052,10.);
#2654=VECTOR('',#9053,10.);
#2655=VECTOR('',#9054,10.);
#2656=VECTOR('',#9057,10.);
#2657=VECTOR('',#9058,10.);
#2658=VECTOR('',#9063,10.);
#2659=VECTOR('',#9066,10.);
#2660=VECTOR('',#9067,10.);
#2661=VECTOR('',#9074,10.);
#2662=VECTOR('',#9085,147.5);
#2663=VECTOR('',#9096,167.);
#2664=VECTOR('',#9101,10.);
#2665=VECTOR('',#9102,10.);
#2666=VECTOR('',#9103,10.);
#2667=VECTOR('',#9104,10.);
#2668=VECTOR('',#9107,10.);
#2669=VECTOR('',#9108,10.);
#2670=VECTOR('',#9109,10.);
#2671=VECTOR('',#9112,10.);
#2672=VECTOR('',#9113,10.);
#2673=VECTOR('',#9114,10.);
#2674=VECTOR('',#9117,10.);
#2675=VECTOR('',#9118,10.);
#2676=VECTOR('',#9129,20.);
#2677=VECTOR('',#9142,10.);
#2678=VECTOR('',#9143,10.);
#2679=VECTOR('',#9144,10.);
#2680=VECTOR('',#9147,10.);
#2681=VECTOR('',#9148,10.);
#2682=VECTOR('',#9149,10.);
#2683=VECTOR('',#9152,10.);
#2684=VECTOR('',#9153,10.);
#2685=VECTOR('',#9156,10.);
#2686=VECTOR('',#9157,10.);
#2687=VECTOR('',#9186,10.);
#2688=VECTOR('',#9189,10.);
#2689=VECTOR('',#9192,10.);
#2690=VECTOR('',#9195,10.);
#2691=VECTOR('',#9198,10.);
#2692=VECTOR('',#9201,10.);
#2693=VECTOR('',#9212,10.);
#2694=VECTOR('',#9213,10.);
#2695=VECTOR('',#9218,10.);
#2696=VECTOR('',#9223,10.);
#2697=VECTOR('',#9224,10.);
#2698=VECTOR('',#9227,10.);
#2699=VECTOR('',#9228,10.);
#2700=VECTOR('',#9233,10.);
#2701=VECTOR('',#9236,10.);
#2702=VECTOR('',#9239,10.);
#2703=VECTOR('',#9244,10.);
#2704=VECTOR('',#9249,10.);
#2705=VECTOR('',#9254,10.);
#2706=VECTOR('',#9259,10.);
#2707=VECTOR('',#9266,10.);
#2708=VECTOR('',#9269,10.);
#2709=VECTOR('',#9270,10.);
#2710=VECTOR('',#9271,10.);
#2711=VECTOR('',#9282,10.);
#2712=VECTOR('',#9283,10.);
#2713=VECTOR('',#9284,10.);
#2714=VECTOR('',#9285,10.);
#2715=VECTOR('',#9288,10.);
#2716=VECTOR('',#9289,10.);
#2717=VECTOR('',#9290,10.);
#2718=VECTOR('',#9293,10.);
#2719=VECTOR('',#9294,10.);
#2720=VECTOR('',#9295,10.);
#2721=VECTOR('',#9302,10.);
#2722=VECTOR('',#9303,10.);
#2723=VECTOR('',#9304,10.);
#2724=VECTOR('',#9305,10.);
#2725=VECTOR('',#9308,10.);
#2726=VECTOR('',#9311,10.);
#2727=VECTOR('',#9314,10.);
#2728=VECTOR('',#9315,10.);
#2729=VECTOR('',#9320,10.);
#2730=VECTOR('',#9321,10.);
#2731=VECTOR('',#9324,10.);
#2732=VECTOR('',#9325,10.);
#2733=VECTOR('',#9336,10.);
#2734=VECTOR('',#9337,10.);
#2735=VECTOR('',#9338,10.);
#2736=VECTOR('',#9341,10.);
#2737=VECTOR('',#9344,10.);
#2738=VECTOR('',#9347,10.);
#2739=VECTOR('',#9348,10.);
#2740=VECTOR('',#9349,10.);
#2741=VECTOR('',#9350,10.);
#2742=VECTOR('',#9351,10.);
#2743=VECTOR('',#9354,10.);
#2744=VECTOR('',#9355,10.);
#2745=VECTOR('',#9360,10.);
#2746=VECTOR('',#9361,10.);
#2747=VECTOR('',#9364,10.);
#2748=VECTOR('',#9367,10.);
#2749=VECTOR('',#9370,10.);
#2750=VECTOR('',#9381,1.22925);
#2751=VECTOR('',#9386,2.4585);
#2752=VECTOR('',#9391,1.22925);
#2753=VECTOR('',#9396,2.4585);
#2754=VECTOR('',#9401,10.);
#2755=VECTOR('',#9404,10.);
#2756=VECTOR('',#9407,10.);
#2757=VECTOR('',#9408,10.);
#2758=VECTOR('',#9409,10.);
#2759=VECTOR('',#9410,10.);
#2760=VECTOR('',#9411,10.);
#2761=VECTOR('',#9414,10.);
#2762=VECTOR('',#9415,10.);
#2763=VECTOR('',#9416,10.);
#2764=VECTOR('',#9421,10.);
#2765=VECTOR('',#9426,10.);
#2766=VECTOR('',#9427,10.);
#2767=VECTOR('',#9428,10.);
#2768=VECTOR('',#9429,10.);
#2769=VECTOR('',#9432,10.);
#2770=VECTOR('',#9435,10.);
#2771=VECTOR('',#9438,10.);
#2772=VECTOR('',#9443,10.);
#2773=VECTOR('',#9444,10.);
#2774=VECTOR('',#9447,10.);
#2775=VECTOR('',#9452,10.);
#2776=VECTOR('',#9453,10.);
#2777=VECTOR('',#9454,10.);
#2778=VECTOR('',#9457,10.);
#2779=VECTOR('',#9460,10.);
#2780=VECTOR('',#9463,10.);
#2781=VECTOR('',#9468,10.);
#2782=VECTOR('',#9469,10.);
#2783=VECTOR('',#9470,10.);
#2784=VECTOR('',#9473,10.);
#2785=VECTOR('',#9474,10.);
#2786=VECTOR('',#9475,10.);
#2787=VECTOR('',#9478,10.);
#2788=VECTOR('',#9479,10.);
#2789=VECTOR('',#9480,10.);
#2790=VECTOR('',#9483,10.);
#2791=VECTOR('',#9484,10.);
#2792=VECTOR('',#9485,10.);
#2793=VECTOR('',#9500,4.8);
#2794=VECTOR('',#9509,4.8);
#2795=VECTOR('',#9518,4.8);
#2796=VECTOR('',#9527,32.5);
#2797=VECTOR('',#9534,2.094);
#2798=VECTOR('',#9539,4.188);
#2799=VECTOR('',#9544,2.094);
#2800=VECTOR('',#9549,4.188);
#2801=VECTOR('',#9554,10.);
#2802=VECTOR('',#9555,10.);
#2803=VECTOR('',#9558,10.);
#2804=VECTOR('',#9559,10.);
#2805=VECTOR('',#9562,10.);
#2806=VECTOR('',#9565,10.);
#2807=VECTOR('',#9568,10.);
#2808=VECTOR('',#9573,10.);
#2809=VECTOR('',#9574,10.);
#2810=VECTOR('',#9577,10.);
#2811=VECTOR('',#9580,10.);
#2812=VECTOR('',#9583,10.);
#2813=VECTOR('',#9590,10.);
#2814=VECTOR('',#9599,10.);
#2815=VECTOR('',#9602,10.);
#2816=VECTOR('',#9607,10.);
#2817=VECTOR('',#9608,10.);
#2818=VECTOR('',#9613,10.);
#2819=VECTOR('',#9616,10.);
#2820=VECTOR('',#9621,10.);
#2821=VECTOR('',#9624,10.);
#2822=VECTOR('',#9627,10.);
#2823=VECTOR('',#9630,10.);
#2824=VECTOR('',#9633,10.);
#2825=VECTOR('',#9634,10.);
#2826=VECTOR('',#9637,10.);
#2827=VECTOR('',#9662,10.);
#2828=VECTOR('',#9673,10.);
#2829=VECTOR('',#9678,10.);
#2830=VECTOR('',#9685,10.);
#2831=VECTOR('',#9686,10.);
#2832=VECTOR('',#9689,10.);
#2833=VECTOR('',#9690,10.);
#2834=VECTOR('',#9693,10.);
#2835=VECTOR('',#9694,10.);
#2836=VECTOR('',#9697,10.);
#2837=VECTOR('',#9698,10.);
#2838=VECTOR('',#9701,10.);
#2839=VECTOR('',#9702,10.);
#2840=VECTOR('',#9707,10.);
#2841=VECTOR('',#9708,10.);
#2842=VECTOR('',#9711,10.);
#2843=VECTOR('',#9712,10.);
#2844=VECTOR('',#9715,10.);
#2845=VECTOR('',#9716,10.);
#2846=VECTOR('',#9721,10.);
#2847=VECTOR('',#9722,10.);
#2848=VECTOR('',#9727,10.);
#2849=VECTOR('',#9732,10.);
#2850=VECTOR('',#9735,10.);
#2851=VECTOR('',#9742,10.);
#2852=VECTOR('',#9749,10.);
#2853=VECTOR('',#9754,10.);
#2854=VECTOR('',#9765,10.);
#2855=VECTOR('',#9766,10.);
#2856=VECTOR('',#9771,10.);
#2857=VECTOR('',#9774,10.);
#2858=VECTOR('',#9777,10.);
#2859=VECTOR('',#9792,47.5);
#2860=VECTOR('',#9797,43.75);
#2861=VECTOR('',#9802,40.);
#2862=VECTOR('',#9807,41.);
#2863=VECTOR('',#9812,42.);
#2864=VECTOR('',#9817,39.);
#2865=VECTOR('',#9822,35.5);
#2866=VECTOR('',#9831,34.);
#2867=VECTOR('',#9840,31.);
#2868=VECTOR('',#9849,34.);
#2869=VECTOR('',#9858,30.25);
#2870=VECTOR('',#9867,24.);
#2871=VECTOR('',#9876,28.5);
#2872=VECTOR('',#9885,25.);
#2873=VERTEX_POINT('',#9924);
#2874=VERTEX_POINT('',#9925);
#2875=VERTEX_POINT('',#9927);
#2876=VERTEX_POINT('',#9929);
#2877=VERTEX_POINT('',#9933);
#2878=VERTEX_POINT('',#9934);
#2879=VERTEX_POINT('',#9936);
#2880=VERTEX_POINT('',#9938);
#2881=VERTEX_POINT('',#9942);
#2882=VERTEX_POINT('',#9944);
#2883=VERTEX_POINT('',#9946);
#2884=VERTEX_POINT('',#9951);
#2885=VERTEX_POINT('',#9955);
#2886=VERTEX_POINT('',#9957);
#2887=VERTEX_POINT('',#9964);
#2888=VERTEX_POINT('',#9966);
#2889=VERTEX_POINT('',#9970);
#2890=VERTEX_POINT('',#9972);
#2891=VERTEX_POINT('',#9976);
#2892=VERTEX_POINT('',#9978);
#2893=VERTEX_POINT('',#9982);
#2894=VERTEX_POINT('',#9984);
#2895=VERTEX_POINT('',#9988);
#2896=VERTEX_POINT('',#9989);
#2897=VERTEX_POINT('',#9991);
#2898=VERTEX_POINT('',#9993);
#2899=VERTEX_POINT('',#9997);
#2900=VERTEX_POINT('',#9999);
#2901=VERTEX_POINT('',#10003);
#2902=VERTEX_POINT('',#10005);
#2903=VERTEX_POINT('',#10008);
#2904=VERTEX_POINT('',#10010);
#2905=VERTEX_POINT('',#10012);
#2906=VERTEX_POINT('',#10016);
#2907=VERTEX_POINT('',#10017);
#2908=VERTEX_POINT('',#10019);
#2909=VERTEX_POINT('',#10021);
#2910=VERTEX_POINT('',#10025);
#2911=VERTEX_POINT('',#10027);
#2912=VERTEX_POINT('',#10031);
#2913=VERTEX_POINT('',#10033);
#2914=VERTEX_POINT('',#10036);
#2915=VERTEX_POINT('',#10038);
#2916=VERTEX_POINT('',#10040);
#2917=VERTEX_POINT('',#10044);
#2918=VERTEX_POINT('',#10048);
#2919=VERTEX_POINT('',#10050);
#2920=VERTEX_POINT('',#10053);
#2921=VERTEX_POINT('',#10055);
#2922=VERTEX_POINT('',#10059);
#2923=VERTEX_POINT('',#10061);
#2924=VERTEX_POINT('',#10064);
#2925=VERTEX_POINT('',#10066);
#2926=VERTEX_POINT('',#10068);
#2927=VERTEX_POINT('',#10070);
#2928=VERTEX_POINT('',#10076);
#2929=VERTEX_POINT('',#10080);
#2930=VERTEX_POINT('',#10084);
#2931=VERTEX_POINT('',#10088);
#2932=VERTEX_POINT('',#10093);
#2933=VERTEX_POINT('',#10100);
#2934=VERTEX_POINT('',#10102);
#2935=VERTEX_POINT('',#10104);
#2936=VERTEX_POINT('',#10106);
#2937=VERTEX_POINT('',#10108);
#2938=VERTEX_POINT('',#10113);
#2939=VERTEX_POINT('',#10117);
#2940=VERTEX_POINT('',#10121);
#2941=VERTEX_POINT('',#10125);
#2942=VERTEX_POINT('',#10131);
#2943=VERTEX_POINT('',#10139);
#2944=VERTEX_POINT('',#10142);
#2945=VERTEX_POINT('',#10148);
#2946=VERTEX_POINT('',#10149);
#2947=VERTEX_POINT('',#10151);
#2948=VERTEX_POINT('',#10153);
#2949=VERTEX_POINT('',#10157);
#2950=VERTEX_POINT('',#10159);
#2951=VERTEX_POINT('',#10163);
#2952=VERTEX_POINT('',#10165);
#2953=VERTEX_POINT('',#10169);
#2954=VERTEX_POINT('',#10171);
#2955=VERTEX_POINT('',#10175);
#2956=VERTEX_POINT('',#10179);
#2957=VERTEX_POINT('',#10193);
#2958=VERTEX_POINT('',#10194);
#2959=VERTEX_POINT('',#10196);
#2960=VERTEX_POINT('',#10198);
#2961=VERTEX_POINT('',#10202);
#2962=VERTEX_POINT('',#10204);
#2963=VERTEX_POINT('',#10206);
#2964=VERTEX_POINT('',#10210);
#2965=VERTEX_POINT('',#10212);
#2966=VERTEX_POINT('',#10214);
#2967=VERTEX_POINT('',#10218);
#2968=VERTEX_POINT('',#10220);
#2969=VERTEX_POINT('',#10224);
#2970=VERTEX_POINT('',#10226);
#2971=VERTEX_POINT('',#10230);
#2972=VERTEX_POINT('',#10231);
#2973=VERTEX_POINT('',#10233);
#2974=VERTEX_POINT('',#10235);
#2975=VERTEX_POINT('',#10239);
#2976=VERTEX_POINT('',#10241);
#2977=VERTEX_POINT('',#10243);
#2978=VERTEX_POINT('',#10247);
#2979=VERTEX_POINT('',#10249);
#2980=VERTEX_POINT('',#10251);
#2981=VERTEX_POINT('',#10255);
#2982=VERTEX_POINT('',#10257);
#2983=VERTEX_POINT('',#10261);
#2984=VERTEX_POINT('',#10263);
#2985=VERTEX_POINT('',#10267);
#2986=VERTEX_POINT('',#10268);
#2987=VERTEX_POINT('',#10270);
#2988=VERTEX_POINT('',#10272);
#2989=VERTEX_POINT('',#10276);
#2990=VERTEX_POINT('',#10278);
#2991=VERTEX_POINT('',#10280);
#2992=VERTEX_POINT('',#10284);
#2993=VERTEX_POINT('',#10286);
#2994=VERTEX_POINT('',#10288);
#2995=VERTEX_POINT('',#10292);
#2996=VERTEX_POINT('',#10294);
#2997=VERTEX_POINT('',#10298);
#2998=VERTEX_POINT('',#10300);
#2999=VERTEX_POINT('',#10304);
#3000=VERTEX_POINT('',#10305);
#3001=VERTEX_POINT('',#10307);
#3002=VERTEX_POINT('',#10310);
#3003=VERTEX_POINT('',#10316);
#3004=VERTEX_POINT('',#10320);
#3005=VERTEX_POINT('',#10324);
#3006=VERTEX_POINT('',#10329);
#3007=VERTEX_POINT('',#10336);
#3008=VERTEX_POINT('',#10337);
#3009=VERTEX_POINT('',#10339);
#3010=VERTEX_POINT('',#10342);
#3011=VERTEX_POINT('',#10348);
#3012=VERTEX_POINT('',#10352);
#3013=VERTEX_POINT('',#10356);
#3014=VERTEX_POINT('',#10361);
#3015=VERTEX_POINT('',#10368);
#3016=VERTEX_POINT('',#10369);
#3017=VERTEX_POINT('',#10371);
#3018=VERTEX_POINT('',#10374);
#3019=VERTEX_POINT('',#10380);
#3020=VERTEX_POINT('',#10384);
#3021=VERTEX_POINT('',#10388);
#3022=VERTEX_POINT('',#10393);
#3023=VERTEX_POINT('',#10400);
#3024=VERTEX_POINT('',#10401);
#3025=VERTEX_POINT('',#10403);
#3026=VERTEX_POINT('',#10405);
#3027=VERTEX_POINT('',#10408);
#3028=VERTEX_POINT('',#10412);
#3029=VERTEX_POINT('',#10415);
#3030=VERTEX_POINT('',#10417);
#3031=VERTEX_POINT('',#10419);
#3032=VERTEX_POINT('',#10421);
#3033=VERTEX_POINT('',#10423);
#3034=VERTEX_POINT('',#10425);
#3035=VERTEX_POINT('',#10429);
#3036=VERTEX_POINT('',#10430);
#3037=VERTEX_POINT('',#10435);
#3038=VERTEX_POINT('',#10437);
#3039=VERTEX_POINT('',#10439);
#3040=VERTEX_POINT('',#10443);
#3041=VERTEX_POINT('',#10445);
#3042=VERTEX_POINT('',#10449);
#3043=VERTEX_POINT('',#10453);
#3044=VERTEX_POINT('',#10455);
#3045=VERTEX_POINT('',#10463);
#3046=VERTEX_POINT('',#10465);
#3047=VERTEX_POINT('',#10469);
#3048=VERTEX_POINT('',#10473);
#3049=VERTEX_POINT('',#10477);
#3050=VERTEX_POINT('',#10484);
#3051=VERTEX_POINT('',#10493);
#3052=VERTEX_POINT('',#10494);
#3053=VERTEX_POINT('',#10499);
#3054=VERTEX_POINT('',#10503);
#3055=VERTEX_POINT('',#10511);
#3056=VERTEX_POINT('',#10512);
#3057=VERTEX_POINT('',#10514);
#3058=VERTEX_POINT('',#10516);
#3059=VERTEX_POINT('',#10520);
#3060=VERTEX_POINT('',#10521);
#3061=VERTEX_POINT('',#10523);
#3062=VERTEX_POINT('',#10525);
#3063=VERTEX_POINT('',#10530);
#3064=VERTEX_POINT('',#10532);
#3065=VERTEX_POINT('',#10534);
#3066=VERTEX_POINT('',#10536);
#3067=VERTEX_POINT('',#10542);
#3068=VERTEX_POINT('',#10546);
#3069=VERTEX_POINT('',#10548);
#3070=VERTEX_POINT('',#10556);
#3071=VERTEX_POINT('',#10557);
#3072=VERTEX_POINT('',#10559);
#3073=VERTEX_POINT('',#10561);
#3074=VERTEX_POINT('',#10565);
#3075=VERTEX_POINT('',#10568);
#3076=VERTEX_POINT('',#10576);
#3077=VERTEX_POINT('',#10583);
#3078=VERTEX_POINT('',#10584);
#3079=VERTEX_POINT('',#10586);
#3080=VERTEX_POINT('',#10588);
#3081=VERTEX_POINT('',#10592);
#3082=VERTEX_POINT('',#10595);
#3083=VERTEX_POINT('',#10603);
#3084=VERTEX_POINT('',#10606);
#3085=VERTEX_POINT('',#10613);
#3086=VERTEX_POINT('',#10614);
#3087=VERTEX_POINT('',#10616);
#3088=VERTEX_POINT('',#10618);
#3089=VERTEX_POINT('',#10622);
#3090=VERTEX_POINT('',#10623);
#3091=VERTEX_POINT('',#10625);
#3092=VERTEX_POINT('',#10627);
#3093=VERTEX_POINT('',#10631);
#3094=VERTEX_POINT('',#10633);
#3095=VERTEX_POINT('',#10640);
#3096=VERTEX_POINT('',#10642);
#3097=VERTEX_POINT('',#10646);
#3098=VERTEX_POINT('',#10648);
#3099=VERTEX_POINT('',#10656);
#3100=VERTEX_POINT('',#10657);
#3101=VERTEX_POINT('',#10659);
#3102=VERTEX_POINT('',#10661);
#3103=VERTEX_POINT('',#10665);
#3104=VERTEX_POINT('',#10667);
#3105=VERTEX_POINT('',#10671);
#3106=VERTEX_POINT('',#10672);
#3107=VERTEX_POINT('',#10674);
#3108=VERTEX_POINT('',#10676);
#3109=VERTEX_POINT('',#10683);
#3110=VERTEX_POINT('',#10684);
#3111=VERTEX_POINT('',#10686);
#3112=VERTEX_POINT('',#10688);
#3113=VERTEX_POINT('',#10699);
#3114=VERTEX_POINT('',#10700);
#3115=VERTEX_POINT('',#10702);
#3116=VERTEX_POINT('',#10704);
#3117=VERTEX_POINT('',#10708);
#3118=VERTEX_POINT('',#10710);
#3119=VERTEX_POINT('',#10714);
#3120=VERTEX_POINT('',#10716);
#3121=VERTEX_POINT('',#10726);
#3122=VERTEX_POINT('',#10727);
#3123=VERTEX_POINT('',#10729);
#3124=VERTEX_POINT('',#10731);
#3125=VERTEX_POINT('',#10735);
#3126=VERTEX_POINT('',#10737);
#3127=VERTEX_POINT('',#10745);
#3128=VERTEX_POINT('',#10746);
#3129=VERTEX_POINT('',#10748);
#3130=VERTEX_POINT('',#10750);
#3131=VERTEX_POINT('',#10754);
#3132=VERTEX_POINT('',#10756);
#3133=VERTEX_POINT('',#10764);
#3134=VERTEX_POINT('',#10766);
#3135=VERTEX_POINT('',#10770);
#3136=VERTEX_POINT('',#10772);
#3137=VERTEX_POINT('',#10779);
#3138=VERTEX_POINT('',#10780);
#3139=VERTEX_POINT('',#10782);
#3140=VERTEX_POINT('',#10784);
#3141=VERTEX_POINT('',#10789);
#3142=VERTEX_POINT('',#10797);
#3143=VERTEX_POINT('',#10799);
#3144=VERTEX_POINT('',#10801);
#3145=VERTEX_POINT('',#10805);
#3146=VERTEX_POINT('',#10807);
#3147=VERTEX_POINT('',#10815);
#3148=VERTEX_POINT('',#10819);
#3149=VERTEX_POINT('',#10825);
#3150=VERTEX_POINT('',#10827);
#3151=VERTEX_POINT('',#10837);
#3152=VERTEX_POINT('',#10838);
#3153=VERTEX_POINT('',#10840);
#3154=VERTEX_POINT('',#10842);
#3155=VERTEX_POINT('',#10846);
#3156=VERTEX_POINT('',#10848);
#3157=VERTEX_POINT('',#10856);
#3158=VERTEX_POINT('',#10857);
#3159=VERTEX_POINT('',#10859);
#3160=VERTEX_POINT('',#10861);
#3161=VERTEX_POINT('',#10865);
#3162=VERTEX_POINT('',#10867);
#3163=VERTEX_POINT('',#10875);
#3164=VERTEX_POINT('',#10877);
#3165=VERTEX_POINT('',#10884);
#3166=VERTEX_POINT('',#10886);
#3167=VERTEX_POINT('',#10890);
#3168=VERTEX_POINT('',#10892);
#3169=VERTEX_POINT('',#10894);
#3170=VERTEX_POINT('',#10898);
#3171=VERTEX_POINT('',#10900);
#3172=VERTEX_POINT('',#10908);
#3173=VERTEX_POINT('',#10910);
#3174=VERTEX_POINT('',#10912);
#3175=VERTEX_POINT('',#10916);
#3176=VERTEX_POINT('',#10918);
#3177=VERTEX_POINT('',#10926);
#3178=VERTEX_POINT('',#10930);
#3179=VERTEX_POINT('',#10936);
#3180=VERTEX_POINT('',#10938);
#3181=VERTEX_POINT('',#10948);
#3182=VERTEX_POINT('',#10949);
#3183=VERTEX_POINT('',#10951);
#3184=VERTEX_POINT('',#10953);
#3185=VERTEX_POINT('',#10957);
#3186=VERTEX_POINT('',#10959);
#3187=VERTEX_POINT('',#10967);
#3188=VERTEX_POINT('',#10968);
#3189=VERTEX_POINT('',#10970);
#3190=VERTEX_POINT('',#10972);
#3191=VERTEX_POINT('',#10976);
#3192=VERTEX_POINT('',#10978);
#3193=VERTEX_POINT('',#10986);
#3194=VERTEX_POINT('',#10988);
#3195=VERTEX_POINT('',#10995);
#3196=VERTEX_POINT('',#10997);
#3197=VERTEX_POINT('',#11001);
#3198=VERTEX_POINT('',#11003);
#3199=VERTEX_POINT('',#11005);
#3200=VERTEX_POINT('',#11009);
#3201=VERTEX_POINT('',#11011);
#3202=VERTEX_POINT('',#11019);
#3203=VERTEX_POINT('',#11021);
#3204=VERTEX_POINT('',#11023);
#3205=VERTEX_POINT('',#11027);
#3206=VERTEX_POINT('',#11029);
#3207=VERTEX_POINT('',#11037);
#3208=VERTEX_POINT('',#11041);
#3209=VERTEX_POINT('',#11047);
#3210=VERTEX_POINT('',#11049);
#3211=VERTEX_POINT('',#11060);
#3212=VERTEX_POINT('',#11061);
#3213=VERTEX_POINT('',#11063);
#3214=VERTEX_POINT('',#11065);
#3215=VERTEX_POINT('',#11069);
#3216=VERTEX_POINT('',#11071);
#3217=VERTEX_POINT('',#11073);
#3218=VERTEX_POINT('',#11075);
#3219=VERTEX_POINT('',#11079);
#3220=VERTEX_POINT('',#11081);
#3221=VERTEX_POINT('',#11083);
#3222=VERTEX_POINT('',#11085);
#3223=VERTEX_POINT('',#11087);
#3224=VERTEX_POINT('',#11091);
#3225=VERTEX_POINT('',#11092);
#3226=VERTEX_POINT('',#11097);
#3227=VERTEX_POINT('',#11099);
#3228=VERTEX_POINT('',#11101);
#3229=VERTEX_POINT('',#11108);
#3230=VERTEX_POINT('',#11112);
#3231=VERTEX_POINT('',#11123);
#3232=VERTEX_POINT('',#11125);
#3233=VERTEX_POINT('',#11129);
#3234=VERTEX_POINT('',#11132);
#3235=VERTEX_POINT('',#11137);
#3236=VERTEX_POINT('',#11138);
#3237=VERTEX_POINT('',#11140);
#3238=VERTEX_POINT('',#11142);
#3239=VERTEX_POINT('',#11146);
#3240=VERTEX_POINT('',#11148);
#3241=VERTEX_POINT('',#11152);
#3242=VERTEX_POINT('',#11154);
#3243=VERTEX_POINT('',#11164);
#3244=VERTEX_POINT('',#11166);
#3245=VERTEX_POINT('',#11173);
#3246=VERTEX_POINT('',#11174);
#3247=VERTEX_POINT('',#11176);
#3248=VERTEX_POINT('',#11178);
#3249=VERTEX_POINT('',#11182);
#3250=VERTEX_POINT('',#11184);
#3251=VERTEX_POINT('',#11188);
#3252=VERTEX_POINT('',#11192);
#3253=VERTEX_POINT('',#11208);
#3254=VERTEX_POINT('',#11209);
#3255=VERTEX_POINT('',#11211);
#3256=VERTEX_POINT('',#11213);
#3257=VERTEX_POINT('',#11217);
#3258=VERTEX_POINT('',#11219);
#3259=VERTEX_POINT('',#11221);
#3260=VERTEX_POINT('',#11223);
#3261=VERTEX_POINT('',#11225);
#3262=VERTEX_POINT('',#11227);
#3263=VERTEX_POINT('',#11230);
#3264=VERTEX_POINT('',#11232);
#3265=VERTEX_POINT('',#11234);
#3266=VERTEX_POINT('',#11236);
#3267=VERTEX_POINT('',#11239);
#3268=VERTEX_POINT('',#11243);
#3269=VERTEX_POINT('',#11247);
#3270=VERTEX_POINT('',#11248);
#3271=VERTEX_POINT('',#11253);
#3272=VERTEX_POINT('',#11257);
#3273=VERTEX_POINT('',#11266);
#3274=VERTEX_POINT('',#11270);
#3275=VERTEX_POINT('',#11274);
#3276=VERTEX_POINT('',#11278);
#3277=VERTEX_POINT('',#11282);
#3278=VERTEX_POINT('',#11283);
#3279=VERTEX_POINT('',#11287);
#3280=VERTEX_POINT('',#11289);
#3281=VERTEX_POINT('',#11297);
#3282=VERTEX_POINT('',#11298);
#3283=VERTEX_POINT('',#11300);
#3284=VERTEX_POINT('',#11302);
#3285=VERTEX_POINT('',#11306);
#3286=VERTEX_POINT('',#11308);
#3287=VERTEX_POINT('',#11317);
#3288=VERTEX_POINT('',#11318);
#3289=VERTEX_POINT('',#11320);
#3290=VERTEX_POINT('',#11323);
#3291=VERTEX_POINT('',#11326);
#3292=VERTEX_POINT('',#11327);
#3293=VERTEX_POINT('',#11329);
#3294=VERTEX_POINT('',#11331);
#3295=VERTEX_POINT('',#11335);
#3296=VERTEX_POINT('',#11337);
#3297=VERTEX_POINT('',#11341);
#3298=VERTEX_POINT('',#11345);
#3299=VERTEX_POINT('',#11352);
#3300=VERTEX_POINT('',#11353);
#3301=VERTEX_POINT('',#11355);
#3302=VERTEX_POINT('',#11357);
#3303=VERTEX_POINT('',#11361);
#3304=VERTEX_POINT('',#11363);
#3305=VERTEX_POINT('',#11367);
#3306=VERTEX_POINT('',#11369);
#3307=VERTEX_POINT('',#11371);
#3308=VERTEX_POINT('',#11376);
#3309=VERTEX_POINT('',#11380);
#3310=VERTEX_POINT('',#11382);
#3311=VERTEX_POINT('',#11395);
#3312=VERTEX_POINT('',#11397);
#3313=VERTEX_POINT('',#11400);
#3314=VERTEX_POINT('',#11404);
#3315=VERTEX_POINT('',#11406);
#3316=VERTEX_POINT('',#11409);
#3317=VERTEX_POINT('',#11413);
#3318=VERTEX_POINT('',#11414);
#3319=VERTEX_POINT('',#11416);
#3320=VERTEX_POINT('',#11418);
#3321=VERTEX_POINT('',#11422);
#3322=VERTEX_POINT('',#11424);
#3323=VERTEX_POINT('',#11426);
#3324=VERTEX_POINT('',#11428);
#3325=VERTEX_POINT('',#11432);
#3326=VERTEX_POINT('',#11434);
#3327=VERTEX_POINT('',#11438);
#3328=VERTEX_POINT('',#11440);
#3329=VERTEX_POINT('',#11444);
#3330=VERTEX_POINT('',#11446);
#3331=VERTEX_POINT('',#11449);
#3332=VERTEX_POINT('',#11450);
#3333=VERTEX_POINT('',#11452);
#3334=VERTEX_POINT('',#11454);
#3335=VERTEX_POINT('',#11456);
#3336=VERTEX_POINT('',#11458);
#3337=VERTEX_POINT('',#11460);
#3338=VERTEX_POINT('',#11462);
#3339=VERTEX_POINT('',#11466);
#3340=VERTEX_POINT('',#11471);
#3341=VERTEX_POINT('',#11474);
#3342=VERTEX_POINT('',#11477);
#3343=VERTEX_POINT('',#11478);
#3344=VERTEX_POINT('',#11480);
#3345=VERTEX_POINT('',#11482);
#3346=VERTEX_POINT('',#11484);
#3347=VERTEX_POINT('',#11486);
#3348=VERTEX_POINT('',#11488);
#3349=VERTEX_POINT('',#11490);
#3350=VERTEX_POINT('',#11494);
#3351=VERTEX_POINT('',#11496);
#3352=VERTEX_POINT('',#11501);
#3353=VERTEX_POINT('',#11506);
#3354=VERTEX_POINT('',#11519);
#3355=VERTEX_POINT('',#11521);
#3356=VERTEX_POINT('',#11526);
#3357=VERTEX_POINT('',#11528);
#3358=VERTEX_POINT('',#11533);
#3359=VERTEX_POINT('',#11535);
#3360=VERTEX_POINT('',#11540);
#3361=VERTEX_POINT('',#11545);
#3362=VERTEX_POINT('',#11547);
#3363=VERTEX_POINT('',#11550);
#3364=VERTEX_POINT('',#11554);
#3365=VERTEX_POINT('',#11556);
#3366=VERTEX_POINT('',#11559);
#3367=VERTEX_POINT('',#11563);
#3368=VERTEX_POINT('',#11564);
#3369=VERTEX_POINT('',#11569);
#3370=VERTEX_POINT('',#11573);
#3371=VERTEX_POINT('',#11575);
#3372=VERTEX_POINT('',#11577);
#3373=VERTEX_POINT('',#11579);
#3374=VERTEX_POINT('',#11581);
#3375=VERTEX_POINT('',#11600);
#3376=VERTEX_POINT('',#11601);
#3377=VERTEX_POINT('',#11603);
#3378=VERTEX_POINT('',#11605);
#3379=VERTEX_POINT('',#11609);
#3380=VERTEX_POINT('',#11611);
#3381=VERTEX_POINT('',#11613);
#3382=VERTEX_POINT('',#11617);
#3383=VERTEX_POINT('',#11619);
#3384=VERTEX_POINT('',#11623);
#3385=VERTEX_POINT('',#11624);
#3386=VERTEX_POINT('',#11626);
#3387=VERTEX_POINT('',#11628);
#3388=VERTEX_POINT('',#11630);
#3389=VERTEX_POINT('',#11639);
#3390=VERTEX_POINT('',#11650);
#3391=VERTEX_POINT('',#11652);
#3392=VERTEX_POINT('',#11654);
#3393=VERTEX_POINT('',#11669);
#3394=VERTEX_POINT('',#11673);
#3395=VERTEX_POINT('',#11705);
#3396=VERTEX_POINT('',#11709);
#3397=VERTEX_POINT('',#11710);
#3398=VERTEX_POINT('',#11712);
#3399=VERTEX_POINT('',#11716);
#3400=VERTEX_POINT('',#11720);
#3401=VERTEX_POINT('',#11726);
#3402=VERTEX_POINT('',#11727);
#3403=VERTEX_POINT('',#11729);
#3404=VERTEX_POINT('',#11733);
#3405=VERTEX_POINT('',#11734);
#3406=VERTEX_POINT('',#11736);
#3407=VERTEX_POINT('',#11738);
#3408=VERTEX_POINT('',#11740);
#3409=VERTEX_POINT('',#11744);
#3410=VERTEX_POINT('',#11749);
#3411=VERTEX_POINT('',#11760);
#3412=VERTEX_POINT('',#11761);
#3413=VERTEX_POINT('',#11775);
#3414=VERTEX_POINT('',#11777);
#3415=VERTEX_POINT('',#11784);
#3416=VERTEX_POINT('',#11785);
#3417=VERTEX_POINT('',#11795);
#3418=VERTEX_POINT('',#11800);
#3419=VERTEX_POINT('',#11804);
#3420=VERTEX_POINT('',#11806);
#3421=VERTEX_POINT('',#11815);
#3422=VERTEX_POINT('',#11860);
#3423=VERTEX_POINT('',#11871);
#3424=VERTEX_POINT('',#11893);
#3425=VERTEX_POINT('',#11897);
#3426=VERTEX_POINT('',#11942);
#3427=VERTEX_POINT('',#11961);
#3428=VERTEX_POINT('',#11963);
#3429=VERTEX_POINT('',#11965);
#3430=VERTEX_POINT('',#11987);
#3431=VERTEX_POINT('',#11990);
#3432=VERTEX_POINT('',#11994);
#3433=VERTEX_POINT('',#11998);
#3434=VERTEX_POINT('',#12002);
#3435=VERTEX_POINT('',#12006);
#3436=VERTEX_POINT('',#12010);
#3437=VERTEX_POINT('',#12014);
#3438=VERTEX_POINT('',#12018);
#3439=VERTEX_POINT('',#12021);
#3440=VERTEX_POINT('',#12025);
#3441=VERTEX_POINT('',#12028);
#3442=VERTEX_POINT('',#12032);
#3443=VERTEX_POINT('',#12035);
#3444=VERTEX_POINT('',#12039);
#3445=VERTEX_POINT('',#12042);
#3446=VERTEX_POINT('',#12046);
#3447=VERTEX_POINT('',#12049);
#3448=VERTEX_POINT('',#12053);
#3449=VERTEX_POINT('',#12056);
#3450=VERTEX_POINT('',#12060);
#3451=VERTEX_POINT('',#12063);
#3452=EDGE_CURVE('',#2873,#2874,#1371,.T.);
#3453=EDGE_CURVE('',#2874,#2875,#1372,.T.);
#3454=EDGE_CURVE('',#2875,#2876,#1373,.T.);
#3455=EDGE_CURVE('',#2876,#2873,#1374,.T.);
#3456=EDGE_CURVE('',#2877,#2878,#1375,.T.);
#3457=EDGE_CURVE('',#2878,#2879,#1376,.T.);
#3458=EDGE_CURVE('',#2879,#2880,#1377,.T.);
#3459=EDGE_CURVE('',#2880,#2877,#1378,.T.);
#3460=EDGE_CURVE('',#2881,#2880,#1379,.T.);
#3461=EDGE_CURVE('',#2881,#2882,#1380,.T.);
#3462=EDGE_CURVE('',#2883,#2882,#1381,.T.);
#3463=EDGE_CURVE('',#2875,#2883,#1382,.T.);
#3464=EDGE_CURVE('',#2877,#2874,#1383,.T.);
#3465=EDGE_CURVE('',#2884,#2883,#1384,.T.);
#3466=EDGE_CURVE('',#2876,#2884,#1385,.T.);
#3467=EDGE_CURVE('',#2885,#2884,#1386,.T.);
#3468=EDGE_CURVE('',#2886,#2885,#1387,.T.);
#3469=EDGE_CURVE('',#2879,#2886,#1388,.T.);
#3470=EDGE_CURVE('',#2873,#2878,#1389,.T.);
#3471=EDGE_CURVE('',#2882,#2885,#1390,.T.);
#3472=EDGE_CURVE('',#2878,#2887,#1391,.T.);
#3473=EDGE_CURVE('',#2887,#2888,#1392,.T.);
#3474=EDGE_CURVE('',#2888,#2873,#1393,.T.);
#3475=EDGE_CURVE('',#2874,#2889,#1394,.T.);
#3476=EDGE_CURVE('',#2889,#2890,#1395,.T.);
#3477=EDGE_CURVE('',#2890,#2877,#1396,.T.);
#3478=EDGE_CURVE('',#2886,#2891,#1397,.T.);
#3479=EDGE_CURVE('',#2891,#2892,#1398,.T.);
#3480=EDGE_CURVE('',#2892,#2879,#1399,.T.);
#3481=EDGE_CURVE('',#2880,#2893,#1400,.T.);
#3482=EDGE_CURVE('',#2893,#2894,#1401,.T.);
#3483=EDGE_CURVE('',#2894,#2881,#1402,.T.);
#3484=EDGE_CURVE('',#2895,#2896,#1403,.T.);
#3485=EDGE_CURVE('',#2896,#2897,#1404,.T.);
#3486=EDGE_CURVE('',#2897,#2898,#1405,.T.);
#3487=EDGE_CURVE('',#2898,#2895,#1406,.T.);
#3488=EDGE_CURVE('',#2896,#2899,#1407,.T.);
#3489=EDGE_CURVE('',#2900,#2899,#1408,.T.);
#3490=EDGE_CURVE('',#2900,#2897,#1409,.T.);
#3491=EDGE_CURVE('',#2895,#2901,#1410,.T.);
#3492=EDGE_CURVE('',#2901,#2902,#1411,.T.);
#3493=EDGE_CURVE('',#2902,#2891,#1412,.T.);
#3494=EDGE_CURVE('',#2894,#2903,#1413,.T.);
#3495=EDGE_CURVE('',#2903,#2904,#1414,.T.);
#3496=EDGE_CURVE('',#2904,#2905,#1415,.T.);
#3497=EDGE_CURVE('',#2899,#2905,#1416,.T.);
#3498=EDGE_CURVE('',#2906,#2907,#1417,.T.);
#3499=EDGE_CURVE('',#2907,#2908,#1418,.T.);
#3500=EDGE_CURVE('',#2908,#2909,#1419,.T.);
#3501=EDGE_CURVE('',#2909,#2906,#1420,.T.);
#3502=EDGE_CURVE('',#2909,#2910,#1421,.T.);
#3503=EDGE_CURVE('',#2911,#2910,#1422,.T.);
#3504=EDGE_CURVE('',#2911,#2906,#1423,.T.);
#3505=EDGE_CURVE('',#2908,#2912,#1424,.T.);
#3506=EDGE_CURVE('',#2912,#2913,#1425,.T.);
#3507=EDGE_CURVE('',#2913,#2887,#1426,.T.);
#3508=EDGE_CURVE('',#2890,#2914,#1427,.T.);
#3509=EDGE_CURVE('',#2914,#2915,#1428,.T.);
#3510=EDGE_CURVE('',#2916,#2915,#1429,.T.);
#3511=EDGE_CURVE('',#2910,#2916,#1430,.T.);
#3512=EDGE_CURVE('',#2917,#2911,#1431,.T.);
#3513=EDGE_CURVE('',#2916,#2917,#1432,.T.);
#3514=EDGE_CURVE('',#2918,#2917,#1433,.T.);
#3515=EDGE_CURVE('',#2918,#2919,#1434,.T.);
#3516=EDGE_CURVE('',#2919,#2889,#1435,.T.);
#3517=EDGE_CURVE('',#2888,#2920,#1436,.T.);
#3518=EDGE_CURVE('',#2920,#2921,#1437,.T.);
#3519=EDGE_CURVE('',#2907,#2921,#1438,.T.);
#3520=EDGE_CURVE('',#2915,#2922,#1439,.T.);
#3521=EDGE_CURVE('',#2923,#2922,#1440,.T.);
#3522=EDGE_CURVE('',#2905,#2923,#1441,.T.);
#3523=EDGE_CURVE('',#2904,#2924,#1442,.T.);
#3524=EDGE_CURVE('',#2924,#2925,#1443,.T.);
#3525=EDGE_CURVE('',#2926,#2925,#1444,.T.);
#3526=EDGE_CURVE('',#2927,#2926,#1445,.T.);
#3527=EDGE_CURVE('',#2927,#2918,#1446,.T.);
#3528=EDGE_CURVE('',#2923,#2900,#1447,.T.);
#3529=EDGE_CURVE('',#2928,#2927,#1448,.T.);
#3530=EDGE_CURVE('',#2919,#2928,#1449,.T.);
#3531=EDGE_CURVE('',#2929,#2903,#1450,.T.);
#3532=EDGE_CURVE('',#2924,#2929,#1451,.T.);
#3533=EDGE_CURVE('',#2922,#2930,#1452,.T.);
#3534=EDGE_CURVE('',#2930,#2914,#1453,.T.);
#3535=EDGE_CURVE('',#2931,#2926,#1454,.T.);
#3536=EDGE_CURVE('',#2928,#2931,#1455,.T.);
#3537=EDGE_CURVE('',#2930,#2893,#1456,.T.);
#3538=EDGE_CURVE('',#2932,#2931,#1457,.T.);
#3539=EDGE_CURVE('',#2929,#2932,#1458,.T.);
#3540=EDGE_CURVE('',#2925,#2932,#1459,.T.);
#3541=EDGE_CURVE('',#2892,#2933,#1460,.T.);
#3542=EDGE_CURVE('',#2902,#2934,#1461,.T.);
#3543=EDGE_CURVE('',#2934,#2935,#1462,.T.);
#3544=EDGE_CURVE('',#2936,#2935,#1463,.T.);
#3545=EDGE_CURVE('',#2937,#2936,#1464,.T.);
#3546=EDGE_CURVE('',#2937,#2920,#1465,.T.);
#3547=EDGE_CURVE('',#2913,#2933,#1466,.T.);
#3548=EDGE_CURVE('',#2938,#2901,#1467,.T.);
#3549=EDGE_CURVE('',#2934,#2938,#1468,.T.);
#3550=EDGE_CURVE('',#2939,#2937,#1469,.T.);
#3551=EDGE_CURVE('',#2921,#2939,#1470,.T.);
#3552=EDGE_CURVE('',#2938,#2940,#1471,.T.);
#3553=EDGE_CURVE('',#2935,#2940,#1472,.T.);
#3554=EDGE_CURVE('',#2941,#2936,#1473,.T.);
#3555=EDGE_CURVE('',#2939,#2941,#1474,.T.);
#3556=EDGE_CURVE('',#2940,#2941,#1475,.T.);
#3557=EDGE_CURVE('',#2933,#2942,#1476,.T.);
#3558=EDGE_CURVE('',#2942,#2912,#1477,.T.);
#3559=EDGE_CURVE('',#2898,#2942,#1478,.T.);
#3560=EDGE_CURVE('',#2943,#2943,#306,.T.);
#3561=EDGE_CURVE('',#2944,#2944,#307,.T.);
#3562=EDGE_CURVE('',#2944,#2943,#1479,.T.);
#3563=EDGE_CURVE('',#2945,#2946,#1480,.T.);
#3564=EDGE_CURVE('',#2947,#2945,#1481,.T.);
#3565=EDGE_CURVE('',#2948,#2947,#1482,.T.);
#3566=EDGE_CURVE('',#2946,#2948,#1483,.T.);
#3567=EDGE_CURVE('',#2949,#2947,#1484,.T.);
#3568=EDGE_CURVE('',#2950,#2949,#1485,.T.);
#3569=EDGE_CURVE('',#2948,#2950,#1486,.T.);
#3570=EDGE_CURVE('',#2951,#2949,#1487,.T.);
#3571=EDGE_CURVE('',#2951,#2952,#1488,.T.);
#3572=EDGE_CURVE('',#2950,#2952,#1489,.T.);
#3573=EDGE_CURVE('',#2953,#2946,#1490,.T.);
#3574=EDGE_CURVE('',#2952,#2954,#1491,.T.);
#3575=EDGE_CURVE('',#2954,#2953,#1492,.T.);
#3576=EDGE_CURVE('',#2955,#2951,#1493,.T.);
#3577=EDGE_CURVE('',#2954,#2955,#1494,.T.);
#3578=EDGE_CURVE('',#2956,#2955,#1495,.T.);
#3579=EDGE_CURVE('',#2953,#2956,#1496,.T.);
#3580=EDGE_CURVE('',#2945,#2956,#1497,.T.);
#3581=EDGE_CURVE('',#2957,#2958,#1498,.T.);
#3582=EDGE_CURVE('',#2958,#2959,#1499,.T.);
#3583=EDGE_CURVE('',#2959,#2960,#1500,.F.);
#3584=EDGE_CURVE('',#2960,#2957,#1501,.T.);
#3585=EDGE_CURVE('',#2961,#2957,#1502,.T.);
#3586=EDGE_CURVE('',#2962,#2961,#1503,.T.);
#3587=EDGE_CURVE('',#2963,#2962,#1504,.T.);
#3588=EDGE_CURVE('',#2958,#2963,#1505,.T.);
#3589=EDGE_CURVE('',#2964,#2960,#1506,.T.);
#3590=EDGE_CURVE('',#2965,#2964,#1507,.T.);
#3591=EDGE_CURVE('',#2965,#2966,#1508,.T.);
#3592=EDGE_CURVE('',#2961,#2966,#1509,.T.);
#3593=EDGE_CURVE('',#2967,#2965,#1510,.T.);
#3594=EDGE_CURVE('',#2964,#2968,#1511,.F.);
#3595=EDGE_CURVE('',#2968,#2967,#1512,.T.);
#3596=EDGE_CURVE('',#2969,#2967,#1513,.T.);
#3597=EDGE_CURVE('',#2970,#2969,#1514,.T.);
#3598=EDGE_CURVE('',#2966,#2970,#1515,.T.);
#3599=EDGE_CURVE('',#2971,#2972,#1516,.T.);
#3600=EDGE_CURVE('',#2972,#2973,#1517,.T.);
#3601=EDGE_CURVE('',#2973,#2974,#1518,.F.);
#3602=EDGE_CURVE('',#2974,#2971,#1519,.T.);
#3603=EDGE_CURVE('',#2975,#2971,#1520,.T.);
#3604=EDGE_CURVE('',#2976,#2975,#1521,.T.);
#3605=EDGE_CURVE('',#2977,#2976,#1522,.T.);
#3606=EDGE_CURVE('',#2972,#2977,#1523,.T.);
#3607=EDGE_CURVE('',#2978,#2974,#1524,.T.);
#3608=EDGE_CURVE('',#2979,#2978,#1525,.T.);
#3609=EDGE_CURVE('',#2979,#2980,#1526,.T.);
#3610=EDGE_CURVE('',#2975,#2980,#1527,.T.);
#3611=EDGE_CURVE('',#2981,#2979,#1528,.T.);
#3612=EDGE_CURVE('',#2978,#2982,#1529,.F.);
#3613=EDGE_CURVE('',#2982,#2981,#1530,.T.);
#3614=EDGE_CURVE('',#2983,#2981,#1531,.T.);
#3615=EDGE_CURVE('',#2984,#2983,#1532,.T.);
#3616=EDGE_CURVE('',#2980,#2984,#1533,.T.);
#3617=EDGE_CURVE('',#2985,#2986,#1534,.T.);
#3618=EDGE_CURVE('',#2986,#2987,#1535,.T.);
#3619=EDGE_CURVE('',#2987,#2988,#1536,.F.);
#3620=EDGE_CURVE('',#2988,#2985,#1537,.T.);
#3621=EDGE_CURVE('',#2989,#2985,#1538,.T.);
#3622=EDGE_CURVE('',#2990,#2989,#1539,.T.);
#3623=EDGE_CURVE('',#2991,#2990,#1540,.T.);
#3624=EDGE_CURVE('',#2986,#2991,#1541,.T.);
#3625=EDGE_CURVE('',#2992,#2988,#1542,.T.);
#3626=EDGE_CURVE('',#2993,#2992,#1543,.T.);
#3627=EDGE_CURVE('',#2993,#2994,#1544,.T.);
#3628=EDGE_CURVE('',#2989,#2994,#1545,.T.);
#3629=EDGE_CURVE('',#2995,#2993,#1546,.T.);
#3630=EDGE_CURVE('',#2992,#2996,#1547,.F.);
#3631=EDGE_CURVE('',#2996,#2995,#1548,.T.);
#3632=EDGE_CURVE('',#2997,#2995,#1549,.T.);
#3633=EDGE_CURVE('',#2998,#2997,#1550,.T.);
#3634=EDGE_CURVE('',#2994,#2998,#1551,.T.);
#3635=EDGE_CURVE('',#2999,#3000,#1552,.T.);
#3636=EDGE_CURVE('',#3001,#2999,#1553,.T.);
#3637=EDGE_CURVE('',#2963,#3001,#1554,.T.);
#3638=EDGE_CURVE('',#3002,#2962,#1555,.T.);
#3639=EDGE_CURVE('',#3000,#3002,#1556,.T.);
#3640=EDGE_CURVE('',#2959,#3001,#1557,.T.);
#3641=EDGE_CURVE('',#3003,#2968,#1558,.T.);
#3642=EDGE_CURVE('',#3003,#2969,#1559,.T.);
#3643=EDGE_CURVE('',#3004,#3002,#1560,.T.);
#3644=EDGE_CURVE('',#2961,#3004,#1561,.T.);
#3645=EDGE_CURVE('',#3005,#3000,#1562,.T.);
#3646=EDGE_CURVE('',#2970,#3005,#1563,.T.);
#3647=EDGE_CURVE('',#2999,#3003,#1564,.T.);
#3648=EDGE_CURVE('',#3006,#2966,#1565,.T.);
#3649=EDGE_CURVE('',#3004,#3006,#1566,.T.);
#3650=EDGE_CURVE('',#3005,#3006,#1567,.T.);
#3651=EDGE_CURVE('',#3007,#3008,#1568,.T.);
#3652=EDGE_CURVE('',#3009,#3007,#1569,.T.);
#3653=EDGE_CURVE('',#2977,#3009,#1570,.T.);
#3654=EDGE_CURVE('',#3010,#2976,#1571,.T.);
#3655=EDGE_CURVE('',#3008,#3010,#1572,.T.);
#3656=EDGE_CURVE('',#2973,#3009,#1573,.T.);
#3657=EDGE_CURVE('',#3011,#2982,#1574,.T.);
#3658=EDGE_CURVE('',#3011,#2983,#1575,.T.);
#3659=EDGE_CURVE('',#3012,#3010,#1576,.T.);
#3660=EDGE_CURVE('',#2975,#3012,#1577,.T.);
#3661=EDGE_CURVE('',#3013,#3008,#1578,.T.);
#3662=EDGE_CURVE('',#2984,#3013,#1579,.T.);
#3663=EDGE_CURVE('',#3007,#3011,#1580,.T.);
#3664=EDGE_CURVE('',#3014,#2980,#1581,.T.);
#3665=EDGE_CURVE('',#3012,#3014,#1582,.T.);
#3666=EDGE_CURVE('',#3013,#3014,#1583,.T.);
#3667=EDGE_CURVE('',#3015,#3016,#1584,.T.);
#3668=EDGE_CURVE('',#3017,#3015,#1585,.T.);
#3669=EDGE_CURVE('',#2991,#3017,#1586,.T.);
#3670=EDGE_CURVE('',#3018,#2990,#1587,.T.);
#3671=EDGE_CURVE('',#3016,#3018,#1588,.T.);
#3672=EDGE_CURVE('',#2987,#3017,#1589,.T.);
#3673=EDGE_CURVE('',#3019,#2996,#1590,.T.);
#3674=EDGE_CURVE('',#3019,#2997,#1591,.T.);
#3675=EDGE_CURVE('',#3020,#3018,#1592,.T.);
#3676=EDGE_CURVE('',#2989,#3020,#1593,.T.);
#3677=EDGE_CURVE('',#3021,#3016,#1594,.T.);
#3678=EDGE_CURVE('',#2998,#3021,#1595,.T.);
#3679=EDGE_CURVE('',#3015,#3019,#1596,.T.);
#3680=EDGE_CURVE('',#3022,#2994,#1597,.T.);
#3681=EDGE_CURVE('',#3020,#3022,#1598,.T.);
#3682=EDGE_CURVE('',#3021,#3022,#1599,.T.);
#3683=EDGE_CURVE('',#3023,#3024,#1600,.T.);
#3684=EDGE_CURVE('',#3024,#3025,#1601,.T.);
#3685=EDGE_CURVE('',#3025,#3026,#1602,.T.);
#3686=EDGE_CURVE('',#3026,#3023,#1603,.T.);
#3687=EDGE_CURVE('',#3027,#2999,#308,.T.);
#3688=EDGE_CURVE('',#2999,#3007,#309,.T.);
#3689=EDGE_CURVE('',#3007,#3015,#310,.T.);
#3690=EDGE_CURVE('',#3015,#3028,#311,.T.);
#3691=EDGE_CURVE('',#3028,#3027,#312,.T.);
#3692=EDGE_CURVE('',#3027,#3029,#1604,.T.);
#3693=EDGE_CURVE('',#3029,#3030,#1605,.T.);
#3694=EDGE_CURVE('',#3031,#3030,#1606,.F.);
#3695=EDGE_CURVE('',#3031,#3032,#1607,.T.);
#3696=EDGE_CURVE('',#3033,#3032,#1608,.F.);
#3697=EDGE_CURVE('',#3033,#3034,#1609,.T.);
#3698=EDGE_CURVE('',#3034,#3027,#1610,.T.);
#3699=EDGE_CURVE('',#3035,#3036,#1611,.T.);
#3700=EDGE_CURVE('',#3036,#3033,#1612,.T.);
#3701=EDGE_CURVE('',#3032,#3035,#1613,.T.);
#3702=EDGE_CURVE('',#3037,#3035,#1614,.T.);
#3703=EDGE_CURVE('',#3038,#3037,#1615,.T.);
#3704=EDGE_CURVE('',#3039,#3038,#1616,.T.);
#3705=EDGE_CURVE('',#3036,#3039,#1617,.T.);
#3706=EDGE_CURVE('',#3040,#3031,#1618,.T.);
#3707=EDGE_CURVE('',#3040,#3041,#1619,.T.);
#3708=EDGE_CURVE('',#3037,#3041,#1620,.T.);
#3709=EDGE_CURVE('',#3042,#3040,#1621,.T.);
#3710=EDGE_CURVE('',#3030,#3042,#1622,.T.);
#3711=EDGE_CURVE('',#3043,#3042,#1623,.T.);
#3712=EDGE_CURVE('',#3044,#3043,#1624,.T.);
#3713=EDGE_CURVE('',#3041,#3044,#1625,.T.);
#3714=EDGE_CURVE('',#3039,#3034,#1626,.T.);
#3715=EDGE_CURVE('',#3029,#3043,#1627,.T.);
#3716=EDGE_CURVE('',#3027,#3045,#1628,.T.);
#3717=EDGE_CURVE('',#3046,#3038,#1629,.T.);
#3718=EDGE_CURVE('',#3045,#3046,#1630,.T.);
#3719=EDGE_CURVE('',#3047,#3046,#1631,.T.);
#3720=EDGE_CURVE('',#3037,#3047,#1632,.T.);
#3721=EDGE_CURVE('',#3048,#3045,#1633,.T.);
#3722=EDGE_CURVE('',#3044,#3048,#1634,.T.);
#3723=EDGE_CURVE('',#3049,#3041,#1635,.T.);
#3724=EDGE_CURVE('',#3047,#3049,#1636,.T.);
#3725=EDGE_CURVE('',#3048,#3049,#1637,.T.);
#3726=EDGE_CURVE('',#3050,#3050,#313,.T.);
#3727=EDGE_CURVE('',#3050,#3028,#1638,.T.);
#3728=EDGE_CURVE('',#3015,#3016,#1639,.T.);
#3729=EDGE_CURVE('',#3007,#3008,#1640,.T.);
#3730=EDGE_CURVE('',#2999,#3000,#1641,.T.);
#3731=EDGE_CURVE('',#3027,#3045,#1642,.T.);
#3732=EDGE_CURVE('',#3051,#3052,#1643,.T.);
#3733=EDGE_CURVE('',#3051,#3023,#1644,.T.);
#3734=EDGE_CURVE('',#3052,#3026,#1645,.T.);
#3735=EDGE_CURVE('',#3052,#3053,#1646,.T.);
#3736=EDGE_CURVE('',#3053,#3025,#1647,.T.);
#3737=EDGE_CURVE('',#3053,#3054,#1648,.T.);
#3738=EDGE_CURVE('',#3054,#3024,#1649,.T.);
#3739=EDGE_CURVE('',#3054,#3051,#1650,.T.);
#3740=EDGE_CURVE('',#3055,#3056,#1651,.T.);
#3741=EDGE_CURVE('',#3055,#3057,#1652,.T.);
#3742=EDGE_CURVE('',#3058,#3057,#1653,.T.);
#3743=EDGE_CURVE('',#3056,#3058,#1654,.T.);
#3744=EDGE_CURVE('',#3059,#3060,#1655,.T.);
#3745=EDGE_CURVE('',#3061,#3059,#1656,.T.);
#3746=EDGE_CURVE('',#3062,#3061,#1657,.T.);
#3747=EDGE_CURVE('',#3062,#3060,#1658,.T.);
#3748=EDGE_CURVE('',#3060,#3055,#314,.T.);
#3749=EDGE_CURVE('',#3063,#3062,#315,.T.);
#3750=EDGE_CURVE('',#3064,#3063,#1659,.T.);
#3751=EDGE_CURVE('',#3065,#3064,#1660,.T.);
#3752=EDGE_CURVE('',#3066,#3065,#1661,.T.);
#3753=EDGE_CURVE('',#3057,#3066,#316,.T.);
#3754=EDGE_CURVE('',#3059,#3061,#317,.T.);
#3755=EDGE_CURVE('',#3058,#3067,#318,.T.);
#3756=EDGE_CURVE('',#3067,#3056,#319,.T.);
#3757=EDGE_CURVE('',#3065,#3068,#1662,.T.);
#3758=EDGE_CURVE('',#3069,#3068,#1663,.T.);
#3759=EDGE_CURVE('',#3066,#3069,#55,.T.);
#3760=EDGE_CURVE('',#3068,#3064,#1664,.T.);
#3761=EDGE_CURVE('',#3069,#3063,#56,.T.);
#3762=EDGE_CURVE('',#3070,#3071,#57,.T.);
#3763=EDGE_CURVE('',#3070,#3072,#1665,.T.);
#3764=EDGE_CURVE('',#3072,#3073,#1666,.T.);
#3765=EDGE_CURVE('',#3071,#3073,#1667,.T.);
#3766=EDGE_CURVE('',#3071,#3074,#58,.T.);
#3767=EDGE_CURVE('',#3071,#3073,#1668,.T.);
#3768=EDGE_CURVE('',#3073,#3075,#1669,.T.);
#3769=EDGE_CURVE('',#3074,#3075,#1670,.T.);
#3770=EDGE_CURVE('',#3074,#3070,#320,.T.);
#3771=EDGE_CURVE('',#3075,#3072,#1671,.T.);
#3772=EDGE_CURVE('',#3071,#3076,#321,.T.);
#3773=EDGE_CURVE('',#3076,#3071,#322,.T.);
#3774=EDGE_CURVE('',#3076,#3067,#1672,.T.);
#3775=EDGE_CURVE('',#3077,#3078,#59,.T.);
#3776=EDGE_CURVE('',#3077,#3079,#1673,.T.);
#3777=EDGE_CURVE('',#3079,#3080,#1674,.T.);
#3778=EDGE_CURVE('',#3078,#3080,#1675,.T.);
#3779=EDGE_CURVE('',#3078,#3081,#60,.T.);
#3780=EDGE_CURVE('',#3078,#3080,#1676,.T.);
#3781=EDGE_CURVE('',#3080,#3082,#1677,.T.);
#3782=EDGE_CURVE('',#3081,#3082,#1678,.T.);
#3783=EDGE_CURVE('',#3081,#3077,#323,.T.);
#3784=EDGE_CURVE('',#3082,#3079,#1679,.T.);
#3785=EDGE_CURVE('',#3078,#3083,#324,.T.);
#3786=EDGE_CURVE('',#3083,#3078,#325,.T.);
#3787=EDGE_CURVE('',#3083,#3084,#1680,.T.);
#3788=EDGE_CURVE('',#3084,#3084,#326,.T.);
#3789=EDGE_CURVE('',#3085,#3086,#1681,.T.);
#3790=EDGE_CURVE('',#3087,#3086,#1682,.T.);
#3791=EDGE_CURVE('',#3088,#3087,#1683,.T.);
#3792=EDGE_CURVE('',#3085,#3088,#1684,.T.);
#3793=EDGE_CURVE('',#3089,#3090,#1685,.T.);
#3794=EDGE_CURVE('',#3091,#3089,#1686,.T.);
#3795=EDGE_CURVE('',#3091,#3092,#1687,.T.);
#3796=EDGE_CURVE('',#3090,#3092,#1688,.T.);
#3797=EDGE_CURVE('',#3088,#3093,#1689,.T.);
#3798=EDGE_CURVE('',#3094,#3087,#1690,.T.);
#3799=EDGE_CURVE('',#3093,#3094,#1691,.T.);
#3800=EDGE_CURVE('',#3093,#3091,#1692,.T.);
#3801=EDGE_CURVE('',#3092,#3094,#1693,.T.);
#3802=EDGE_CURVE('',#3089,#3095,#327,.T.);
#3803=EDGE_CURVE('',#3096,#3090,#328,.T.);
#3804=EDGE_CURVE('',#3095,#3096,#1694,.T.);
#3805=EDGE_CURVE('',#3095,#3097,#1695,.T.);
#3806=EDGE_CURVE('',#3098,#3096,#1696,.T.);
#3807=EDGE_CURVE('',#3097,#3098,#1697,.T.);
#3808=EDGE_CURVE('',#3097,#3085,#329,.T.);
#3809=EDGE_CURVE('',#3086,#3098,#330,.T.);
#3810=EDGE_CURVE('',#3099,#3100,#1698,.T.);
#3811=EDGE_CURVE('',#3101,#3099,#1699,.T.);
#3812=EDGE_CURVE('',#3101,#3102,#1700,.T.);
#3813=EDGE_CURVE('',#3100,#3102,#1701,.T.);
#3814=EDGE_CURVE('',#3103,#3101,#1702,.T.);
#3815=EDGE_CURVE('',#3103,#3104,#1703,.T.);
#3816=EDGE_CURVE('',#3102,#3104,#1704,.T.);
#3817=EDGE_CURVE('',#3105,#3106,#1705,.T.);
#3818=EDGE_CURVE('',#3107,#3106,#1706,.T.);
#3819=EDGE_CURVE('',#3108,#3107,#1707,.T.);
#3820=EDGE_CURVE('',#3105,#3108,#1708,.T.);
#3821=EDGE_CURVE('',#3108,#3103,#1709,.T.);
#3822=EDGE_CURVE('',#3104,#3107,#1710,.T.);
#3823=EDGE_CURVE('',#3109,#3110,#1711,.T.);
#3824=EDGE_CURVE('',#3109,#3111,#1712,.T.);
#3825=EDGE_CURVE('',#3112,#3111,#1713,.T.);
#3826=EDGE_CURVE('',#3110,#3112,#1714,.T.);
#3827=EDGE_CURVE('',#3110,#3105,#331,.T.);
#3828=EDGE_CURVE('',#3106,#3112,#332,.T.);
#3829=EDGE_CURVE('',#3099,#3109,#333,.T.);
#3830=EDGE_CURVE('',#3111,#3100,#334,.T.);
#3831=EDGE_CURVE('',#3113,#3114,#1715,.T.);
#3832=EDGE_CURVE('',#3113,#3115,#1716,.T.);
#3833=EDGE_CURVE('',#3116,#3115,#1717,.T.);
#3834=EDGE_CURVE('',#3114,#3116,#1718,.T.);
#3835=EDGE_CURVE('',#3114,#3117,#1719,.T.);
#3836=EDGE_CURVE('',#3118,#3116,#1720,.T.);
#3837=EDGE_CURVE('',#3117,#3118,#1721,.T.);
#3838=EDGE_CURVE('',#3117,#3119,#1722,.T.);
#3839=EDGE_CURVE('',#3120,#3118,#1723,.T.);
#3840=EDGE_CURVE('',#3119,#3120,#1724,.T.);
#3841=EDGE_CURVE('',#3119,#3113,#1725,.T.);
#3842=EDGE_CURVE('',#3115,#3120,#1726,.T.);
#3843=EDGE_CURVE('',#3121,#3122,#1727,.T.);
#3844=EDGE_CURVE('',#3121,#3123,#1728,.T.);
#3845=EDGE_CURVE('',#3124,#3123,#1729,.T.);
#3846=EDGE_CURVE('',#3122,#3124,#1730,.T.);
#3847=EDGE_CURVE('',#3122,#3125,#1731,.T.);
#3848=EDGE_CURVE('',#3126,#3124,#1732,.T.);
#3849=EDGE_CURVE('',#3125,#3126,#1733,.T.);
#3850=EDGE_CURVE('',#3125,#3121,#1734,.T.);
#3851=EDGE_CURVE('',#3123,#3126,#1735,.T.);
#3852=EDGE_CURVE('',#3127,#3128,#1736,.T.);
#3853=EDGE_CURVE('',#3127,#3129,#1737,.T.);
#3854=EDGE_CURVE('',#3130,#3129,#1738,.T.);
#3855=EDGE_CURVE('',#3128,#3130,#1739,.T.);
#3856=EDGE_CURVE('',#3128,#3131,#1740,.T.);
#3857=EDGE_CURVE('',#3132,#3130,#1741,.T.);
#3858=EDGE_CURVE('',#3131,#3132,#1742,.T.);
#3859=EDGE_CURVE('',#3131,#3127,#1743,.T.);
#3860=EDGE_CURVE('',#3129,#3132,#1744,.T.);
#3861=EDGE_CURVE('',#3127,#3133,#1745,.T.);
#3862=EDGE_CURVE('',#3134,#3133,#1746,.T.);
#3863=EDGE_CURVE('',#3131,#3134,#1747,.T.);
#3864=EDGE_CURVE('',#3135,#3125,#1748,.T.);
#3865=EDGE_CURVE('',#3136,#3135,#1749,.T.);
#3866=EDGE_CURVE('',#3136,#3121,#1750,.T.);
#3867=EDGE_CURVE('',#3121,#3127,#1751,.T.);
#3868=EDGE_CURVE('',#3125,#3131,#1752,.T.);
#3869=EDGE_CURVE('',#3137,#3138,#1753,.T.);
#3870=EDGE_CURVE('',#3137,#3139,#1754,.T.);
#3871=EDGE_CURVE('',#3140,#3139,#1755,.T.);
#3872=EDGE_CURVE('',#3138,#3140,#1756,.T.);
#3873=EDGE_CURVE('',#3138,#3121,#1757,.T.);
#3874=EDGE_CURVE('',#3141,#3140,#1758,.T.);
#3875=EDGE_CURVE('',#3121,#3141,#1759,.T.);
#3876=EDGE_CURVE('',#3121,#3137,#1760,.T.);
#3877=EDGE_CURVE('',#3139,#3141,#1761,.T.);
#3878=EDGE_CURVE('',#3127,#3142,#1762,.T.);
#3879=EDGE_CURVE('',#3127,#3143,#1763,.T.);
#3880=EDGE_CURVE('',#3144,#3143,#1764,.T.);
#3881=EDGE_CURVE('',#3142,#3144,#1765,.T.);
#3882=EDGE_CURVE('',#3142,#3145,#1766,.T.);
#3883=EDGE_CURVE('',#3146,#3144,#1767,.T.);
#3884=EDGE_CURVE('',#3145,#3146,#1768,.T.);
#3885=EDGE_CURVE('',#3145,#3127,#1769,.T.);
#3886=EDGE_CURVE('',#3143,#3146,#1770,.T.);
#3887=EDGE_CURVE('',#3142,#3147,#1771,.T.);
#3888=EDGE_CURVE('',#3133,#3147,#1772,.T.);
#3889=EDGE_CURVE('',#3148,#3136,#1773,.T.);
#3890=EDGE_CURVE('',#3148,#3137,#1774,.T.);
#3891=EDGE_CURVE('',#3137,#3142,#1775,.T.);
#3892=EDGE_CURVE('',#3135,#3149,#1776,.T.);
#3893=EDGE_CURVE('',#3150,#3134,#1777,.T.);
#3894=EDGE_CURVE('',#3149,#3150,#1778,.T.);
#3895=EDGE_CURVE('',#3149,#3148,#1779,.T.);
#3896=EDGE_CURVE('',#3147,#3150,#1780,.T.);
#3897=EDGE_CURVE('',#3151,#3152,#1781,.T.);
#3898=EDGE_CURVE('',#3151,#3153,#1782,.T.);
#3899=EDGE_CURVE('',#3154,#3153,#1783,.T.);
#3900=EDGE_CURVE('',#3152,#3154,#1784,.T.);
#3901=EDGE_CURVE('',#3152,#3155,#1785,.T.);
#3902=EDGE_CURVE('',#3156,#3154,#1786,.T.);
#3903=EDGE_CURVE('',#3155,#3156,#1787,.T.);
#3904=EDGE_CURVE('',#3155,#3151,#1788,.T.);
#3905=EDGE_CURVE('',#3153,#3156,#1789,.T.);
#3906=EDGE_CURVE('',#3157,#3158,#1790,.T.);
#3907=EDGE_CURVE('',#3157,#3159,#1791,.T.);
#3908=EDGE_CURVE('',#3160,#3159,#1792,.T.);
#3909=EDGE_CURVE('',#3158,#3160,#1793,.T.);
#3910=EDGE_CURVE('',#3158,#3161,#1794,.T.);
#3911=EDGE_CURVE('',#3162,#3160,#1795,.T.);
#3912=EDGE_CURVE('',#3161,#3162,#1796,.T.);
#3913=EDGE_CURVE('',#3161,#3157,#1797,.T.);
#3914=EDGE_CURVE('',#3159,#3162,#1798,.T.);
#3915=EDGE_CURVE('',#3157,#3163,#1799,.T.);
#3916=EDGE_CURVE('',#3164,#3163,#1800,.T.);
#3917=EDGE_CURVE('',#3161,#3164,#1801,.T.);
#3918=EDGE_CURVE('',#3155,#3157,#1802,.T.);
#3919=EDGE_CURVE('',#3152,#3161,#1803,.T.);
#3920=EDGE_CURVE('',#3165,#3152,#1804,.T.);
#3921=EDGE_CURVE('',#3166,#3165,#1805,.T.);
#3922=EDGE_CURVE('',#3166,#3155,#1806,.T.);
#3923=EDGE_CURVE('',#3167,#3157,#1807,.T.);
#3924=EDGE_CURVE('',#3167,#3168,#1808,.T.);
#3925=EDGE_CURVE('',#3169,#3168,#1809,.T.);
#3926=EDGE_CURVE('',#3157,#3169,#1810,.T.);
#3927=EDGE_CURVE('',#3157,#3170,#1811,.T.);
#3928=EDGE_CURVE('',#3171,#3169,#1812,.T.);
#3929=EDGE_CURVE('',#3170,#3171,#1813,.T.);
#3930=EDGE_CURVE('',#3170,#3167,#1814,.T.);
#3931=EDGE_CURVE('',#3168,#3171,#1815,.T.);
#3932=EDGE_CURVE('',#3172,#3155,#1816,.T.);
#3933=EDGE_CURVE('',#3172,#3173,#1817,.T.);
#3934=EDGE_CURVE('',#3174,#3173,#1818,.T.);
#3935=EDGE_CURVE('',#3155,#3174,#1819,.T.);
#3936=EDGE_CURVE('',#3155,#3175,#1820,.T.);
#3937=EDGE_CURVE('',#3176,#3174,#1821,.T.);
#3938=EDGE_CURVE('',#3175,#3176,#1822,.T.);
#3939=EDGE_CURVE('',#3175,#3172,#1823,.T.);
#3940=EDGE_CURVE('',#3173,#3176,#1824,.T.);
#3941=EDGE_CURVE('',#3177,#3166,#1825,.T.);
#3942=EDGE_CURVE('',#3177,#3175,#1826,.T.);
#3943=EDGE_CURVE('',#3170,#3178,#1827,.T.);
#3944=EDGE_CURVE('',#3163,#3178,#1828,.T.);
#3945=EDGE_CURVE('',#3175,#3170,#1829,.T.);
#3946=EDGE_CURVE('',#3165,#3179,#1830,.T.);
#3947=EDGE_CURVE('',#3180,#3164,#1831,.T.);
#3948=EDGE_CURVE('',#3179,#3180,#1832,.T.);
#3949=EDGE_CURVE('',#3179,#3177,#1833,.T.);
#3950=EDGE_CURVE('',#3178,#3180,#1834,.T.);
#3951=EDGE_CURVE('',#3181,#3182,#1835,.T.);
#3952=EDGE_CURVE('',#3181,#3183,#1836,.T.);
#3953=EDGE_CURVE('',#3184,#3183,#1837,.T.);
#3954=EDGE_CURVE('',#3182,#3184,#1838,.T.);
#3955=EDGE_CURVE('',#3182,#3185,#1839,.T.);
#3956=EDGE_CURVE('',#3186,#3184,#1840,.T.);
#3957=EDGE_CURVE('',#3185,#3186,#1841,.T.);
#3958=EDGE_CURVE('',#3185,#3181,#1842,.T.);
#3959=EDGE_CURVE('',#3183,#3186,#1843,.T.);
#3960=EDGE_CURVE('',#3187,#3188,#1844,.T.);
#3961=EDGE_CURVE('',#3187,#3189,#1845,.T.);
#3962=EDGE_CURVE('',#3190,#3189,#1846,.T.);
#3963=EDGE_CURVE('',#3188,#3190,#1847,.T.);
#3964=EDGE_CURVE('',#3188,#3191,#1848,.T.);
#3965=EDGE_CURVE('',#3192,#3190,#1849,.T.);
#3966=EDGE_CURVE('',#3191,#3192,#1850,.T.);
#3967=EDGE_CURVE('',#3191,#3187,#1851,.T.);
#3968=EDGE_CURVE('',#3189,#3192,#1852,.T.);
#3969=EDGE_CURVE('',#3187,#3193,#1853,.T.);
#3970=EDGE_CURVE('',#3194,#3193,#1854,.T.);
#3971=EDGE_CURVE('',#3191,#3194,#1855,.T.);
#3972=EDGE_CURVE('',#3185,#3187,#1856,.T.);
#3973=EDGE_CURVE('',#3182,#3191,#1857,.T.);
#3974=EDGE_CURVE('',#3195,#3182,#1858,.T.);
#3975=EDGE_CURVE('',#3196,#3195,#1859,.T.);
#3976=EDGE_CURVE('',#3196,#3185,#1860,.T.);
#3977=EDGE_CURVE('',#3197,#3187,#1861,.T.);
#3978=EDGE_CURVE('',#3197,#3198,#1862,.T.);
#3979=EDGE_CURVE('',#3199,#3198,#1863,.T.);
#3980=EDGE_CURVE('',#3187,#3199,#1864,.T.);
#3981=EDGE_CURVE('',#3187,#3200,#1865,.T.);
#3982=EDGE_CURVE('',#3201,#3199,#1866,.T.);
#3983=EDGE_CURVE('',#3200,#3201,#1867,.T.);
#3984=EDGE_CURVE('',#3200,#3197,#1868,.T.);
#3985=EDGE_CURVE('',#3198,#3201,#1869,.T.);
#3986=EDGE_CURVE('',#3202,#3185,#1870,.T.);
#3987=EDGE_CURVE('',#3202,#3203,#1871,.T.);
#3988=EDGE_CURVE('',#3204,#3203,#1872,.T.);
#3989=EDGE_CURVE('',#3185,#3204,#1873,.T.);
#3990=EDGE_CURVE('',#3185,#3205,#1874,.T.);
#3991=EDGE_CURVE('',#3206,#3204,#1875,.T.);
#3992=EDGE_CURVE('',#3205,#3206,#1876,.T.);
#3993=EDGE_CURVE('',#3205,#3202,#1877,.T.);
#3994=EDGE_CURVE('',#3203,#3206,#1878,.T.);
#3995=EDGE_CURVE('',#3207,#3196,#1879,.T.);
#3996=EDGE_CURVE('',#3207,#3205,#1880,.T.);
#3997=EDGE_CURVE('',#3200,#3208,#1881,.T.);
#3998=EDGE_CURVE('',#3193,#3208,#1882,.T.);
#3999=EDGE_CURVE('',#3205,#3200,#1883,.T.);
#4000=EDGE_CURVE('',#3195,#3209,#1884,.T.);
#4001=EDGE_CURVE('',#3210,#3194,#1885,.T.);
#4002=EDGE_CURVE('',#3209,#3210,#1886,.T.);
#4003=EDGE_CURVE('',#3209,#3207,#1887,.T.);
#4004=EDGE_CURVE('',#3208,#3210,#1888,.T.);
#4005=EDGE_CURVE('',#3211,#3212,#335,.T.);
#4006=EDGE_CURVE('',#3212,#3213,#1889,.T.);
#4007=EDGE_CURVE('',#3213,#3214,#61,.T.);
#4008=EDGE_CURVE('',#3214,#3211,#1890,.T.);
#4009=EDGE_CURVE('',#3212,#3215,#1891,.T.);
#4010=EDGE_CURVE('',#3216,#3215,#1892,.T.);
#4011=EDGE_CURVE('',#3216,#3217,#1893,.T.);
#4012=EDGE_CURVE('',#3217,#3218,#1894,.T.);
#4013=EDGE_CURVE('',#3218,#3213,#1895,.T.);
#4014=EDGE_CURVE('',#3211,#3219,#1896,.T.);
#4015=EDGE_CURVE('',#3220,#3219,#336,.T.);
#4016=EDGE_CURVE('',#3221,#3220,#1897,.T.);
#4017=EDGE_CURVE('',#3222,#3221,#337,.T.);
#4018=EDGE_CURVE('',#3223,#3222,#1898,.T.);
#4019=EDGE_CURVE('',#3215,#3223,#338,.T.);
#4020=EDGE_CURVE('',#3224,#3225,#62,.T.);
#4021=EDGE_CURVE('',#3225,#3220,#1899,.T.);
#4022=EDGE_CURVE('',#3219,#3224,#1900,.T.);
#4023=EDGE_CURVE('',#3225,#3226,#1901,.T.);
#4024=EDGE_CURVE('',#3226,#3227,#1902,.T.);
#4025=EDGE_CURVE('',#3227,#3228,#1903,.T.);
#4026=EDGE_CURVE('',#3221,#3228,#1904,.T.);
#4027=EDGE_CURVE('',#3226,#3218,#1905,.T.);
#4028=EDGE_CURVE('',#3214,#3224,#1906,.T.);
#4029=EDGE_CURVE('',#3229,#3216,#63,.T.);
#4030=EDGE_CURVE('',#3223,#3229,#1907,.T.);
#4031=EDGE_CURVE('',#3230,#3222,#1908,.T.);
#4032=EDGE_CURVE('',#3229,#3230,#1909,.T.);
#4033=EDGE_CURVE('',#3228,#3230,#64,.T.);
#4034=EDGE_CURVE('',#3227,#3217,#1910,.T.);
#4035=EDGE_CURVE('',#3231,#3231,#339,.T.);
#4036=EDGE_CURVE('',#3231,#3232,#1911,.T.);
#4037=EDGE_CURVE('',#3232,#3232,#340,.T.);
#4038=EDGE_CURVE('',#3233,#3233,#341,.T.);
#4039=EDGE_CURVE('',#3234,#3234,#342,.T.);
#4040=EDGE_CURVE('',#3234,#3233,#1912,.T.);
#4041=EDGE_CURVE('',#3235,#3236,#1913,.T.);
#4042=EDGE_CURVE('',#3235,#3237,#1914,.T.);
#4043=EDGE_CURVE('',#3238,#3237,#1915,.T.);
#4044=EDGE_CURVE('',#3236,#3238,#1916,.T.);
#4045=EDGE_CURVE('',#3236,#3239,#1917,.T.);
#4046=EDGE_CURVE('',#3240,#3238,#1918,.T.);
#4047=EDGE_CURVE('',#3239,#3240,#1919,.T.);
#4048=EDGE_CURVE('',#3239,#3241,#1920,.T.);
#4049=EDGE_CURVE('',#3242,#3240,#1921,.T.);
#4050=EDGE_CURVE('',#3241,#3242,#1922,.T.);
#4051=EDGE_CURVE('',#3241,#3235,#1923,.T.);
#4052=EDGE_CURVE('',#3237,#3242,#1924,.T.);
#4053=EDGE_CURVE('',#3243,#3243,#343,.T.);
#4054=EDGE_CURVE('',#3243,#3244,#1925,.T.);
#4055=EDGE_CURVE('',#3244,#3244,#344,.T.);
#4056=EDGE_CURVE('',#3245,#3246,#345,.T.);
#4057=EDGE_CURVE('',#3246,#3247,#1926,.T.);
#4058=EDGE_CURVE('',#3247,#3248,#1927,.T.);
#4059=EDGE_CURVE('',#3248,#3245,#1928,.T.);
#4060=EDGE_CURVE('',#3249,#3246,#1929,.T.);
#4061=EDGE_CURVE('',#3250,#3249,#1930,.T.);
#4062=EDGE_CURVE('',#3247,#3250,#1931,.T.);
#4063=EDGE_CURVE('',#3251,#3250,#1932,.T.);
#4064=EDGE_CURVE('',#3248,#3251,#1933,.T.);
#4065=EDGE_CURVE('',#3252,#3251,#1934,.T.);
#4066=EDGE_CURVE('',#3245,#3252,#1935,.T.);
#4067=EDGE_CURVE('',#3249,#3252,#346,.T.);
#4068=EDGE_CURVE('',#3253,#3254,#347,.T.);
#4069=EDGE_CURVE('',#3254,#3255,#1936,.T.);
#4070=EDGE_CURVE('',#3255,#3256,#348,.T.);
#4071=EDGE_CURVE('',#3256,#3253,#1937,.T.);
#4072=EDGE_CURVE('',#3257,#3255,#1938,.T.);
#4073=EDGE_CURVE('',#3258,#3257,#349,.T.);
#4074=EDGE_CURVE('',#3259,#3258,#1939,.T.);
#4075=EDGE_CURVE('',#3260,#3259,#350,.T.);
#4076=EDGE_CURVE('',#3261,#3260,#1940,.T.);
#4077=EDGE_CURVE('',#3262,#3261,#351,.T.);
#4078=EDGE_CURVE('',#3256,#3262,#1941,.T.);
#4079=EDGE_CURVE('',#3263,#3263,#352,.T.);
#4080=EDGE_CURVE('',#3264,#3264,#353,.T.);
#4081=EDGE_CURVE('',#3265,#3265,#354,.T.);
#4082=EDGE_CURVE('',#3266,#3266,#355,.T.);
#4083=EDGE_CURVE('',#3267,#3254,#1942,.T.);
#4084=EDGE_CURVE('',#3257,#3267,#1943,.T.);
#4085=EDGE_CURVE('',#3267,#3268,#356,.T.);
#4086=EDGE_CURVE('',#3268,#3258,#1944,.T.);
#4087=EDGE_CURVE('',#3269,#3270,#357,.T.);
#4088=EDGE_CURVE('',#3270,#3260,#1945,.T.);
#4089=EDGE_CURVE('',#3259,#3269,#1946,.T.);
#4090=EDGE_CURVE('',#3271,#3270,#1947,.T.);
#4091=EDGE_CURVE('',#3261,#3271,#1948,.T.);
#4092=EDGE_CURVE('',#3271,#3272,#358,.T.);
#4093=EDGE_CURVE('',#3272,#3262,#1949,.T.);
#4094=EDGE_CURVE('',#3269,#3268,#1950,.T.);
#4095=EDGE_CURVE('',#3253,#3272,#1951,.T.);
#4096=EDGE_CURVE('',#3263,#3273,#1952,.T.);
#4097=EDGE_CURVE('',#3273,#3273,#359,.T.);
#4098=EDGE_CURVE('',#3264,#3274,#1953,.T.);
#4099=EDGE_CURVE('',#3274,#3274,#360,.T.);
#4100=EDGE_CURVE('',#3265,#3275,#1954,.T.);
#4101=EDGE_CURVE('',#3275,#3275,#361,.T.);
#4102=EDGE_CURVE('',#3266,#3276,#1955,.T.);
#4103=EDGE_CURVE('',#3276,#3276,#362,.T.);
#4104=EDGE_CURVE('',#3277,#3278,#363,.T.);
#4105=EDGE_CURVE('',#3278,#3277,#1956,.T.);
#4106=EDGE_CURVE('',#3279,#3278,#1957,.T.);
#4107=EDGE_CURVE('',#3280,#3279,#1958,.T.);
#4108=EDGE_CURVE('',#3277,#3280,#1959,.T.);
#4109=EDGE_CURVE('',#3279,#3280,#364,.T.);
#4110=EDGE_CURVE('',#3281,#3282,#1960,.T.);
#4111=EDGE_CURVE('',#3281,#3283,#1961,.T.);
#4112=EDGE_CURVE('',#3283,#3284,#1962,.T.);
#4113=EDGE_CURVE('',#3282,#3284,#1963,.T.);
#4114=EDGE_CURVE('',#3285,#3281,#1964,.T.);
#4115=EDGE_CURVE('',#3285,#3286,#1965,.T.);
#4116=EDGE_CURVE('',#3286,#3283,#1966,.T.);
#4117=EDGE_CURVE('',#3282,#3285,#1967,.T.);
#4118=EDGE_CURVE('',#3282,#3284,#1968,.T.);
#4119=EDGE_CURVE('',#3284,#3286,#1969,.T.);
#4120=EDGE_CURVE('',#3287,#3288,#365,.T.);
#4121=EDGE_CURVE('',#3289,#3287,#1970,.T.);
#4122=EDGE_CURVE('',#3282,#3289,#1971,.T.);
#4123=EDGE_CURVE('',#3290,#3282,#1972,.T.);
#4124=EDGE_CURVE('',#3290,#3288,#1973,.T.);
#4125=EDGE_CURVE('',#3291,#3292,#366,.T.);
#4126=EDGE_CURVE('',#3292,#3293,#1974,.T.);
#4127=EDGE_CURVE('',#3293,#3294,#367,.T.);
#4128=EDGE_CURVE('',#3294,#3291,#1975,.T.);
#4129=EDGE_CURVE('',#3292,#3295,#1976,.T.);
#4130=EDGE_CURVE('',#3291,#3296,#1977,.T.);
#4131=EDGE_CURVE('',#3295,#3296,#368,.T.);
#4132=EDGE_CURVE('',#3297,#3295,#1978,.T.);
#4133=EDGE_CURVE('',#3293,#3297,#1979,.T.);
#4134=EDGE_CURVE('',#3294,#3298,#1980,.T.);
#4135=EDGE_CURVE('',#3296,#3298,#1981,.T.);
#4136=EDGE_CURVE('',#3298,#3297,#369,.T.);
#4137=EDGE_CURVE('',#3299,#3300,#370,.T.);
#4138=EDGE_CURVE('',#3301,#3299,#1982,.T.);
#4139=EDGE_CURVE('',#3302,#3301,#1983,.T.);
#4140=EDGE_CURVE('',#3302,#3300,#1984,.T.);
#4141=EDGE_CURVE('',#3300,#3303,#1985,.T.);
#4142=EDGE_CURVE('',#3303,#3304,#371,.T.);
#4143=EDGE_CURVE('',#3304,#3299,#1986,.T.);
#4144=EDGE_CURVE('',#3305,#3304,#1987,.T.);
#4145=EDGE_CURVE('',#3306,#3305,#1988,.T.);
#4146=EDGE_CURVE('',#3306,#3307,#1989,.T.);
#4147=EDGE_CURVE('',#3288,#3307,#1990,.T.);
#4148=EDGE_CURVE('',#3301,#3290,#1991,.T.);
#4149=EDGE_CURVE('',#3308,#3303,#1992,.T.);
#4150=EDGE_CURVE('',#3305,#3308,#1993,.T.);
#4151=EDGE_CURVE('',#3307,#3309,#372,.T.);
#4152=EDGE_CURVE('',#3310,#3306,#1994,.T.);
#4153=EDGE_CURVE('',#3310,#3309,#1995,.T.);
#4154=EDGE_CURVE('',#3309,#3287,#1996,.T.);
#4155=EDGE_CURVE('',#3308,#3310,#1997,.T.);
#4156=EDGE_CURVE('',#3289,#3302,#1998,.T.);
#4157=EDGE_CURVE('',#3311,#3311,#373,.T.);
#4158=EDGE_CURVE('',#3311,#3312,#1999,.T.);
#4159=EDGE_CURVE('',#3313,#3313,#374,.T.);
#4160=EDGE_CURVE('',#3313,#3311,#2000,.T.);
#4161=EDGE_CURVE('',#3314,#3314,#375,.T.);
#4162=EDGE_CURVE('',#3314,#3315,#2001,.T.);
#4163=EDGE_CURVE('',#3316,#3316,#376,.T.);
#4164=EDGE_CURVE('',#3316,#3314,#2002,.T.);
#4165=EDGE_CURVE('',#3317,#3318,#65,.T.);
#4166=EDGE_CURVE('',#3318,#3319,#2003,.T.);
#4167=EDGE_CURVE('',#3319,#3320,#377,.T.);
#4168=EDGE_CURVE('',#3320,#3317,#2004,.T.);
#4169=EDGE_CURVE('',#3321,#3318,#2005,.T.);
#4170=EDGE_CURVE('',#3321,#3322,#2006,.T.);
#4171=EDGE_CURVE('',#3323,#3322,#2007,.T.);
#4172=EDGE_CURVE('',#3324,#3323,#2008,.T.);
#4173=EDGE_CURVE('',#3319,#3324,#2009,.T.);
#4174=EDGE_CURVE('',#3317,#3325,#2010,.T.);
#4175=EDGE_CURVE('',#3325,#3326,#2011,.T.);
#4176=EDGE_CURVE('',#3326,#3321,#2012,.T.);
#4177=EDGE_CURVE('',#3323,#3327,#66,.T.);
#4178=EDGE_CURVE('',#3327,#3328,#2013,.T.);
#4179=EDGE_CURVE('',#3328,#3324,#378,.T.);
#4180=EDGE_CURVE('',#3329,#3327,#2014,.T.);
#4181=EDGE_CURVE('',#3329,#3330,#2015,.T.);
#4182=EDGE_CURVE('',#3330,#3328,#2016,.T.);
#4183=EDGE_CURVE('',#3331,#3332,#2017,.T.);
#4184=EDGE_CURVE('',#3333,#3332,#379,.F.);
#4185=EDGE_CURVE('',#3333,#3334,#2018,.T.);
#4186=EDGE_CURVE('',#3335,#3334,#380,.F.);
#4187=EDGE_CURVE('',#3335,#3336,#2019,.T.);
#4188=EDGE_CURVE('',#3337,#3336,#381,.F.);
#4189=EDGE_CURVE('',#3337,#3338,#2020,.T.);
#4190=EDGE_CURVE('',#3331,#3338,#382,.F.);
#4191=EDGE_CURVE('',#3322,#3339,#2021,.T.);
#4192=EDGE_CURVE('',#3339,#3329,#2022,.T.);
#4193=EDGE_CURVE('',#3326,#3339,#2023,.T.);
#4194=EDGE_CURVE('',#3340,#3340,#383,.T.);
#4195=EDGE_CURVE('',#3325,#3341,#2024,.T.);
#4196=EDGE_CURVE('',#3341,#3330,#2025,.T.);
#4197=EDGE_CURVE('',#3342,#3343,#2026,.T.);
#4198=EDGE_CURVE('',#3344,#3343,#384,.F.);
#4199=EDGE_CURVE('',#3344,#3345,#2027,.T.);
#4200=EDGE_CURVE('',#3346,#3345,#385,.F.);
#4201=EDGE_CURVE('',#3346,#3347,#2028,.T.);
#4202=EDGE_CURVE('',#3348,#3347,#386,.F.);
#4203=EDGE_CURVE('',#3348,#3349,#2029,.T.);
#4204=EDGE_CURVE('',#3342,#3349,#387,.F.);
#4205=EDGE_CURVE('',#3335,#3350,#2030,.T.);
#4206=EDGE_CURVE('',#3350,#3351,#2031,.T.);
#4207=EDGE_CURVE('',#3351,#3336,#2032,.T.);
#4208=EDGE_CURVE('',#3337,#3351,#2033,.T.);
#4209=EDGE_CURVE('',#3351,#3352,#2034,.T.);
#4210=EDGE_CURVE('',#3352,#3338,#2035,.T.);
#4211=EDGE_CURVE('',#3331,#3352,#2036,.T.);
#4212=EDGE_CURVE('',#3352,#3353,#2037,.T.);
#4213=EDGE_CURVE('',#3353,#3332,#2038,.T.);
#4214=EDGE_CURVE('',#3333,#3353,#2039,.T.);
#4215=EDGE_CURVE('',#3353,#3350,#2040,.T.);
#4216=EDGE_CURVE('',#3350,#3334,#2041,.T.);
#4217=EDGE_CURVE('',#3354,#3354,#388,.T.);
#4218=EDGE_CURVE('',#3354,#3355,#2042,.T.);
#4219=EDGE_CURVE('',#3355,#3355,#389,.T.);
#4220=EDGE_CURVE('',#3356,#3356,#390,.T.);
#4221=EDGE_CURVE('',#3356,#3357,#2043,.T.);
#4222=EDGE_CURVE('',#3357,#3357,#391,.T.);
#4223=EDGE_CURVE('',#3358,#3358,#392,.T.);
#4224=EDGE_CURVE('',#3358,#3359,#2044,.T.);
#4225=EDGE_CURVE('',#3359,#3359,#393,.T.);
#4226=EDGE_CURVE('',#3360,#3360,#394,.T.);
#4227=EDGE_CURVE('',#3360,#3340,#2045,.T.);
#4228=EDGE_CURVE('',#3361,#3361,#395,.T.);
#4229=EDGE_CURVE('',#3361,#3362,#2046,.T.);
#4230=EDGE_CURVE('',#3363,#3363,#396,.T.);
#4231=EDGE_CURVE('',#3363,#3361,#2047,.T.);
#4232=EDGE_CURVE('',#3364,#3364,#397,.T.);
#4233=EDGE_CURVE('',#3364,#3365,#2048,.T.);
#4234=EDGE_CURVE('',#3366,#3366,#398,.T.);
#4235=EDGE_CURVE('',#3366,#3364,#2049,.T.);
#4236=EDGE_CURVE('',#3367,#3368,#399,.T.);
#4237=EDGE_CURVE('',#3368,#3346,#2050,.T.);
#4238=EDGE_CURVE('',#3345,#3367,#2051,.T.);
#4239=EDGE_CURVE('',#3369,#3368,#2052,.T.);
#4240=EDGE_CURVE('',#3347,#3369,#2053,.T.);
#4241=EDGE_CURVE('',#3367,#3370,#2054,.T.);
#4242=EDGE_CURVE('',#3371,#3370,#400,.T.);
#4243=EDGE_CURVE('',#3371,#3372,#2055,.T.);
#4244=EDGE_CURVE('',#3373,#3372,#401,.T.);
#4245=EDGE_CURVE('',#3373,#3374,#2056,.T.);
#4246=EDGE_CURVE('',#3369,#3374,#402,.T.);
#4247=EDGE_CURVE('',#3370,#3344,#2057,.T.);
#4248=EDGE_CURVE('',#3343,#3371,#2058,.T.);
#4249=EDGE_CURVE('',#3372,#3342,#2059,.T.);
#4250=EDGE_CURVE('',#3349,#3373,#2060,.T.);
#4251=EDGE_CURVE('',#3374,#3348,#2061,.T.);
#4252=EDGE_CURVE('',#3341,#3320,#2062,.T.);
#4253=EDGE_CURVE('',#3375,#3376,#67,.T.);
#4254=EDGE_CURVE('',#3376,#3377,#2063,.T.);
#4255=EDGE_CURVE('',#3377,#3378,#68,.T.);
#4256=EDGE_CURVE('',#3378,#3375,#2064,.T.);
#4257=EDGE_CURVE('',#3379,#3376,#69,.T.);
#4258=EDGE_CURVE('',#3379,#3380,#2065,.T.);
#4259=EDGE_CURVE('',#3381,#3380,#2066,.T.);
#4260=EDGE_CURVE('',#3377,#3381,#70,.T.);
#4261=EDGE_CURVE('',#3375,#3382,#2067,.T.);
#4262=EDGE_CURVE('',#3383,#3382,#71,.T.);
#4263=EDGE_CURVE('',#3383,#3379,#2068,.T.);
#4264=EDGE_CURVE('',#3384,#3385,#72,.T.);
#4265=EDGE_CURVE('',#3385,#3386,#2069,.T.);
#4266=EDGE_CURVE('',#3386,#3387,#73,.T.);
#4267=EDGE_CURVE('',#3387,#3388,#31,.T.);
#4268=EDGE_CURVE('',#3388,#3389,#2070,.T.);
#4269=EDGE_CURVE('',#3389,#3384,#32,.T.);
#4270=EDGE_CURVE('',#3386,#3390,#2071,.T.);
#4271=EDGE_CURVE('',#3390,#3391,#403,.F.);
#4272=EDGE_CURVE('',#3391,#3392,#2072,.T.);
#4273=EDGE_CURVE('',#3392,#3387,#33,.T.);
#4274=EDGE_CURVE('',#3393,#3385,#2073,.T.);
#4275=EDGE_CURVE('',#3390,#3393,#2074,.T.);
#4276=EDGE_CURVE('',#3384,#3394,#34,.T.);
#4277=EDGE_CURVE('',#3394,#3395,#2075,.T.);
#4278=EDGE_CURVE('',#3395,#3393,#404,.F.);
#4279=EDGE_CURVE('',#3396,#3397,#405,.F.);
#4280=EDGE_CURVE('',#3398,#3396,#406,.F.);
#4281=EDGE_CURVE('',#3397,#3398,#407,.F.);
#4282=EDGE_CURVE('',#3399,#3395,#408,.F.);
#4283=EDGE_CURVE('',#3393,#3399,#409,.F.);
#4284=EDGE_CURVE('',#3391,#3400,#410,.F.);
#4285=EDGE_CURVE('',#3400,#3390,#411,.F.);
#4286=EDGE_CURVE('',#3399,#3400,#2076,.T.);
#4287=EDGE_CURVE('',#3401,#3402,#412,.F.);
#4288=EDGE_CURVE('',#3403,#3401,#413,.F.);
#4289=EDGE_CURVE('',#3402,#3403,#414,.F.);
#4290=EDGE_CURVE('',#3404,#3405,#2077,.T.);
#4291=EDGE_CURVE('',#3405,#3406,#74,.T.);
#4292=EDGE_CURVE('',#3406,#3407,#75,.T.);
#4293=EDGE_CURVE('',#3407,#3408,#2078,.T.);
#4294=EDGE_CURVE('',#3408,#3404,#76,.T.);
#4295=EDGE_CURVE('',#3381,#3409,#35,.T.);
#4296=EDGE_CURVE('',#3409,#3410,#77,.T.);
#4297=EDGE_CURVE('',#3410,#3407,#2079,.T.);
#4298=EDGE_CURVE('',#3406,#3378,#2080,.T.);
#4299=EDGE_CURVE('',#3408,#3403,#2081,.T.);
#4300=EDGE_CURVE('',#3401,#3404,#2082,.T.);
#4301=EDGE_CURVE('',#3403,#3391,#2083,.T.);
#4302=EDGE_CURVE('',#3400,#3402,#2084,.T.);
#4303=EDGE_CURVE('',#3411,#3412,#36,.T.);
#4304=EDGE_CURVE('',#3412,#3401,#2085,.T.);
#4305=EDGE_CURVE('',#3402,#3411,#2086,.T.);
#4306=EDGE_CURVE('',#3413,#3399,#2087,.T.);
#4307=EDGE_CURVE('',#3395,#3414,#2088,.T.);
#4308=EDGE_CURVE('',#3414,#3413,#78,.T.);
#4309=EDGE_CURVE('',#3414,#3398,#2089,.T.);
#4310=EDGE_CURVE('',#3396,#3413,#2090,.T.);
#4311=EDGE_CURVE('',#3415,#3416,#37,.T.);
#4312=EDGE_CURVE('',#3416,#3397,#2091,.T.);
#4313=EDGE_CURVE('',#3398,#3415,#2092,.T.);
#4314=EDGE_CURVE('',#3417,#3396,#2093,.T.);
#4315=EDGE_CURVE('',#3397,#3383,#2094,.T.);
#4316=EDGE_CURVE('',#3382,#3417,#79,.T.);
#4317=EDGE_CURVE('',#3412,#3418,#2095,.T.);
#4318=EDGE_CURVE('',#3418,#3405,#2096,.T.);
#4319=EDGE_CURVE('',#3419,#3411,#415,.T.);
#4320=EDGE_CURVE('',#3420,#3419,#2097,.T.);
#4321=EDGE_CURVE('',#3420,#3418,#80,.T.);
#4322=EDGE_CURVE('',#3419,#3413,#2098,.T.);
#4323=EDGE_CURVE('',#3417,#3420,#2099,.T.);
#4324=EDGE_CURVE('',#3421,#3416,#81,.T.);
#4325=EDGE_CURVE('',#3380,#3421,#2100,.T.);
#4326=EDGE_CURVE('',#3389,#3422,#38,.T.);
#4327=EDGE_CURVE('',#3422,#3423,#82,.T.);
#4328=EDGE_CURVE('',#3423,#3421,#416,.T.);
#4329=EDGE_CURVE('',#3415,#3394,#39,.T.);
#4330=EDGE_CURVE('',#3423,#3424,#2101,.T.);
#4331=EDGE_CURVE('',#3424,#3380,#83,.T.);
#4332=EDGE_CURVE('',#3424,#3425,#2102,.T.);
#4333=EDGE_CURVE('',#3425,#3409,#84,.T.);
#4334=EDGE_CURVE('',#3392,#3426,#40,.T.);
#4335=EDGE_CURVE('',#3426,#3427,#85,.T.);
#4336=EDGE_CURVE('',#3427,#3428,#417,.T.);
#4337=EDGE_CURVE('',#3428,#3429,#86,.T.);
#4338=EDGE_CURVE('',#3429,#3388,#41,.T.);
#4339=EDGE_CURVE('',#3425,#3428,#2103,.T.);
#4340=EDGE_CURVE('',#3427,#3410,#2104,.T.);
#4341=EDGE_CURVE('',#3422,#3429,#2105,.T.);
#4342=EDGE_CURVE('',#3408,#3426,#2106,.T.);
#4343=EDGE_CURVE('',#3428,#3423,#2107,.T.);
#4344=EDGE_CURVE('',#3430,#3430,#418,.T.);
#4345=EDGE_CURVE('',#3431,#3431,#419,.T.);
#4346=EDGE_CURVE('',#3431,#3430,#2108,.T.);
#4347=EDGE_CURVE('',#3432,#3432,#420,.T.);
#4348=EDGE_CURVE('',#3432,#3431,#2109,.T.);
#4349=EDGE_CURVE('',#3433,#3433,#421,.T.);
#4350=EDGE_CURVE('',#3433,#3432,#2110,.T.);
#4351=EDGE_CURVE('',#3434,#3434,#422,.T.);
#4352=EDGE_CURVE('',#3434,#3433,#2111,.T.);
#4353=EDGE_CURVE('',#3435,#3435,#423,.T.);
#4354=EDGE_CURVE('',#3435,#3434,#2112,.T.);
#4355=EDGE_CURVE('',#3436,#3436,#424,.T.);
#4356=EDGE_CURVE('',#3436,#3435,#2113,.T.);
#4357=EDGE_CURVE('',#3437,#3437,#425,.T.);
#4358=EDGE_CURVE('',#3437,#3436,#2114,.T.);
#4359=EDGE_CURVE('',#3438,#3438,#426,.T.);
#4360=EDGE_CURVE('',#3439,#3439,#427,.T.);
#4361=EDGE_CURVE('',#3439,#3438,#2115,.T.);
#4362=EDGE_CURVE('',#3440,#3440,#428,.T.);
#4363=EDGE_CURVE('',#3441,#3441,#429,.T.);
#4364=EDGE_CURVE('',#3441,#3440,#2116,.T.);
#4365=EDGE_CURVE('',#3442,#3442,#430,.T.);
#4366=EDGE_CURVE('',#3443,#3443,#431,.T.);
#4367=EDGE_CURVE('',#3443,#3442,#2117,.T.);
#4368=EDGE_CURVE('',#3444,#3444,#432,.T.);
#4369=EDGE_CURVE('',#3445,#3445,#433,.T.);
#4370=EDGE_CURVE('',#3445,#3444,#2118,.T.);
#4371=EDGE_CURVE('',#3446,#3446,#434,.T.);
#4372=EDGE_CURVE('',#3447,#3447,#435,.T.);
#4373=EDGE_CURVE('',#3447,#3446,#2119,.T.);
#4374=EDGE_CURVE('',#3448,#3448,#436,.T.);
#4375=EDGE_CURVE('',#3449,#3449,#437,.T.);
#4376=EDGE_CURVE('',#3449,#3448,#2120,.T.);
#4377=EDGE_CURVE('',#3450,#3450,#438,.T.);
#4378=EDGE_CURVE('',#3451,#3451,#439,.T.);
#4379=EDGE_CURVE('',#3451,#3450,#2121,.T.);
#4380=ORIENTED_EDGE('',*,*,#3452,.T.);
#4381=ORIENTED_EDGE('',*,*,#3453,.T.);
#4382=ORIENTED_EDGE('',*,*,#3454,.T.);
#4383=ORIENTED_EDGE('',*,*,#3455,.T.);
#4384=ORIENTED_EDGE('',*,*,#3456,.T.);
#4385=ORIENTED_EDGE('',*,*,#3457,.T.);
#4386=ORIENTED_EDGE('',*,*,#3458,.T.);
#4387=ORIENTED_EDGE('',*,*,#3459,.T.);
#4388=ORIENTED_EDGE('',*,*,#3460,.F.);
#4389=ORIENTED_EDGE('',*,*,#3461,.T.);
#4390=ORIENTED_EDGE('',*,*,#3462,.F.);
#4391=ORIENTED_EDGE('',*,*,#3463,.F.);
#4392=ORIENTED_EDGE('',*,*,#3453,.F.);
#4393=ORIENTED_EDGE('',*,*,#3464,.F.);
#4394=ORIENTED_EDGE('',*,*,#3459,.F.);
#4395=ORIENTED_EDGE('',*,*,#3454,.F.);
#4396=ORIENTED_EDGE('',*,*,#3463,.T.);
#4397=ORIENTED_EDGE('',*,*,#3465,.F.);
#4398=ORIENTED_EDGE('',*,*,#3466,.F.);
#4399=ORIENTED_EDGE('',*,*,#3455,.F.);
#4400=ORIENTED_EDGE('',*,*,#3466,.T.);
#4401=ORIENTED_EDGE('',*,*,#3467,.F.);
#4402=ORIENTED_EDGE('',*,*,#3468,.F.);
#4403=ORIENTED_EDGE('',*,*,#3469,.F.);
#4404=ORIENTED_EDGE('',*,*,#3457,.F.);
#4405=ORIENTED_EDGE('',*,*,#3470,.F.);
#4406=ORIENTED_EDGE('',*,*,#3471,.T.);
#4407=ORIENTED_EDGE('',*,*,#3467,.T.);
#4408=ORIENTED_EDGE('',*,*,#3465,.T.);
#4409=ORIENTED_EDGE('',*,*,#3462,.T.);
#4410=ORIENTED_EDGE('',*,*,#3470,.T.);
#4411=ORIENTED_EDGE('',*,*,#3472,.T.);
#4412=ORIENTED_EDGE('',*,*,#3473,.T.);
#4413=ORIENTED_EDGE('',*,*,#3474,.T.);
#4414=ORIENTED_EDGE('',*,*,#3464,.T.);
#4415=ORIENTED_EDGE('',*,*,#3475,.T.);
#4416=ORIENTED_EDGE('',*,*,#3476,.T.);
#4417=ORIENTED_EDGE('',*,*,#3477,.T.);
#4418=ORIENTED_EDGE('',*,*,#3469,.T.);
#4419=ORIENTED_EDGE('',*,*,#3478,.T.);
#4420=ORIENTED_EDGE('',*,*,#3479,.T.);
#4421=ORIENTED_EDGE('',*,*,#3480,.T.);
#4422=ORIENTED_EDGE('',*,*,#3460,.T.);
#4423=ORIENTED_EDGE('',*,*,#3481,.T.);
#4424=ORIENTED_EDGE('',*,*,#3482,.T.);
#4425=ORIENTED_EDGE('',*,*,#3483,.T.);
#4426=ORIENTED_EDGE('',*,*,#3484,.T.);
#4427=ORIENTED_EDGE('',*,*,#3485,.T.);
#4428=ORIENTED_EDGE('',*,*,#3486,.T.);
#4429=ORIENTED_EDGE('',*,*,#3487,.T.);
#4430=ORIENTED_EDGE('',*,*,#3485,.F.);
#4431=ORIENTED_EDGE('',*,*,#3488,.T.);
#4432=ORIENTED_EDGE('',*,*,#3489,.F.);
#4433=ORIENTED_EDGE('',*,*,#3490,.T.);
#4434=ORIENTED_EDGE('',*,*,#3484,.F.);
#4435=ORIENTED_EDGE('',*,*,#3491,.T.);
#4436=ORIENTED_EDGE('',*,*,#3492,.T.);
#4437=ORIENTED_EDGE('',*,*,#3493,.T.);
#4438=ORIENTED_EDGE('',*,*,#3478,.F.);
#4439=ORIENTED_EDGE('',*,*,#3468,.T.);
#4440=ORIENTED_EDGE('',*,*,#3471,.F.);
#4441=ORIENTED_EDGE('',*,*,#3461,.F.);
#4442=ORIENTED_EDGE('',*,*,#3483,.F.);
#4443=ORIENTED_EDGE('',*,*,#3494,.T.);
#4444=ORIENTED_EDGE('',*,*,#3495,.T.);
#4445=ORIENTED_EDGE('',*,*,#3496,.T.);
#4446=ORIENTED_EDGE('',*,*,#3497,.F.);
#4447=ORIENTED_EDGE('',*,*,#3488,.F.);
#4448=ORIENTED_EDGE('',*,*,#3498,.T.);
#4449=ORIENTED_EDGE('',*,*,#3499,.T.);
#4450=ORIENTED_EDGE('',*,*,#3500,.T.);
#4451=ORIENTED_EDGE('',*,*,#3501,.T.);
#4452=ORIENTED_EDGE('',*,*,#3501,.F.);
#4453=ORIENTED_EDGE('',*,*,#3502,.T.);
#4454=ORIENTED_EDGE('',*,*,#3503,.F.);
#4455=ORIENTED_EDGE('',*,*,#3504,.T.);
#4456=ORIENTED_EDGE('',*,*,#3500,.F.);
#4457=ORIENTED_EDGE('',*,*,#3505,.T.);
#4458=ORIENTED_EDGE('',*,*,#3506,.T.);
#4459=ORIENTED_EDGE('',*,*,#3507,.T.);
#4460=ORIENTED_EDGE('',*,*,#3472,.F.);
#4461=ORIENTED_EDGE('',*,*,#3456,.F.);
#4462=ORIENTED_EDGE('',*,*,#3477,.F.);
#4463=ORIENTED_EDGE('',*,*,#3508,.T.);
#4464=ORIENTED_EDGE('',*,*,#3509,.T.);
#4465=ORIENTED_EDGE('',*,*,#3510,.F.);
#4466=ORIENTED_EDGE('',*,*,#3511,.F.);
#4467=ORIENTED_EDGE('',*,*,#3502,.F.);
#4468=ORIENTED_EDGE('',*,*,#3512,.T.);
#4469=ORIENTED_EDGE('',*,*,#3503,.T.);
#4470=ORIENTED_EDGE('',*,*,#3511,.T.);
#4471=ORIENTED_EDGE('',*,*,#3513,.T.);
#4472=ORIENTED_EDGE('',*,*,#3498,.F.);
#4473=ORIENTED_EDGE('',*,*,#3504,.F.);
#4474=ORIENTED_EDGE('',*,*,#3512,.F.);
#4475=ORIENTED_EDGE('',*,*,#3514,.F.);
#4476=ORIENTED_EDGE('',*,*,#3515,.T.);
#4477=ORIENTED_EDGE('',*,*,#3516,.T.);
#4478=ORIENTED_EDGE('',*,*,#3475,.F.);
#4479=ORIENTED_EDGE('',*,*,#3452,.F.);
#4480=ORIENTED_EDGE('',*,*,#3474,.F.);
#4481=ORIENTED_EDGE('',*,*,#3517,.T.);
#4482=ORIENTED_EDGE('',*,*,#3518,.T.);
#4483=ORIENTED_EDGE('',*,*,#3519,.F.);
#4484=ORIENTED_EDGE('',*,*,#3513,.F.);
#4485=ORIENTED_EDGE('',*,*,#3510,.T.);
#4486=ORIENTED_EDGE('',*,*,#3520,.T.);
#4487=ORIENTED_EDGE('',*,*,#3521,.F.);
#4488=ORIENTED_EDGE('',*,*,#3522,.F.);
#4489=ORIENTED_EDGE('',*,*,#3496,.F.);
#4490=ORIENTED_EDGE('',*,*,#3523,.T.);
#4491=ORIENTED_EDGE('',*,*,#3524,.T.);
#4492=ORIENTED_EDGE('',*,*,#3525,.F.);
#4493=ORIENTED_EDGE('',*,*,#3526,.F.);
#4494=ORIENTED_EDGE('',*,*,#3527,.T.);
#4495=ORIENTED_EDGE('',*,*,#3514,.T.);
#4496=ORIENTED_EDGE('',*,*,#3497,.T.);
#4497=ORIENTED_EDGE('',*,*,#3522,.T.);
#4498=ORIENTED_EDGE('',*,*,#3528,.T.);
#4499=ORIENTED_EDGE('',*,*,#3489,.T.);
#4500=ORIENTED_EDGE('',*,*,#3515,.F.);
#4501=ORIENTED_EDGE('',*,*,#3527,.F.);
#4502=ORIENTED_EDGE('',*,*,#3529,.F.);
#4503=ORIENTED_EDGE('',*,*,#3530,.F.);
#4504=ORIENTED_EDGE('',*,*,#3495,.F.);
#4505=ORIENTED_EDGE('',*,*,#3531,.F.);
#4506=ORIENTED_EDGE('',*,*,#3532,.F.);
#4507=ORIENTED_EDGE('',*,*,#3523,.F.);
#4508=ORIENTED_EDGE('',*,*,#3533,.F.);
#4509=ORIENTED_EDGE('',*,*,#3520,.F.);
#4510=ORIENTED_EDGE('',*,*,#3509,.F.);
#4511=ORIENTED_EDGE('',*,*,#3534,.F.);
#4512=ORIENTED_EDGE('',*,*,#3529,.T.);
#4513=ORIENTED_EDGE('',*,*,#3526,.T.);
#4514=ORIENTED_EDGE('',*,*,#3535,.F.);
#4515=ORIENTED_EDGE('',*,*,#3536,.F.);
#4516=ORIENTED_EDGE('',*,*,#3537,.F.);
#4517=ORIENTED_EDGE('',*,*,#3534,.T.);
#4518=ORIENTED_EDGE('',*,*,#3508,.F.);
#4519=ORIENTED_EDGE('',*,*,#3476,.F.);
#4520=ORIENTED_EDGE('',*,*,#3516,.F.);
#4521=ORIENTED_EDGE('',*,*,#3530,.T.);
#4522=ORIENTED_EDGE('',*,*,#3536,.T.);
#4523=ORIENTED_EDGE('',*,*,#3538,.F.);
#4524=ORIENTED_EDGE('',*,*,#3539,.F.);
#4525=ORIENTED_EDGE('',*,*,#3531,.T.);
#4526=ORIENTED_EDGE('',*,*,#3494,.F.);
#4527=ORIENTED_EDGE('',*,*,#3482,.F.);
#4528=ORIENTED_EDGE('',*,*,#3532,.T.);
#4529=ORIENTED_EDGE('',*,*,#3539,.T.);
#4530=ORIENTED_EDGE('',*,*,#3540,.F.);
#4531=ORIENTED_EDGE('',*,*,#3524,.F.);
#4532=ORIENTED_EDGE('',*,*,#3525,.T.);
#4533=ORIENTED_EDGE('',*,*,#3540,.T.);
#4534=ORIENTED_EDGE('',*,*,#3538,.T.);
#4535=ORIENTED_EDGE('',*,*,#3535,.T.);
#4536=ORIENTED_EDGE('',*,*,#3541,.F.);
#4537=ORIENTED_EDGE('',*,*,#3479,.F.);
#4538=ORIENTED_EDGE('',*,*,#3493,.F.);
#4539=ORIENTED_EDGE('',*,*,#3542,.T.);
#4540=ORIENTED_EDGE('',*,*,#3543,.T.);
#4541=ORIENTED_EDGE('',*,*,#3544,.F.);
#4542=ORIENTED_EDGE('',*,*,#3545,.F.);
#4543=ORIENTED_EDGE('',*,*,#3546,.T.);
#4544=ORIENTED_EDGE('',*,*,#3517,.F.);
#4545=ORIENTED_EDGE('',*,*,#3473,.F.);
#4546=ORIENTED_EDGE('',*,*,#3507,.F.);
#4547=ORIENTED_EDGE('',*,*,#3547,.T.);
#4548=ORIENTED_EDGE('',*,*,#3492,.F.);
#4549=ORIENTED_EDGE('',*,*,#3548,.F.);
#4550=ORIENTED_EDGE('',*,*,#3549,.F.);
#4551=ORIENTED_EDGE('',*,*,#3542,.F.);
#4552=ORIENTED_EDGE('',*,*,#3518,.F.);
#4553=ORIENTED_EDGE('',*,*,#3546,.F.);
#4554=ORIENTED_EDGE('',*,*,#3550,.F.);
#4555=ORIENTED_EDGE('',*,*,#3551,.F.);
#4556=ORIENTED_EDGE('',*,*,#3549,.T.);
#4557=ORIENTED_EDGE('',*,*,#3552,.T.);
#4558=ORIENTED_EDGE('',*,*,#3553,.F.);
#4559=ORIENTED_EDGE('',*,*,#3543,.F.);
#4560=ORIENTED_EDGE('',*,*,#3550,.T.);
#4561=ORIENTED_EDGE('',*,*,#3545,.T.);
#4562=ORIENTED_EDGE('',*,*,#3554,.F.);
#4563=ORIENTED_EDGE('',*,*,#3555,.F.);
#4564=ORIENTED_EDGE('',*,*,#3556,.T.);
#4565=ORIENTED_EDGE('',*,*,#3554,.T.);
#4566=ORIENTED_EDGE('',*,*,#3544,.T.);
#4567=ORIENTED_EDGE('',*,*,#3553,.T.);
#4568=ORIENTED_EDGE('',*,*,#3557,.F.);
#4569=ORIENTED_EDGE('',*,*,#3547,.F.);
#4570=ORIENTED_EDGE('',*,*,#3506,.F.);
#4571=ORIENTED_EDGE('',*,*,#3558,.F.);
#4572=ORIENTED_EDGE('',*,*,#3487,.F.);
#4573=ORIENTED_EDGE('',*,*,#3559,.T.);
#4574=ORIENTED_EDGE('',*,*,#3558,.T.);
#4575=ORIENTED_EDGE('',*,*,#3505,.F.);
#4576=ORIENTED_EDGE('',*,*,#3499,.F.);
#4577=ORIENTED_EDGE('',*,*,#3519,.T.);
#4578=ORIENTED_EDGE('',*,*,#3551,.T.);
#4579=ORIENTED_EDGE('',*,*,#3555,.T.);
#4580=ORIENTED_EDGE('',*,*,#3556,.F.);
#4581=ORIENTED_EDGE('',*,*,#3552,.F.);
#4582=ORIENTED_EDGE('',*,*,#3548,.T.);
#4583=ORIENTED_EDGE('',*,*,#3491,.F.);
#4584=ORIENTED_EDGE('',*,*,#3486,.F.);
#4585=ORIENTED_EDGE('',*,*,#3490,.F.);
#4586=ORIENTED_EDGE('',*,*,#3528,.F.);
#4587=ORIENTED_EDGE('',*,*,#3521,.T.);
#4588=ORIENTED_EDGE('',*,*,#3533,.T.);
#4589=ORIENTED_EDGE('',*,*,#3537,.T.);
#4590=ORIENTED_EDGE('',*,*,#3481,.F.);
#4591=ORIENTED_EDGE('',*,*,#3458,.F.);
#4592=ORIENTED_EDGE('',*,*,#3480,.F.);
#4593=ORIENTED_EDGE('',*,*,#3541,.T.);
#4594=ORIENTED_EDGE('',*,*,#3557,.T.);
#4595=ORIENTED_EDGE('',*,*,#3559,.F.);
#4596=ORIENTED_EDGE('',*,*,#3560,.T.);
#4597=ORIENTED_EDGE('',*,*,#3561,.F.);
#4598=ORIENTED_EDGE('',*,*,#3562,.T.);
#4599=ORIENTED_EDGE('',*,*,#3560,.F.);
#4600=ORIENTED_EDGE('',*,*,#3562,.F.);
#4601=ORIENTED_EDGE('',*,*,#3561,.T.);
#4602=ORIENTED_EDGE('',*,*,#3563,.F.);
#4603=ORIENTED_EDGE('',*,*,#3564,.F.);
#4604=ORIENTED_EDGE('',*,*,#3565,.F.);
#4605=ORIENTED_EDGE('',*,*,#3566,.F.);
#4606=ORIENTED_EDGE('',*,*,#3565,.T.);
#4607=ORIENTED_EDGE('',*,*,#3567,.F.);
#4608=ORIENTED_EDGE('',*,*,#3568,.F.);
#4609=ORIENTED_EDGE('',*,*,#3569,.F.);
#4610=ORIENTED_EDGE('',*,*,#3568,.T.);
#4611=ORIENTED_EDGE('',*,*,#3570,.F.);
#4612=ORIENTED_EDGE('',*,*,#3571,.T.);
#4613=ORIENTED_EDGE('',*,*,#3572,.F.);
#4614=ORIENTED_EDGE('',*,*,#3573,.T.);
#4615=ORIENTED_EDGE('',*,*,#3566,.T.);
#4616=ORIENTED_EDGE('',*,*,#3569,.T.);
#4617=ORIENTED_EDGE('',*,*,#3572,.T.);
#4618=ORIENTED_EDGE('',*,*,#3574,.T.);
#4619=ORIENTED_EDGE('',*,*,#3575,.T.);
#4620=ORIENTED_EDGE('',*,*,#3576,.F.);
#4621=ORIENTED_EDGE('',*,*,#3577,.F.);
#4622=ORIENTED_EDGE('',*,*,#3574,.F.);
#4623=ORIENTED_EDGE('',*,*,#3571,.F.);
#4624=ORIENTED_EDGE('',*,*,#3577,.T.);
#4625=ORIENTED_EDGE('',*,*,#3578,.F.);
#4626=ORIENTED_EDGE('',*,*,#3579,.F.);
#4627=ORIENTED_EDGE('',*,*,#3575,.F.);
#4628=ORIENTED_EDGE('',*,*,#3579,.T.);
#4629=ORIENTED_EDGE('',*,*,#3580,.F.);
#4630=ORIENTED_EDGE('',*,*,#3563,.T.);
#4631=ORIENTED_EDGE('',*,*,#3573,.F.);
#4632=ORIENTED_EDGE('',*,*,#3580,.T.);
#4633=ORIENTED_EDGE('',*,*,#3578,.T.);
#4634=ORIENTED_EDGE('',*,*,#3576,.T.);
#4635=ORIENTED_EDGE('',*,*,#3570,.T.);
#4636=ORIENTED_EDGE('',*,*,#3567,.T.);
#4637=ORIENTED_EDGE('',*,*,#3564,.T.);
#4638=ORIENTED_EDGE('',*,*,#3581,.T.);
#4639=ORIENTED_EDGE('',*,*,#3582,.T.);
#4640=ORIENTED_EDGE('',*,*,#3583,.T.);
#4641=ORIENTED_EDGE('',*,*,#3584,.T.);
#4642=ORIENTED_EDGE('',*,*,#3581,.F.);
#4643=ORIENTED_EDGE('',*,*,#3585,.F.);
#4644=ORIENTED_EDGE('',*,*,#3586,.F.);
#4645=ORIENTED_EDGE('',*,*,#3587,.F.);
#4646=ORIENTED_EDGE('',*,*,#3588,.F.);
#4647=ORIENTED_EDGE('',*,*,#3584,.F.);
#4648=ORIENTED_EDGE('',*,*,#3589,.F.);
#4649=ORIENTED_EDGE('',*,*,#3590,.F.);
#4650=ORIENTED_EDGE('',*,*,#3591,.T.);
#4651=ORIENTED_EDGE('',*,*,#3592,.F.);
#4652=ORIENTED_EDGE('',*,*,#3585,.T.);
#4653=ORIENTED_EDGE('',*,*,#3593,.T.);
#4654=ORIENTED_EDGE('',*,*,#3590,.T.);
#4655=ORIENTED_EDGE('',*,*,#3594,.T.);
#4656=ORIENTED_EDGE('',*,*,#3595,.T.);
#4657=ORIENTED_EDGE('',*,*,#3593,.F.);
#4658=ORIENTED_EDGE('',*,*,#3596,.F.);
#4659=ORIENTED_EDGE('',*,*,#3597,.F.);
#4660=ORIENTED_EDGE('',*,*,#3598,.F.);
#4661=ORIENTED_EDGE('',*,*,#3591,.F.);
#4662=ORIENTED_EDGE('',*,*,#3599,.T.);
#4663=ORIENTED_EDGE('',*,*,#3600,.T.);
#4664=ORIENTED_EDGE('',*,*,#3601,.T.);
#4665=ORIENTED_EDGE('',*,*,#3602,.T.);
#4666=ORIENTED_EDGE('',*,*,#3599,.F.);
#4667=ORIENTED_EDGE('',*,*,#3603,.F.);
#4668=ORIENTED_EDGE('',*,*,#3604,.F.);
#4669=ORIENTED_EDGE('',*,*,#3605,.F.);
#4670=ORIENTED_EDGE('',*,*,#3606,.F.);
#4671=ORIENTED_EDGE('',*,*,#3602,.F.);
#4672=ORIENTED_EDGE('',*,*,#3607,.F.);
#4673=ORIENTED_EDGE('',*,*,#3608,.F.);
#4674=ORIENTED_EDGE('',*,*,#3609,.T.);
#4675=ORIENTED_EDGE('',*,*,#3610,.F.);
#4676=ORIENTED_EDGE('',*,*,#3603,.T.);
#4677=ORIENTED_EDGE('',*,*,#3611,.T.);
#4678=ORIENTED_EDGE('',*,*,#3608,.T.);
#4679=ORIENTED_EDGE('',*,*,#3612,.T.);
#4680=ORIENTED_EDGE('',*,*,#3613,.T.);
#4681=ORIENTED_EDGE('',*,*,#3611,.F.);
#4682=ORIENTED_EDGE('',*,*,#3614,.F.);
#4683=ORIENTED_EDGE('',*,*,#3615,.F.);
#4684=ORIENTED_EDGE('',*,*,#3616,.F.);
#4685=ORIENTED_EDGE('',*,*,#3609,.F.);
#4686=ORIENTED_EDGE('',*,*,#3617,.T.);
#4687=ORIENTED_EDGE('',*,*,#3618,.T.);
#4688=ORIENTED_EDGE('',*,*,#3619,.T.);
#4689=ORIENTED_EDGE('',*,*,#3620,.T.);
#4690=ORIENTED_EDGE('',*,*,#3617,.F.);
#4691=ORIENTED_EDGE('',*,*,#3621,.F.);
#4692=ORIENTED_EDGE('',*,*,#3622,.F.);
#4693=ORIENTED_EDGE('',*,*,#3623,.F.);
#4694=ORIENTED_EDGE('',*,*,#3624,.F.);
#4695=ORIENTED_EDGE('',*,*,#3620,.F.);
#4696=ORIENTED_EDGE('',*,*,#3625,.F.);
#4697=ORIENTED_EDGE('',*,*,#3626,.F.);
#4698=ORIENTED_EDGE('',*,*,#3627,.T.);
#4699=ORIENTED_EDGE('',*,*,#3628,.F.);
#4700=ORIENTED_EDGE('',*,*,#3621,.T.);
#4701=ORIENTED_EDGE('',*,*,#3629,.T.);
#4702=ORIENTED_EDGE('',*,*,#3626,.T.);
#4703=ORIENTED_EDGE('',*,*,#3630,.T.);
#4704=ORIENTED_EDGE('',*,*,#3631,.T.);
#4705=ORIENTED_EDGE('',*,*,#3629,.F.);
#4706=ORIENTED_EDGE('',*,*,#3632,.F.);
#4707=ORIENTED_EDGE('',*,*,#3633,.F.);
#4708=ORIENTED_EDGE('',*,*,#3634,.F.);
#4709=ORIENTED_EDGE('',*,*,#3627,.F.);
#4710=ORIENTED_EDGE('',*,*,#3635,.F.);
#4711=ORIENTED_EDGE('',*,*,#3636,.F.);
#4712=ORIENTED_EDGE('',*,*,#3637,.F.);
#4713=ORIENTED_EDGE('',*,*,#3587,.T.);
#4714=ORIENTED_EDGE('',*,*,#3638,.F.);
#4715=ORIENTED_EDGE('',*,*,#3639,.F.);
#4716=ORIENTED_EDGE('',*,*,#3582,.F.);
#4717=ORIENTED_EDGE('',*,*,#3588,.T.);
#4718=ORIENTED_EDGE('',*,*,#3637,.T.);
#4719=ORIENTED_EDGE('',*,*,#3640,.F.);
#4720=ORIENTED_EDGE('',*,*,#3595,.F.);
#4721=ORIENTED_EDGE('',*,*,#3641,.F.);
#4722=ORIENTED_EDGE('',*,*,#3642,.T.);
#4723=ORIENTED_EDGE('',*,*,#3596,.T.);
#4724=ORIENTED_EDGE('',*,*,#3643,.T.);
#4725=ORIENTED_EDGE('',*,*,#3638,.T.);
#4726=ORIENTED_EDGE('',*,*,#3586,.T.);
#4727=ORIENTED_EDGE('',*,*,#3644,.T.);
#4728=ORIENTED_EDGE('',*,*,#3635,.T.);
#4729=ORIENTED_EDGE('',*,*,#3645,.F.);
#4730=ORIENTED_EDGE('',*,*,#3646,.F.);
#4731=ORIENTED_EDGE('',*,*,#3597,.T.);
#4732=ORIENTED_EDGE('',*,*,#3642,.F.);
#4733=ORIENTED_EDGE('',*,*,#3647,.F.);
#4734=ORIENTED_EDGE('',*,*,#3592,.T.);
#4735=ORIENTED_EDGE('',*,*,#3648,.F.);
#4736=ORIENTED_EDGE('',*,*,#3649,.F.);
#4737=ORIENTED_EDGE('',*,*,#3644,.F.);
#4738=ORIENTED_EDGE('',*,*,#3649,.T.);
#4739=ORIENTED_EDGE('',*,*,#3650,.F.);
#4740=ORIENTED_EDGE('',*,*,#3645,.T.);
#4741=ORIENTED_EDGE('',*,*,#3639,.T.);
#4742=ORIENTED_EDGE('',*,*,#3643,.F.);
#4743=ORIENTED_EDGE('',*,*,#3650,.T.);
#4744=ORIENTED_EDGE('',*,*,#3648,.T.);
#4745=ORIENTED_EDGE('',*,*,#3598,.T.);
#4746=ORIENTED_EDGE('',*,*,#3646,.T.);
#4747=ORIENTED_EDGE('',*,*,#3651,.F.);
#4748=ORIENTED_EDGE('',*,*,#3652,.F.);
#4749=ORIENTED_EDGE('',*,*,#3653,.F.);
#4750=ORIENTED_EDGE('',*,*,#3605,.T.);
#4751=ORIENTED_EDGE('',*,*,#3654,.F.);
#4752=ORIENTED_EDGE('',*,*,#3655,.F.);
#4753=ORIENTED_EDGE('',*,*,#3600,.F.);
#4754=ORIENTED_EDGE('',*,*,#3606,.T.);
#4755=ORIENTED_EDGE('',*,*,#3653,.T.);
#4756=ORIENTED_EDGE('',*,*,#3656,.F.);
#4757=ORIENTED_EDGE('',*,*,#3613,.F.);
#4758=ORIENTED_EDGE('',*,*,#3657,.F.);
#4759=ORIENTED_EDGE('',*,*,#3658,.T.);
#4760=ORIENTED_EDGE('',*,*,#3614,.T.);
#4761=ORIENTED_EDGE('',*,*,#3659,.T.);
#4762=ORIENTED_EDGE('',*,*,#3654,.T.);
#4763=ORIENTED_EDGE('',*,*,#3604,.T.);
#4764=ORIENTED_EDGE('',*,*,#3660,.T.);
#4765=ORIENTED_EDGE('',*,*,#3651,.T.);
#4766=ORIENTED_EDGE('',*,*,#3661,.F.);
#4767=ORIENTED_EDGE('',*,*,#3662,.F.);
#4768=ORIENTED_EDGE('',*,*,#3615,.T.);
#4769=ORIENTED_EDGE('',*,*,#3658,.F.);
#4770=ORIENTED_EDGE('',*,*,#3663,.F.);
#4771=ORIENTED_EDGE('',*,*,#3610,.T.);
#4772=ORIENTED_EDGE('',*,*,#3664,.F.);
#4773=ORIENTED_EDGE('',*,*,#3665,.F.);
#4774=ORIENTED_EDGE('',*,*,#3660,.F.);
#4775=ORIENTED_EDGE('',*,*,#3665,.T.);
#4776=ORIENTED_EDGE('',*,*,#3666,.F.);
#4777=ORIENTED_EDGE('',*,*,#3661,.T.);
#4778=ORIENTED_EDGE('',*,*,#3655,.T.);
#4779=ORIENTED_EDGE('',*,*,#3659,.F.);
#4780=ORIENTED_EDGE('',*,*,#3666,.T.);
#4781=ORIENTED_EDGE('',*,*,#3664,.T.);
#4782=ORIENTED_EDGE('',*,*,#3616,.T.);
#4783=ORIENTED_EDGE('',*,*,#3662,.T.);
#4784=ORIENTED_EDGE('',*,*,#3667,.F.);
#4785=ORIENTED_EDGE('',*,*,#3668,.F.);
#4786=ORIENTED_EDGE('',*,*,#3669,.F.);
#4787=ORIENTED_EDGE('',*,*,#3623,.T.);
#4788=ORIENTED_EDGE('',*,*,#3670,.F.);
#4789=ORIENTED_EDGE('',*,*,#3671,.F.);
#4790=ORIENTED_EDGE('',*,*,#3618,.F.);
#4791=ORIENTED_EDGE('',*,*,#3624,.T.);
#4792=ORIENTED_EDGE('',*,*,#3669,.T.);
#4793=ORIENTED_EDGE('',*,*,#3672,.F.);
#4794=ORIENTED_EDGE('',*,*,#3631,.F.);
#4795=ORIENTED_EDGE('',*,*,#3673,.F.);
#4796=ORIENTED_EDGE('',*,*,#3674,.T.);
#4797=ORIENTED_EDGE('',*,*,#3632,.T.);
#4798=ORIENTED_EDGE('',*,*,#3675,.T.);
#4799=ORIENTED_EDGE('',*,*,#3670,.T.);
#4800=ORIENTED_EDGE('',*,*,#3622,.T.);
#4801=ORIENTED_EDGE('',*,*,#3676,.T.);
#4802=ORIENTED_EDGE('',*,*,#3667,.T.);
#4803=ORIENTED_EDGE('',*,*,#3677,.F.);
#4804=ORIENTED_EDGE('',*,*,#3678,.F.);
#4805=ORIENTED_EDGE('',*,*,#3633,.T.);
#4806=ORIENTED_EDGE('',*,*,#3674,.F.);
#4807=ORIENTED_EDGE('',*,*,#3679,.F.);
#4808=ORIENTED_EDGE('',*,*,#3628,.T.);
#4809=ORIENTED_EDGE('',*,*,#3680,.F.);
#4810=ORIENTED_EDGE('',*,*,#3681,.F.);
#4811=ORIENTED_EDGE('',*,*,#3676,.F.);
#4812=ORIENTED_EDGE('',*,*,#3681,.T.);
#4813=ORIENTED_EDGE('',*,*,#3682,.F.);
#4814=ORIENTED_EDGE('',*,*,#3677,.T.);
#4815=ORIENTED_EDGE('',*,*,#3671,.T.);
#4816=ORIENTED_EDGE('',*,*,#3675,.F.);
#4817=ORIENTED_EDGE('',*,*,#3682,.T.);
#4818=ORIENTED_EDGE('',*,*,#3680,.T.);
#4819=ORIENTED_EDGE('',*,*,#3634,.T.);
#4820=ORIENTED_EDGE('',*,*,#3678,.T.);
#4821=ORIENTED_EDGE('',*,*,#3683,.T.);
#4822=ORIENTED_EDGE('',*,*,#3684,.T.);
#4823=ORIENTED_EDGE('',*,*,#3685,.T.);
#4824=ORIENTED_EDGE('',*,*,#3686,.T.);
#4825=ORIENTED_EDGE('',*,*,#3687,.T.);
#4826=ORIENTED_EDGE('',*,*,#3647,.T.);
#4827=ORIENTED_EDGE('',*,*,#3641,.T.);
#4828=ORIENTED_EDGE('',*,*,#3594,.F.);
#4829=ORIENTED_EDGE('',*,*,#3589,.T.);
#4830=ORIENTED_EDGE('',*,*,#3583,.F.);
#4831=ORIENTED_EDGE('',*,*,#3640,.T.);
#4832=ORIENTED_EDGE('',*,*,#3636,.T.);
#4833=ORIENTED_EDGE('',*,*,#3688,.T.);
#4834=ORIENTED_EDGE('',*,*,#3663,.T.);
#4835=ORIENTED_EDGE('',*,*,#3657,.T.);
#4836=ORIENTED_EDGE('',*,*,#3612,.F.);
#4837=ORIENTED_EDGE('',*,*,#3607,.T.);
#4838=ORIENTED_EDGE('',*,*,#3601,.F.);
#4839=ORIENTED_EDGE('',*,*,#3656,.T.);
#4840=ORIENTED_EDGE('',*,*,#3652,.T.);
#4841=ORIENTED_EDGE('',*,*,#3689,.T.);
#4842=ORIENTED_EDGE('',*,*,#3679,.T.);
#4843=ORIENTED_EDGE('',*,*,#3673,.T.);
#4844=ORIENTED_EDGE('',*,*,#3630,.F.);
#4845=ORIENTED_EDGE('',*,*,#3625,.T.);
#4846=ORIENTED_EDGE('',*,*,#3619,.F.);
#4847=ORIENTED_EDGE('',*,*,#3672,.T.);
#4848=ORIENTED_EDGE('',*,*,#3668,.T.);
#4849=ORIENTED_EDGE('',*,*,#3690,.T.);
#4850=ORIENTED_EDGE('',*,*,#3691,.T.);
#4851=ORIENTED_EDGE('',*,*,#3692,.T.);
#4852=ORIENTED_EDGE('',*,*,#3693,.T.);
#4853=ORIENTED_EDGE('',*,*,#3694,.F.);
#4854=ORIENTED_EDGE('',*,*,#3695,.T.);
#4855=ORIENTED_EDGE('',*,*,#3696,.F.);
#4856=ORIENTED_EDGE('',*,*,#3697,.T.);
#4857=ORIENTED_EDGE('',*,*,#3698,.T.);
#4858=ORIENTED_EDGE('',*,*,#3699,.T.);
#4859=ORIENTED_EDGE('',*,*,#3700,.T.);
#4860=ORIENTED_EDGE('',*,*,#3696,.T.);
#4861=ORIENTED_EDGE('',*,*,#3701,.T.);
#4862=ORIENTED_EDGE('',*,*,#3699,.F.);
#4863=ORIENTED_EDGE('',*,*,#3702,.F.);
#4864=ORIENTED_EDGE('',*,*,#3703,.F.);
#4865=ORIENTED_EDGE('',*,*,#3704,.F.);
#4866=ORIENTED_EDGE('',*,*,#3705,.F.);
#4867=ORIENTED_EDGE('',*,*,#3701,.F.);
#4868=ORIENTED_EDGE('',*,*,#3695,.F.);
#4869=ORIENTED_EDGE('',*,*,#3706,.F.);
#4870=ORIENTED_EDGE('',*,*,#3707,.T.);
#4871=ORIENTED_EDGE('',*,*,#3708,.F.);
#4872=ORIENTED_EDGE('',*,*,#3702,.T.);
#4873=ORIENTED_EDGE('',*,*,#3709,.T.);
#4874=ORIENTED_EDGE('',*,*,#3706,.T.);
#4875=ORIENTED_EDGE('',*,*,#3694,.T.);
#4876=ORIENTED_EDGE('',*,*,#3710,.T.);
#4877=ORIENTED_EDGE('',*,*,#3709,.F.);
#4878=ORIENTED_EDGE('',*,*,#3711,.F.);
#4879=ORIENTED_EDGE('',*,*,#3712,.F.);
#4880=ORIENTED_EDGE('',*,*,#3713,.F.);
#4881=ORIENTED_EDGE('',*,*,#3707,.F.);
#4882=ORIENTED_EDGE('',*,*,#3700,.F.);
#4883=ORIENTED_EDGE('',*,*,#3705,.T.);
#4884=ORIENTED_EDGE('',*,*,#3714,.T.);
#4885=ORIENTED_EDGE('',*,*,#3697,.F.);
#4886=ORIENTED_EDGE('',*,*,#3710,.F.);
#4887=ORIENTED_EDGE('',*,*,#3693,.F.);
#4888=ORIENTED_EDGE('',*,*,#3715,.T.);
#4889=ORIENTED_EDGE('',*,*,#3711,.T.);
#4890=ORIENTED_EDGE('',*,*,#3716,.F.);
#4891=ORIENTED_EDGE('',*,*,#3698,.F.);
#4892=ORIENTED_EDGE('',*,*,#3714,.F.);
#4893=ORIENTED_EDGE('',*,*,#3704,.T.);
#4894=ORIENTED_EDGE('',*,*,#3717,.F.);
#4895=ORIENTED_EDGE('',*,*,#3718,.F.);
#4896=ORIENTED_EDGE('',*,*,#3719,.T.);
#4897=ORIENTED_EDGE('',*,*,#3717,.T.);
#4898=ORIENTED_EDGE('',*,*,#3703,.T.);
#4899=ORIENTED_EDGE('',*,*,#3720,.T.);
#4900=ORIENTED_EDGE('',*,*,#3716,.T.);
#4901=ORIENTED_EDGE('',*,*,#3721,.F.);
#4902=ORIENTED_EDGE('',*,*,#3722,.F.);
#4903=ORIENTED_EDGE('',*,*,#3712,.T.);
#4904=ORIENTED_EDGE('',*,*,#3715,.F.);
#4905=ORIENTED_EDGE('',*,*,#3692,.F.);
#4906=ORIENTED_EDGE('',*,*,#3708,.T.);
#4907=ORIENTED_EDGE('',*,*,#3723,.F.);
#4908=ORIENTED_EDGE('',*,*,#3724,.F.);
#4909=ORIENTED_EDGE('',*,*,#3720,.F.);
#4910=ORIENTED_EDGE('',*,*,#3724,.T.);
#4911=ORIENTED_EDGE('',*,*,#3725,.F.);
#4912=ORIENTED_EDGE('',*,*,#3721,.T.);
#4913=ORIENTED_EDGE('',*,*,#3718,.T.);
#4914=ORIENTED_EDGE('',*,*,#3719,.F.);
#4915=ORIENTED_EDGE('',*,*,#3725,.T.);
#4916=ORIENTED_EDGE('',*,*,#3723,.T.);
#4917=ORIENTED_EDGE('',*,*,#3713,.T.);
#4918=ORIENTED_EDGE('',*,*,#3722,.T.);
#4919=ORIENTED_EDGE('',*,*,#3726,.F.);
#4920=ORIENTED_EDGE('',*,*,#3727,.T.);
#4921=ORIENTED_EDGE('',*,*,#3690,.F.);
#4922=ORIENTED_EDGE('',*,*,#3728,.T.);
#4923=ORIENTED_EDGE('',*,*,#3728,.F.);
#4924=ORIENTED_EDGE('',*,*,#3689,.F.);
#4925=ORIENTED_EDGE('',*,*,#3729,.T.);
#4926=ORIENTED_EDGE('',*,*,#3729,.F.);
#4927=ORIENTED_EDGE('',*,*,#3688,.F.);
#4928=ORIENTED_EDGE('',*,*,#3730,.T.);
#4929=ORIENTED_EDGE('',*,*,#3730,.F.);
#4930=ORIENTED_EDGE('',*,*,#3687,.F.);
#4931=ORIENTED_EDGE('',*,*,#3731,.T.);
#4932=ORIENTED_EDGE('',*,*,#3731,.F.);
#4933=ORIENTED_EDGE('',*,*,#3691,.F.);
#4934=ORIENTED_EDGE('',*,*,#3727,.F.);
#4935=ORIENTED_EDGE('',*,*,#3726,.T.);
#4936=ORIENTED_EDGE('',*,*,#3732,.F.);
#4937=ORIENTED_EDGE('',*,*,#3733,.T.);
#4938=ORIENTED_EDGE('',*,*,#3686,.F.);
#4939=ORIENTED_EDGE('',*,*,#3734,.F.);
#4940=ORIENTED_EDGE('',*,*,#3735,.F.);
#4941=ORIENTED_EDGE('',*,*,#3734,.T.);
#4942=ORIENTED_EDGE('',*,*,#3685,.F.);
#4943=ORIENTED_EDGE('',*,*,#3736,.F.);
#4944=ORIENTED_EDGE('',*,*,#3737,.F.);
#4945=ORIENTED_EDGE('',*,*,#3736,.T.);
#4946=ORIENTED_EDGE('',*,*,#3684,.F.);
#4947=ORIENTED_EDGE('',*,*,#3738,.F.);
#4948=ORIENTED_EDGE('',*,*,#3739,.F.);
#4949=ORIENTED_EDGE('',*,*,#3738,.T.);
#4950=ORIENTED_EDGE('',*,*,#3683,.F.);
#4951=ORIENTED_EDGE('',*,*,#3733,.F.);
#4952=ORIENTED_EDGE('',*,*,#3739,.T.);
#4953=ORIENTED_EDGE('',*,*,#3732,.T.);
#4954=ORIENTED_EDGE('',*,*,#3735,.T.);
#4955=ORIENTED_EDGE('',*,*,#3737,.T.);
#4956=ORIENTED_EDGE('',*,*,#3740,.F.);
#4957=ORIENTED_EDGE('',*,*,#3741,.T.);
#4958=ORIENTED_EDGE('',*,*,#3742,.F.);
#4959=ORIENTED_EDGE('',*,*,#3743,.F.);
#4960=ORIENTED_EDGE('',*,*,#3744,.F.);
#4961=ORIENTED_EDGE('',*,*,#3745,.F.);
#4962=ORIENTED_EDGE('',*,*,#3746,.F.);
#4963=ORIENTED_EDGE('',*,*,#3747,.T.);
#4964=ORIENTED_EDGE('',*,*,#3748,.F.);
#4965=ORIENTED_EDGE('',*,*,#3747,.F.);
#4966=ORIENTED_EDGE('',*,*,#3749,.F.);
#4967=ORIENTED_EDGE('',*,*,#3750,.F.);
#4968=ORIENTED_EDGE('',*,*,#3751,.F.);
#4969=ORIENTED_EDGE('',*,*,#3752,.F.);
#4970=ORIENTED_EDGE('',*,*,#3753,.F.);
#4971=ORIENTED_EDGE('',*,*,#3741,.F.);
#4972=ORIENTED_EDGE('',*,*,#3745,.T.);
#4973=ORIENTED_EDGE('',*,*,#3754,.T.);
#4974=ORIENTED_EDGE('',*,*,#3743,.T.);
#4975=ORIENTED_EDGE('',*,*,#3755,.T.);
#4976=ORIENTED_EDGE('',*,*,#3756,.T.);
#4977=ORIENTED_EDGE('',*,*,#3752,.T.);
#4978=ORIENTED_EDGE('',*,*,#3757,.T.);
#4979=ORIENTED_EDGE('',*,*,#3758,.F.);
#4980=ORIENTED_EDGE('',*,*,#3759,.F.);
#4981=ORIENTED_EDGE('',*,*,#3751,.T.);
#4982=ORIENTED_EDGE('',*,*,#3760,.F.);
#4983=ORIENTED_EDGE('',*,*,#3757,.F.);
#4984=ORIENTED_EDGE('',*,*,#3750,.T.);
#4985=ORIENTED_EDGE('',*,*,#3761,.F.);
#4986=ORIENTED_EDGE('',*,*,#3758,.T.);
#4987=ORIENTED_EDGE('',*,*,#3760,.T.);
#4988=ORIENTED_EDGE('',*,*,#3762,.F.);
#4989=ORIENTED_EDGE('',*,*,#3763,.T.);
#4990=ORIENTED_EDGE('',*,*,#3764,.T.);
#4991=ORIENTED_EDGE('',*,*,#3765,.F.);
#4992=ORIENTED_EDGE('',*,*,#3766,.F.);
#4993=ORIENTED_EDGE('',*,*,#3767,.T.);
#4994=ORIENTED_EDGE('',*,*,#3768,.T.);
#4995=ORIENTED_EDGE('',*,*,#3769,.F.);
#4996=ORIENTED_EDGE('',*,*,#3770,.F.);
#4997=ORIENTED_EDGE('',*,*,#3769,.T.);
#4998=ORIENTED_EDGE('',*,*,#3771,.T.);
#4999=ORIENTED_EDGE('',*,*,#3763,.F.);
#5000=ORIENTED_EDGE('',*,*,#3768,.F.);
#5001=ORIENTED_EDGE('',*,*,#3764,.F.);
#5002=ORIENTED_EDGE('',*,*,#3771,.F.);
#5003=ORIENTED_EDGE('',*,*,#3772,.F.);
#5004=ORIENTED_EDGE('',*,*,#3766,.T.);
#5005=ORIENTED_EDGE('',*,*,#3770,.T.);
#5006=ORIENTED_EDGE('',*,*,#3762,.T.);
#5007=ORIENTED_EDGE('',*,*,#3773,.F.);
#5008=ORIENTED_EDGE('',*,*,#3774,.T.);
#5009=ORIENTED_EDGE('',*,*,#3755,.F.);
#5010=ORIENTED_EDGE('',*,*,#3742,.T.);
#5011=ORIENTED_EDGE('',*,*,#3753,.T.);
#5012=ORIENTED_EDGE('',*,*,#3759,.T.);
#5013=ORIENTED_EDGE('',*,*,#3761,.T.);
#5014=ORIENTED_EDGE('',*,*,#3749,.T.);
#5015=ORIENTED_EDGE('',*,*,#3746,.T.);
#5016=ORIENTED_EDGE('',*,*,#3754,.F.);
#5017=ORIENTED_EDGE('',*,*,#3744,.T.);
#5018=ORIENTED_EDGE('',*,*,#3748,.T.);
#5019=ORIENTED_EDGE('',*,*,#3740,.T.);
#5020=ORIENTED_EDGE('',*,*,#3756,.F.);
#5021=ORIENTED_EDGE('',*,*,#3774,.F.);
#5022=ORIENTED_EDGE('',*,*,#3772,.T.);
#5023=ORIENTED_EDGE('',*,*,#3773,.T.);
#5024=ORIENTED_EDGE('',*,*,#3765,.T.);
#5025=ORIENTED_EDGE('',*,*,#3767,.F.);
#5026=ORIENTED_EDGE('',*,*,#3775,.F.);
#5027=ORIENTED_EDGE('',*,*,#3776,.T.);
#5028=ORIENTED_EDGE('',*,*,#3777,.T.);
#5029=ORIENTED_EDGE('',*,*,#3778,.F.);
#5030=ORIENTED_EDGE('',*,*,#3779,.F.);
#5031=ORIENTED_EDGE('',*,*,#3780,.T.);
#5032=ORIENTED_EDGE('',*,*,#3781,.T.);
#5033=ORIENTED_EDGE('',*,*,#3782,.F.);
#5034=ORIENTED_EDGE('',*,*,#3783,.F.);
#5035=ORIENTED_EDGE('',*,*,#3782,.T.);
#5036=ORIENTED_EDGE('',*,*,#3784,.T.);
#5037=ORIENTED_EDGE('',*,*,#3776,.F.);
#5038=ORIENTED_EDGE('',*,*,#3781,.F.);
#5039=ORIENTED_EDGE('',*,*,#3777,.F.);
#5040=ORIENTED_EDGE('',*,*,#3784,.F.);
#5041=ORIENTED_EDGE('',*,*,#3785,.F.);
#5042=ORIENTED_EDGE('',*,*,#3779,.T.);
#5043=ORIENTED_EDGE('',*,*,#3783,.T.);
#5044=ORIENTED_EDGE('',*,*,#3775,.T.);
#5045=ORIENTED_EDGE('',*,*,#3786,.F.);
#5046=ORIENTED_EDGE('',*,*,#3787,.T.);
#5047=ORIENTED_EDGE('',*,*,#3788,.F.);
#5048=ORIENTED_EDGE('',*,*,#3787,.F.);
#5049=ORIENTED_EDGE('',*,*,#3788,.T.);
#5050=ORIENTED_EDGE('',*,*,#3785,.T.);
#5051=ORIENTED_EDGE('',*,*,#3786,.T.);
#5052=ORIENTED_EDGE('',*,*,#3778,.T.);
#5053=ORIENTED_EDGE('',*,*,#3780,.F.);
#5054=ORIENTED_EDGE('',*,*,#3789,.T.);
#5055=ORIENTED_EDGE('',*,*,#3790,.F.);
#5056=ORIENTED_EDGE('',*,*,#3791,.F.);
#5057=ORIENTED_EDGE('',*,*,#3792,.F.);
#5058=ORIENTED_EDGE('',*,*,#3793,.F.);
#5059=ORIENTED_EDGE('',*,*,#3794,.F.);
#5060=ORIENTED_EDGE('',*,*,#3795,.T.);
#5061=ORIENTED_EDGE('',*,*,#3796,.F.);
#5062=ORIENTED_EDGE('',*,*,#3797,.F.);
#5063=ORIENTED_EDGE('',*,*,#3791,.T.);
#5064=ORIENTED_EDGE('',*,*,#3798,.F.);
#5065=ORIENTED_EDGE('',*,*,#3799,.F.);
#5066=ORIENTED_EDGE('',*,*,#3800,.F.);
#5067=ORIENTED_EDGE('',*,*,#3799,.T.);
#5068=ORIENTED_EDGE('',*,*,#3801,.F.);
#5069=ORIENTED_EDGE('',*,*,#3795,.F.);
#5070=ORIENTED_EDGE('',*,*,#3802,.F.);
#5071=ORIENTED_EDGE('',*,*,#3793,.T.);
#5072=ORIENTED_EDGE('',*,*,#3803,.F.);
#5073=ORIENTED_EDGE('',*,*,#3804,.F.);
#5074=ORIENTED_EDGE('',*,*,#3805,.F.);
#5075=ORIENTED_EDGE('',*,*,#3804,.T.);
#5076=ORIENTED_EDGE('',*,*,#3806,.F.);
#5077=ORIENTED_EDGE('',*,*,#3807,.F.);
#5078=ORIENTED_EDGE('',*,*,#3808,.F.);
#5079=ORIENTED_EDGE('',*,*,#3807,.T.);
#5080=ORIENTED_EDGE('',*,*,#3809,.F.);
#5081=ORIENTED_EDGE('',*,*,#3789,.F.);
#5082=ORIENTED_EDGE('',*,*,#3809,.T.);
#5083=ORIENTED_EDGE('',*,*,#3806,.T.);
#5084=ORIENTED_EDGE('',*,*,#3803,.T.);
#5085=ORIENTED_EDGE('',*,*,#3796,.T.);
#5086=ORIENTED_EDGE('',*,*,#3801,.T.);
#5087=ORIENTED_EDGE('',*,*,#3798,.T.);
#5088=ORIENTED_EDGE('',*,*,#3790,.T.);
#5089=ORIENTED_EDGE('',*,*,#3810,.F.);
#5090=ORIENTED_EDGE('',*,*,#3811,.F.);
#5091=ORIENTED_EDGE('',*,*,#3812,.T.);
#5092=ORIENTED_EDGE('',*,*,#3813,.F.);
#5093=ORIENTED_EDGE('',*,*,#3814,.F.);
#5094=ORIENTED_EDGE('',*,*,#3815,.T.);
#5095=ORIENTED_EDGE('',*,*,#3816,.F.);
#5096=ORIENTED_EDGE('',*,*,#3812,.F.);
#5097=ORIENTED_EDGE('',*,*,#3817,.T.);
#5098=ORIENTED_EDGE('',*,*,#3818,.F.);
#5099=ORIENTED_EDGE('',*,*,#3819,.F.);
#5100=ORIENTED_EDGE('',*,*,#3820,.F.);
#5101=ORIENTED_EDGE('',*,*,#3821,.F.);
#5102=ORIENTED_EDGE('',*,*,#3819,.T.);
#5103=ORIENTED_EDGE('',*,*,#3822,.F.);
#5104=ORIENTED_EDGE('',*,*,#3815,.F.);
#5105=ORIENTED_EDGE('',*,*,#3823,.F.);
#5106=ORIENTED_EDGE('',*,*,#3824,.T.);
#5107=ORIENTED_EDGE('',*,*,#3825,.F.);
#5108=ORIENTED_EDGE('',*,*,#3826,.F.);
#5109=ORIENTED_EDGE('',*,*,#3827,.F.);
#5110=ORIENTED_EDGE('',*,*,#3826,.T.);
#5111=ORIENTED_EDGE('',*,*,#3828,.F.);
#5112=ORIENTED_EDGE('',*,*,#3817,.F.);
#5113=ORIENTED_EDGE('',*,*,#3829,.F.);
#5114=ORIENTED_EDGE('',*,*,#3810,.T.);
#5115=ORIENTED_EDGE('',*,*,#3830,.F.);
#5116=ORIENTED_EDGE('',*,*,#3824,.F.);
#5117=ORIENTED_EDGE('',*,*,#3830,.T.);
#5118=ORIENTED_EDGE('',*,*,#3813,.T.);
#5119=ORIENTED_EDGE('',*,*,#3816,.T.);
#5120=ORIENTED_EDGE('',*,*,#3822,.T.);
#5121=ORIENTED_EDGE('',*,*,#3818,.T.);
#5122=ORIENTED_EDGE('',*,*,#3828,.T.);
#5123=ORIENTED_EDGE('',*,*,#3825,.T.);
#5124=ORIENTED_EDGE('',*,*,#3831,.F.);
#5125=ORIENTED_EDGE('',*,*,#3832,.T.);
#5126=ORIENTED_EDGE('',*,*,#3833,.F.);
#5127=ORIENTED_EDGE('',*,*,#3834,.F.);
#5128=ORIENTED_EDGE('',*,*,#3794,.T.);
#5129=ORIENTED_EDGE('',*,*,#3802,.T.);
#5130=ORIENTED_EDGE('',*,*,#3805,.T.);
#5131=ORIENTED_EDGE('',*,*,#3808,.T.);
#5132=ORIENTED_EDGE('',*,*,#3792,.T.);
#5133=ORIENTED_EDGE('',*,*,#3797,.T.);
#5134=ORIENTED_EDGE('',*,*,#3800,.T.);
#5135=ORIENTED_EDGE('',*,*,#3823,.T.);
#5136=ORIENTED_EDGE('',*,*,#3827,.T.);
#5137=ORIENTED_EDGE('',*,*,#3820,.T.);
#5138=ORIENTED_EDGE('',*,*,#3821,.T.);
#5139=ORIENTED_EDGE('',*,*,#3814,.T.);
#5140=ORIENTED_EDGE('',*,*,#3811,.T.);
#5141=ORIENTED_EDGE('',*,*,#3829,.T.);
#5142=ORIENTED_EDGE('',*,*,#3835,.F.);
#5143=ORIENTED_EDGE('',*,*,#3834,.T.);
#5144=ORIENTED_EDGE('',*,*,#3836,.F.);
#5145=ORIENTED_EDGE('',*,*,#3837,.F.);
#5146=ORIENTED_EDGE('',*,*,#3838,.F.);
#5147=ORIENTED_EDGE('',*,*,#3837,.T.);
#5148=ORIENTED_EDGE('',*,*,#3839,.F.);
#5149=ORIENTED_EDGE('',*,*,#3840,.F.);
#5150=ORIENTED_EDGE('',*,*,#3841,.F.);
#5151=ORIENTED_EDGE('',*,*,#3840,.T.);
#5152=ORIENTED_EDGE('',*,*,#3842,.F.);
#5153=ORIENTED_EDGE('',*,*,#3832,.F.);
#5154=ORIENTED_EDGE('',*,*,#3841,.T.);
#5155=ORIENTED_EDGE('',*,*,#3831,.T.);
#5156=ORIENTED_EDGE('',*,*,#3835,.T.);
#5157=ORIENTED_EDGE('',*,*,#3838,.T.);
#5158=ORIENTED_EDGE('',*,*,#3842,.T.);
#5159=ORIENTED_EDGE('',*,*,#3839,.T.);
#5160=ORIENTED_EDGE('',*,*,#3836,.T.);
#5161=ORIENTED_EDGE('',*,*,#3833,.T.);
#5162=ORIENTED_EDGE('',*,*,#3843,.F.);
#5163=ORIENTED_EDGE('',*,*,#3844,.T.);
#5164=ORIENTED_EDGE('',*,*,#3845,.F.);
#5165=ORIENTED_EDGE('',*,*,#3846,.F.);
#5166=ORIENTED_EDGE('',*,*,#3847,.F.);
#5167=ORIENTED_EDGE('',*,*,#3846,.T.);
#5168=ORIENTED_EDGE('',*,*,#3848,.F.);
#5169=ORIENTED_EDGE('',*,*,#3849,.F.);
#5170=ORIENTED_EDGE('',*,*,#3850,.F.);
#5171=ORIENTED_EDGE('',*,*,#3849,.T.);
#5172=ORIENTED_EDGE('',*,*,#3851,.F.);
#5173=ORIENTED_EDGE('',*,*,#3844,.F.);
#5174=ORIENTED_EDGE('',*,*,#3851,.T.);
#5175=ORIENTED_EDGE('',*,*,#3848,.T.);
#5176=ORIENTED_EDGE('',*,*,#3845,.T.);
#5177=ORIENTED_EDGE('',*,*,#3852,.F.);
#5178=ORIENTED_EDGE('',*,*,#3853,.T.);
#5179=ORIENTED_EDGE('',*,*,#3854,.F.);
#5180=ORIENTED_EDGE('',*,*,#3855,.F.);
#5181=ORIENTED_EDGE('',*,*,#3856,.F.);
#5182=ORIENTED_EDGE('',*,*,#3855,.T.);
#5183=ORIENTED_EDGE('',*,*,#3857,.F.);
#5184=ORIENTED_EDGE('',*,*,#3858,.F.);
#5185=ORIENTED_EDGE('',*,*,#3859,.F.);
#5186=ORIENTED_EDGE('',*,*,#3858,.T.);
#5187=ORIENTED_EDGE('',*,*,#3860,.F.);
#5188=ORIENTED_EDGE('',*,*,#3853,.F.);
#5189=ORIENTED_EDGE('',*,*,#3860,.T.);
#5190=ORIENTED_EDGE('',*,*,#3857,.T.);
#5191=ORIENTED_EDGE('',*,*,#3854,.T.);
#5192=ORIENTED_EDGE('',*,*,#3859,.T.);
#5193=ORIENTED_EDGE('',*,*,#3861,.T.);
#5194=ORIENTED_EDGE('',*,*,#3862,.F.);
#5195=ORIENTED_EDGE('',*,*,#3863,.F.);
#5196=ORIENTED_EDGE('',*,*,#3847,.T.);
#5197=ORIENTED_EDGE('',*,*,#3864,.F.);
#5198=ORIENTED_EDGE('',*,*,#3865,.F.);
#5199=ORIENTED_EDGE('',*,*,#3866,.T.);
#5200=ORIENTED_EDGE('',*,*,#3843,.T.);
#5201=ORIENTED_EDGE('',*,*,#3850,.T.);
#5202=ORIENTED_EDGE('',*,*,#3867,.T.);
#5203=ORIENTED_EDGE('',*,*,#3852,.T.);
#5204=ORIENTED_EDGE('',*,*,#3856,.T.);
#5205=ORIENTED_EDGE('',*,*,#3868,.F.);
#5206=ORIENTED_EDGE('',*,*,#3869,.F.);
#5207=ORIENTED_EDGE('',*,*,#3870,.T.);
#5208=ORIENTED_EDGE('',*,*,#3871,.F.);
#5209=ORIENTED_EDGE('',*,*,#3872,.F.);
#5210=ORIENTED_EDGE('',*,*,#3873,.F.);
#5211=ORIENTED_EDGE('',*,*,#3872,.T.);
#5212=ORIENTED_EDGE('',*,*,#3874,.F.);
#5213=ORIENTED_EDGE('',*,*,#3875,.F.);
#5214=ORIENTED_EDGE('',*,*,#3876,.F.);
#5215=ORIENTED_EDGE('',*,*,#3875,.T.);
#5216=ORIENTED_EDGE('',*,*,#3877,.F.);
#5217=ORIENTED_EDGE('',*,*,#3870,.F.);
#5218=ORIENTED_EDGE('',*,*,#3877,.T.);
#5219=ORIENTED_EDGE('',*,*,#3874,.T.);
#5220=ORIENTED_EDGE('',*,*,#3871,.T.);
#5221=ORIENTED_EDGE('',*,*,#3878,.F.);
#5222=ORIENTED_EDGE('',*,*,#3879,.T.);
#5223=ORIENTED_EDGE('',*,*,#3880,.F.);
#5224=ORIENTED_EDGE('',*,*,#3881,.F.);
#5225=ORIENTED_EDGE('',*,*,#3882,.F.);
#5226=ORIENTED_EDGE('',*,*,#3881,.T.);
#5227=ORIENTED_EDGE('',*,*,#3883,.F.);
#5228=ORIENTED_EDGE('',*,*,#3884,.F.);
#5229=ORIENTED_EDGE('',*,*,#3885,.F.);
#5230=ORIENTED_EDGE('',*,*,#3884,.T.);
#5231=ORIENTED_EDGE('',*,*,#3886,.F.);
#5232=ORIENTED_EDGE('',*,*,#3879,.F.);
#5233=ORIENTED_EDGE('',*,*,#3886,.T.);
#5234=ORIENTED_EDGE('',*,*,#3883,.T.);
#5235=ORIENTED_EDGE('',*,*,#3880,.T.);
#5236=ORIENTED_EDGE('',*,*,#3878,.T.);
#5237=ORIENTED_EDGE('',*,*,#3887,.T.);
#5238=ORIENTED_EDGE('',*,*,#3888,.F.);
#5239=ORIENTED_EDGE('',*,*,#3861,.F.);
#5240=ORIENTED_EDGE('',*,*,#3873,.T.);
#5241=ORIENTED_EDGE('',*,*,#3866,.F.);
#5242=ORIENTED_EDGE('',*,*,#3889,.F.);
#5243=ORIENTED_EDGE('',*,*,#3890,.T.);
#5244=ORIENTED_EDGE('',*,*,#3869,.T.);
#5245=ORIENTED_EDGE('',*,*,#3876,.T.);
#5246=ORIENTED_EDGE('',*,*,#3891,.T.);
#5247=ORIENTED_EDGE('',*,*,#3882,.T.);
#5248=ORIENTED_EDGE('',*,*,#3885,.T.);
#5249=ORIENTED_EDGE('',*,*,#3867,.F.);
#5250=ORIENTED_EDGE('',*,*,#3892,.F.);
#5251=ORIENTED_EDGE('',*,*,#3864,.T.);
#5252=ORIENTED_EDGE('',*,*,#3868,.T.);
#5253=ORIENTED_EDGE('',*,*,#3863,.T.);
#5254=ORIENTED_EDGE('',*,*,#3893,.F.);
#5255=ORIENTED_EDGE('',*,*,#3894,.F.);
#5256=ORIENTED_EDGE('',*,*,#3895,.F.);
#5257=ORIENTED_EDGE('',*,*,#3894,.T.);
#5258=ORIENTED_EDGE('',*,*,#3896,.F.);
#5259=ORIENTED_EDGE('',*,*,#3887,.F.);
#5260=ORIENTED_EDGE('',*,*,#3891,.F.);
#5261=ORIENTED_EDGE('',*,*,#3890,.F.);
#5262=ORIENTED_EDGE('',*,*,#3889,.T.);
#5263=ORIENTED_EDGE('',*,*,#3865,.T.);
#5264=ORIENTED_EDGE('',*,*,#3892,.T.);
#5265=ORIENTED_EDGE('',*,*,#3895,.T.);
#5266=ORIENTED_EDGE('',*,*,#3888,.T.);
#5267=ORIENTED_EDGE('',*,*,#3896,.T.);
#5268=ORIENTED_EDGE('',*,*,#3893,.T.);
#5269=ORIENTED_EDGE('',*,*,#3862,.T.);
#5270=ORIENTED_EDGE('',*,*,#3897,.F.);
#5271=ORIENTED_EDGE('',*,*,#3898,.T.);
#5272=ORIENTED_EDGE('',*,*,#3899,.F.);
#5273=ORIENTED_EDGE('',*,*,#3900,.F.);
#5274=ORIENTED_EDGE('',*,*,#3901,.F.);
#5275=ORIENTED_EDGE('',*,*,#3900,.T.);
#5276=ORIENTED_EDGE('',*,*,#3902,.F.);
#5277=ORIENTED_EDGE('',*,*,#3903,.F.);
#5278=ORIENTED_EDGE('',*,*,#3904,.F.);
#5279=ORIENTED_EDGE('',*,*,#3903,.T.);
#5280=ORIENTED_EDGE('',*,*,#3905,.F.);
#5281=ORIENTED_EDGE('',*,*,#3898,.F.);
#5282=ORIENTED_EDGE('',*,*,#3905,.T.);
#5283=ORIENTED_EDGE('',*,*,#3902,.T.);
#5284=ORIENTED_EDGE('',*,*,#3899,.T.);
#5285=ORIENTED_EDGE('',*,*,#3906,.F.);
#5286=ORIENTED_EDGE('',*,*,#3907,.T.);
#5287=ORIENTED_EDGE('',*,*,#3908,.F.);
#5288=ORIENTED_EDGE('',*,*,#3909,.F.);
#5289=ORIENTED_EDGE('',*,*,#3910,.F.);
#5290=ORIENTED_EDGE('',*,*,#3909,.T.);
#5291=ORIENTED_EDGE('',*,*,#3911,.F.);
#5292=ORIENTED_EDGE('',*,*,#3912,.F.);
#5293=ORIENTED_EDGE('',*,*,#3913,.F.);
#5294=ORIENTED_EDGE('',*,*,#3912,.T.);
#5295=ORIENTED_EDGE('',*,*,#3914,.F.);
#5296=ORIENTED_EDGE('',*,*,#3907,.F.);
#5297=ORIENTED_EDGE('',*,*,#3914,.T.);
#5298=ORIENTED_EDGE('',*,*,#3911,.T.);
#5299=ORIENTED_EDGE('',*,*,#3908,.T.);
#5300=ORIENTED_EDGE('',*,*,#3913,.T.);
#5301=ORIENTED_EDGE('',*,*,#3915,.T.);
#5302=ORIENTED_EDGE('',*,*,#3916,.F.);
#5303=ORIENTED_EDGE('',*,*,#3917,.F.);
#5304=ORIENTED_EDGE('',*,*,#3901,.T.);
#5305=ORIENTED_EDGE('',*,*,#3918,.T.);
#5306=ORIENTED_EDGE('',*,*,#3906,.T.);
#5307=ORIENTED_EDGE('',*,*,#3910,.T.);
#5308=ORIENTED_EDGE('',*,*,#3919,.F.);
#5309=ORIENTED_EDGE('',*,*,#3904,.T.);
#5310=ORIENTED_EDGE('',*,*,#3897,.T.);
#5311=ORIENTED_EDGE('',*,*,#3920,.F.);
#5312=ORIENTED_EDGE('',*,*,#3921,.F.);
#5313=ORIENTED_EDGE('',*,*,#3922,.T.);
#5314=ORIENTED_EDGE('',*,*,#3923,.F.);
#5315=ORIENTED_EDGE('',*,*,#3924,.T.);
#5316=ORIENTED_EDGE('',*,*,#3925,.F.);
#5317=ORIENTED_EDGE('',*,*,#3926,.F.);
#5318=ORIENTED_EDGE('',*,*,#3927,.F.);
#5319=ORIENTED_EDGE('',*,*,#3926,.T.);
#5320=ORIENTED_EDGE('',*,*,#3928,.F.);
#5321=ORIENTED_EDGE('',*,*,#3929,.F.);
#5322=ORIENTED_EDGE('',*,*,#3930,.F.);
#5323=ORIENTED_EDGE('',*,*,#3929,.T.);
#5324=ORIENTED_EDGE('',*,*,#3931,.F.);
#5325=ORIENTED_EDGE('',*,*,#3924,.F.);
#5326=ORIENTED_EDGE('',*,*,#3931,.T.);
#5327=ORIENTED_EDGE('',*,*,#3928,.T.);
#5328=ORIENTED_EDGE('',*,*,#3925,.T.);
#5329=ORIENTED_EDGE('',*,*,#3932,.F.);
#5330=ORIENTED_EDGE('',*,*,#3933,.T.);
#5331=ORIENTED_EDGE('',*,*,#3934,.F.);
#5332=ORIENTED_EDGE('',*,*,#3935,.F.);
#5333=ORIENTED_EDGE('',*,*,#3936,.F.);
#5334=ORIENTED_EDGE('',*,*,#3935,.T.);
#5335=ORIENTED_EDGE('',*,*,#3937,.F.);
#5336=ORIENTED_EDGE('',*,*,#3938,.F.);
#5337=ORIENTED_EDGE('',*,*,#3939,.F.);
#5338=ORIENTED_EDGE('',*,*,#3938,.T.);
#5339=ORIENTED_EDGE('',*,*,#3940,.F.);
#5340=ORIENTED_EDGE('',*,*,#3933,.F.);
#5341=ORIENTED_EDGE('',*,*,#3940,.T.);
#5342=ORIENTED_EDGE('',*,*,#3937,.T.);
#5343=ORIENTED_EDGE('',*,*,#3934,.T.);
#5344=ORIENTED_EDGE('',*,*,#3939,.T.);
#5345=ORIENTED_EDGE('',*,*,#3932,.T.);
#5346=ORIENTED_EDGE('',*,*,#3922,.F.);
#5347=ORIENTED_EDGE('',*,*,#3941,.F.);
#5348=ORIENTED_EDGE('',*,*,#3942,.T.);
#5349=ORIENTED_EDGE('',*,*,#3927,.T.);
#5350=ORIENTED_EDGE('',*,*,#3943,.T.);
#5351=ORIENTED_EDGE('',*,*,#3944,.F.);
#5352=ORIENTED_EDGE('',*,*,#3915,.F.);
#5353=ORIENTED_EDGE('',*,*,#3930,.T.);
#5354=ORIENTED_EDGE('',*,*,#3923,.T.);
#5355=ORIENTED_EDGE('',*,*,#3918,.F.);
#5356=ORIENTED_EDGE('',*,*,#3936,.T.);
#5357=ORIENTED_EDGE('',*,*,#3945,.T.);
#5358=ORIENTED_EDGE('',*,*,#3946,.F.);
#5359=ORIENTED_EDGE('',*,*,#3920,.T.);
#5360=ORIENTED_EDGE('',*,*,#3919,.T.);
#5361=ORIENTED_EDGE('',*,*,#3917,.T.);
#5362=ORIENTED_EDGE('',*,*,#3947,.F.);
#5363=ORIENTED_EDGE('',*,*,#3948,.F.);
#5364=ORIENTED_EDGE('',*,*,#3949,.F.);
#5365=ORIENTED_EDGE('',*,*,#3948,.T.);
#5366=ORIENTED_EDGE('',*,*,#3950,.F.);
#5367=ORIENTED_EDGE('',*,*,#3943,.F.);
#5368=ORIENTED_EDGE('',*,*,#3945,.F.);
#5369=ORIENTED_EDGE('',*,*,#3942,.F.);
#5370=ORIENTED_EDGE('',*,*,#3941,.T.);
#5371=ORIENTED_EDGE('',*,*,#3921,.T.);
#5372=ORIENTED_EDGE('',*,*,#3946,.T.);
#5373=ORIENTED_EDGE('',*,*,#3949,.T.);
#5374=ORIENTED_EDGE('',*,*,#3944,.T.);
#5375=ORIENTED_EDGE('',*,*,#3950,.T.);
#5376=ORIENTED_EDGE('',*,*,#3947,.T.);
#5377=ORIENTED_EDGE('',*,*,#3916,.T.);
#5378=ORIENTED_EDGE('',*,*,#3951,.F.);
#5379=ORIENTED_EDGE('',*,*,#3952,.T.);
#5380=ORIENTED_EDGE('',*,*,#3953,.F.);
#5381=ORIENTED_EDGE('',*,*,#3954,.F.);
#5382=ORIENTED_EDGE('',*,*,#3955,.F.);
#5383=ORIENTED_EDGE('',*,*,#3954,.T.);
#5384=ORIENTED_EDGE('',*,*,#3956,.F.);
#5385=ORIENTED_EDGE('',*,*,#3957,.F.);
#5386=ORIENTED_EDGE('',*,*,#3958,.F.);
#5387=ORIENTED_EDGE('',*,*,#3957,.T.);
#5388=ORIENTED_EDGE('',*,*,#3959,.F.);
#5389=ORIENTED_EDGE('',*,*,#3952,.F.);
#5390=ORIENTED_EDGE('',*,*,#3959,.T.);
#5391=ORIENTED_EDGE('',*,*,#3956,.T.);
#5392=ORIENTED_EDGE('',*,*,#3953,.T.);
#5393=ORIENTED_EDGE('',*,*,#3960,.F.);
#5394=ORIENTED_EDGE('',*,*,#3961,.T.);
#5395=ORIENTED_EDGE('',*,*,#3962,.F.);
#5396=ORIENTED_EDGE('',*,*,#3963,.F.);
#5397=ORIENTED_EDGE('',*,*,#3964,.F.);
#5398=ORIENTED_EDGE('',*,*,#3963,.T.);
#5399=ORIENTED_EDGE('',*,*,#3965,.F.);
#5400=ORIENTED_EDGE('',*,*,#3966,.F.);
#5401=ORIENTED_EDGE('',*,*,#3967,.F.);
#5402=ORIENTED_EDGE('',*,*,#3966,.T.);
#5403=ORIENTED_EDGE('',*,*,#3968,.F.);
#5404=ORIENTED_EDGE('',*,*,#3961,.F.);
#5405=ORIENTED_EDGE('',*,*,#3968,.T.);
#5406=ORIENTED_EDGE('',*,*,#3965,.T.);
#5407=ORIENTED_EDGE('',*,*,#3962,.T.);
#5408=ORIENTED_EDGE('',*,*,#3967,.T.);
#5409=ORIENTED_EDGE('',*,*,#3969,.T.);
#5410=ORIENTED_EDGE('',*,*,#3970,.F.);
#5411=ORIENTED_EDGE('',*,*,#3971,.F.);
#5412=ORIENTED_EDGE('',*,*,#3955,.T.);
#5413=ORIENTED_EDGE('',*,*,#3972,.T.);
#5414=ORIENTED_EDGE('',*,*,#3960,.T.);
#5415=ORIENTED_EDGE('',*,*,#3964,.T.);
#5416=ORIENTED_EDGE('',*,*,#3973,.F.);
#5417=ORIENTED_EDGE('',*,*,#3958,.T.);
#5418=ORIENTED_EDGE('',*,*,#3951,.T.);
#5419=ORIENTED_EDGE('',*,*,#3974,.F.);
#5420=ORIENTED_EDGE('',*,*,#3975,.F.);
#5421=ORIENTED_EDGE('',*,*,#3976,.T.);
#5422=ORIENTED_EDGE('',*,*,#3977,.F.);
#5423=ORIENTED_EDGE('',*,*,#3978,.T.);
#5424=ORIENTED_EDGE('',*,*,#3979,.F.);
#5425=ORIENTED_EDGE('',*,*,#3980,.F.);
#5426=ORIENTED_EDGE('',*,*,#3981,.F.);
#5427=ORIENTED_EDGE('',*,*,#3980,.T.);
#5428=ORIENTED_EDGE('',*,*,#3982,.F.);
#5429=ORIENTED_EDGE('',*,*,#3983,.F.);
#5430=ORIENTED_EDGE('',*,*,#3984,.F.);
#5431=ORIENTED_EDGE('',*,*,#3983,.T.);
#5432=ORIENTED_EDGE('',*,*,#3985,.F.);
#5433=ORIENTED_EDGE('',*,*,#3978,.F.);
#5434=ORIENTED_EDGE('',*,*,#3985,.T.);
#5435=ORIENTED_EDGE('',*,*,#3982,.T.);
#5436=ORIENTED_EDGE('',*,*,#3979,.T.);
#5437=ORIENTED_EDGE('',*,*,#3986,.F.);
#5438=ORIENTED_EDGE('',*,*,#3987,.T.);
#5439=ORIENTED_EDGE('',*,*,#3988,.F.);
#5440=ORIENTED_EDGE('',*,*,#3989,.F.);
#5441=ORIENTED_EDGE('',*,*,#3990,.F.);
#5442=ORIENTED_EDGE('',*,*,#3989,.T.);
#5443=ORIENTED_EDGE('',*,*,#3991,.F.);
#5444=ORIENTED_EDGE('',*,*,#3992,.F.);
#5445=ORIENTED_EDGE('',*,*,#3993,.F.);
#5446=ORIENTED_EDGE('',*,*,#3992,.T.);
#5447=ORIENTED_EDGE('',*,*,#3994,.F.);
#5448=ORIENTED_EDGE('',*,*,#3987,.F.);
#5449=ORIENTED_EDGE('',*,*,#3994,.T.);
#5450=ORIENTED_EDGE('',*,*,#3991,.T.);
#5451=ORIENTED_EDGE('',*,*,#3988,.T.);
#5452=ORIENTED_EDGE('',*,*,#3993,.T.);
#5453=ORIENTED_EDGE('',*,*,#3986,.T.);
#5454=ORIENTED_EDGE('',*,*,#3976,.F.);
#5455=ORIENTED_EDGE('',*,*,#3995,.F.);
#5456=ORIENTED_EDGE('',*,*,#3996,.T.);
#5457=ORIENTED_EDGE('',*,*,#3981,.T.);
#5458=ORIENTED_EDGE('',*,*,#3997,.T.);
#5459=ORIENTED_EDGE('',*,*,#3998,.F.);
#5460=ORIENTED_EDGE('',*,*,#3969,.F.);
#5461=ORIENTED_EDGE('',*,*,#3984,.T.);
#5462=ORIENTED_EDGE('',*,*,#3977,.T.);
#5463=ORIENTED_EDGE('',*,*,#3972,.F.);
#5464=ORIENTED_EDGE('',*,*,#3990,.T.);
#5465=ORIENTED_EDGE('',*,*,#3999,.T.);
#5466=ORIENTED_EDGE('',*,*,#4000,.F.);
#5467=ORIENTED_EDGE('',*,*,#3974,.T.);
#5468=ORIENTED_EDGE('',*,*,#3973,.T.);
#5469=ORIENTED_EDGE('',*,*,#3971,.T.);
#5470=ORIENTED_EDGE('',*,*,#4001,.F.);
#5471=ORIENTED_EDGE('',*,*,#4002,.F.);
#5472=ORIENTED_EDGE('',*,*,#4003,.F.);
#5473=ORIENTED_EDGE('',*,*,#4002,.T.);
#5474=ORIENTED_EDGE('',*,*,#4004,.F.);
#5475=ORIENTED_EDGE('',*,*,#3997,.F.);
#5476=ORIENTED_EDGE('',*,*,#3999,.F.);
#5477=ORIENTED_EDGE('',*,*,#3996,.F.);
#5478=ORIENTED_EDGE('',*,*,#3995,.T.);
#5479=ORIENTED_EDGE('',*,*,#3975,.T.);
#5480=ORIENTED_EDGE('',*,*,#4000,.T.);
#5481=ORIENTED_EDGE('',*,*,#4003,.T.);
#5482=ORIENTED_EDGE('',*,*,#3998,.T.);
#5483=ORIENTED_EDGE('',*,*,#4004,.T.);
#5484=ORIENTED_EDGE('',*,*,#4001,.T.);
#5485=ORIENTED_EDGE('',*,*,#3970,.T.);
#5486=ORIENTED_EDGE('',*,*,#4005,.T.);
#5487=ORIENTED_EDGE('',*,*,#4006,.T.);
#5488=ORIENTED_EDGE('',*,*,#4007,.T.);
#5489=ORIENTED_EDGE('',*,*,#4008,.T.);
#5490=ORIENTED_EDGE('',*,*,#4006,.F.);
#5491=ORIENTED_EDGE('',*,*,#4009,.T.);
#5492=ORIENTED_EDGE('',*,*,#4010,.F.);
#5493=ORIENTED_EDGE('',*,*,#4011,.T.);
#5494=ORIENTED_EDGE('',*,*,#4012,.T.);
#5495=ORIENTED_EDGE('',*,*,#4013,.T.);
#5496=ORIENTED_EDGE('',*,*,#4005,.F.);
#5497=ORIENTED_EDGE('',*,*,#4014,.T.);
#5498=ORIENTED_EDGE('',*,*,#4015,.F.);
#5499=ORIENTED_EDGE('',*,*,#4016,.F.);
#5500=ORIENTED_EDGE('',*,*,#4017,.F.);
#5501=ORIENTED_EDGE('',*,*,#4018,.F.);
#5502=ORIENTED_EDGE('',*,*,#4019,.F.);
#5503=ORIENTED_EDGE('',*,*,#4009,.F.);
#5504=ORIENTED_EDGE('',*,*,#4020,.T.);
#5505=ORIENTED_EDGE('',*,*,#4021,.T.);
#5506=ORIENTED_EDGE('',*,*,#4015,.T.);
#5507=ORIENTED_EDGE('',*,*,#4022,.T.);
#5508=ORIENTED_EDGE('',*,*,#4021,.F.);
#5509=ORIENTED_EDGE('',*,*,#4023,.T.);
#5510=ORIENTED_EDGE('',*,*,#4024,.T.);
#5511=ORIENTED_EDGE('',*,*,#4025,.T.);
#5512=ORIENTED_EDGE('',*,*,#4026,.F.);
#5513=ORIENTED_EDGE('',*,*,#4016,.T.);
#5514=ORIENTED_EDGE('',*,*,#4007,.F.);
#5515=ORIENTED_EDGE('',*,*,#4013,.F.);
#5516=ORIENTED_EDGE('',*,*,#4027,.F.);
#5517=ORIENTED_EDGE('',*,*,#4023,.F.);
#5518=ORIENTED_EDGE('',*,*,#4020,.F.);
#5519=ORIENTED_EDGE('',*,*,#4028,.F.);
#5520=ORIENTED_EDGE('',*,*,#4029,.T.);
#5521=ORIENTED_EDGE('',*,*,#4010,.T.);
#5522=ORIENTED_EDGE('',*,*,#4019,.T.);
#5523=ORIENTED_EDGE('',*,*,#4030,.T.);
#5524=ORIENTED_EDGE('',*,*,#4030,.F.);
#5525=ORIENTED_EDGE('',*,*,#4018,.T.);
#5526=ORIENTED_EDGE('',*,*,#4031,.F.);
#5527=ORIENTED_EDGE('',*,*,#4032,.F.);
#5528=ORIENTED_EDGE('',*,*,#4017,.T.);
#5529=ORIENTED_EDGE('',*,*,#4026,.T.);
#5530=ORIENTED_EDGE('',*,*,#4033,.T.);
#5531=ORIENTED_EDGE('',*,*,#4031,.T.);
#5532=ORIENTED_EDGE('',*,*,#4029,.F.);
#5533=ORIENTED_EDGE('',*,*,#4032,.T.);
#5534=ORIENTED_EDGE('',*,*,#4033,.F.);
#5535=ORIENTED_EDGE('',*,*,#4025,.F.);
#5536=ORIENTED_EDGE('',*,*,#4034,.T.);
#5537=ORIENTED_EDGE('',*,*,#4011,.F.);
#5538=ORIENTED_EDGE('',*,*,#4008,.F.);
#5539=ORIENTED_EDGE('',*,*,#4028,.T.);
#5540=ORIENTED_EDGE('',*,*,#4022,.F.);
#5541=ORIENTED_EDGE('',*,*,#4014,.F.);
#5542=ORIENTED_EDGE('',*,*,#4024,.F.);
#5543=ORIENTED_EDGE('',*,*,#4027,.T.);
#5544=ORIENTED_EDGE('',*,*,#4012,.F.);
#5545=ORIENTED_EDGE('',*,*,#4034,.F.);
#5546=ORIENTED_EDGE('',*,*,#4035,.F.);
#5547=ORIENTED_EDGE('',*,*,#4036,.T.);
#5548=ORIENTED_EDGE('',*,*,#4037,.F.);
#5549=ORIENTED_EDGE('',*,*,#4036,.F.);
#5550=ORIENTED_EDGE('',*,*,#4038,.T.);
#5551=ORIENTED_EDGE('',*,*,#4035,.T.);
#5552=ORIENTED_EDGE('',*,*,#4039,.F.);
#5553=ORIENTED_EDGE('',*,*,#4040,.T.);
#5554=ORIENTED_EDGE('',*,*,#4038,.F.);
#5555=ORIENTED_EDGE('',*,*,#4040,.F.);
#5556=ORIENTED_EDGE('',*,*,#4039,.T.);
#5557=ORIENTED_EDGE('',*,*,#4037,.T.);
#5558=ORIENTED_EDGE('',*,*,#4041,.F.);
#5559=ORIENTED_EDGE('',*,*,#4042,.T.);
#5560=ORIENTED_EDGE('',*,*,#4043,.F.);
#5561=ORIENTED_EDGE('',*,*,#4044,.F.);
#5562=ORIENTED_EDGE('',*,*,#4045,.F.);
#5563=ORIENTED_EDGE('',*,*,#4044,.T.);
#5564=ORIENTED_EDGE('',*,*,#4046,.F.);
#5565=ORIENTED_EDGE('',*,*,#4047,.F.);
#5566=ORIENTED_EDGE('',*,*,#4048,.F.);
#5567=ORIENTED_EDGE('',*,*,#4047,.T.);
#5568=ORIENTED_EDGE('',*,*,#4049,.F.);
#5569=ORIENTED_EDGE('',*,*,#4050,.F.);
#5570=ORIENTED_EDGE('',*,*,#4051,.F.);
#5571=ORIENTED_EDGE('',*,*,#4050,.T.);
#5572=ORIENTED_EDGE('',*,*,#4052,.F.);
#5573=ORIENTED_EDGE('',*,*,#4042,.F.);
#5574=ORIENTED_EDGE('',*,*,#4051,.T.);
#5575=ORIENTED_EDGE('',*,*,#4041,.T.);
#5576=ORIENTED_EDGE('',*,*,#4045,.T.);
#5577=ORIENTED_EDGE('',*,*,#4048,.T.);
#5578=ORIENTED_EDGE('',*,*,#4052,.T.);
#5579=ORIENTED_EDGE('',*,*,#4049,.T.);
#5580=ORIENTED_EDGE('',*,*,#4046,.T.);
#5581=ORIENTED_EDGE('',*,*,#4043,.T.);
#5582=ORIENTED_EDGE('',*,*,#4053,.F.);
#5583=ORIENTED_EDGE('',*,*,#4054,.T.);
#5584=ORIENTED_EDGE('',*,*,#4055,.F.);
#5585=ORIENTED_EDGE('',*,*,#4054,.F.);
#5586=ORIENTED_EDGE('',*,*,#4055,.T.);
#5587=ORIENTED_EDGE('',*,*,#4053,.T.);
#5588=ORIENTED_EDGE('',*,*,#4056,.T.);
#5589=ORIENTED_EDGE('',*,*,#4057,.T.);
#5590=ORIENTED_EDGE('',*,*,#4058,.T.);
#5591=ORIENTED_EDGE('',*,*,#4059,.T.);
#5592=ORIENTED_EDGE('',*,*,#4060,.F.);
#5593=ORIENTED_EDGE('',*,*,#4061,.F.);
#5594=ORIENTED_EDGE('',*,*,#4062,.F.);
#5595=ORIENTED_EDGE('',*,*,#4057,.F.);
#5596=ORIENTED_EDGE('',*,*,#4062,.T.);
#5597=ORIENTED_EDGE('',*,*,#4063,.F.);
#5598=ORIENTED_EDGE('',*,*,#4064,.F.);
#5599=ORIENTED_EDGE('',*,*,#4058,.F.);
#5600=ORIENTED_EDGE('',*,*,#4064,.T.);
#5601=ORIENTED_EDGE('',*,*,#4065,.F.);
#5602=ORIENTED_EDGE('',*,*,#4066,.F.);
#5603=ORIENTED_EDGE('',*,*,#4059,.F.);
#5604=ORIENTED_EDGE('',*,*,#4066,.T.);
#5605=ORIENTED_EDGE('',*,*,#4067,.F.);
#5606=ORIENTED_EDGE('',*,*,#4060,.T.);
#5607=ORIENTED_EDGE('',*,*,#4056,.F.);
#5608=ORIENTED_EDGE('',*,*,#4067,.T.);
#5609=ORIENTED_EDGE('',*,*,#4065,.T.);
#5610=ORIENTED_EDGE('',*,*,#4063,.T.);
#5611=ORIENTED_EDGE('',*,*,#4061,.T.);
#5612=ORIENTED_EDGE('',*,*,#4068,.T.);
#5613=ORIENTED_EDGE('',*,*,#4069,.T.);
#5614=ORIENTED_EDGE('',*,*,#4070,.T.);
#5615=ORIENTED_EDGE('',*,*,#4071,.T.);
#5616=ORIENTED_EDGE('',*,*,#4070,.F.);
#5617=ORIENTED_EDGE('',*,*,#4072,.F.);
#5618=ORIENTED_EDGE('',*,*,#4073,.F.);
#5619=ORIENTED_EDGE('',*,*,#4074,.F.);
#5620=ORIENTED_EDGE('',*,*,#4075,.F.);
#5621=ORIENTED_EDGE('',*,*,#4076,.F.);
#5622=ORIENTED_EDGE('',*,*,#4077,.F.);
#5623=ORIENTED_EDGE('',*,*,#4078,.F.);
#5624=ORIENTED_EDGE('',*,*,#4079,.T.);
#5625=ORIENTED_EDGE('',*,*,#4080,.T.);
#5626=ORIENTED_EDGE('',*,*,#4081,.T.);
#5627=ORIENTED_EDGE('',*,*,#4082,.T.);
#5628=ORIENTED_EDGE('',*,*,#4069,.F.);
#5629=ORIENTED_EDGE('',*,*,#4083,.F.);
#5630=ORIENTED_EDGE('',*,*,#4084,.F.);
#5631=ORIENTED_EDGE('',*,*,#4072,.T.);
#5632=ORIENTED_EDGE('',*,*,#4085,.T.);
#5633=ORIENTED_EDGE('',*,*,#4086,.T.);
#5634=ORIENTED_EDGE('',*,*,#4073,.T.);
#5635=ORIENTED_EDGE('',*,*,#4084,.T.);
#5636=ORIENTED_EDGE('',*,*,#4087,.T.);
#5637=ORIENTED_EDGE('',*,*,#4088,.T.);
#5638=ORIENTED_EDGE('',*,*,#4075,.T.);
#5639=ORIENTED_EDGE('',*,*,#4089,.T.);
#5640=ORIENTED_EDGE('',*,*,#4088,.F.);
#5641=ORIENTED_EDGE('',*,*,#4090,.F.);
#5642=ORIENTED_EDGE('',*,*,#4091,.F.);
#5643=ORIENTED_EDGE('',*,*,#4076,.T.);
#5644=ORIENTED_EDGE('',*,*,#4092,.T.);
#5645=ORIENTED_EDGE('',*,*,#4093,.T.);
#5646=ORIENTED_EDGE('',*,*,#4077,.T.);
#5647=ORIENTED_EDGE('',*,*,#4091,.T.);
#5648=ORIENTED_EDGE('',*,*,#4086,.F.);
#5649=ORIENTED_EDGE('',*,*,#4094,.F.);
#5650=ORIENTED_EDGE('',*,*,#4089,.F.);
#5651=ORIENTED_EDGE('',*,*,#4074,.T.);
#5652=ORIENTED_EDGE('',*,*,#4071,.F.);
#5653=ORIENTED_EDGE('',*,*,#4078,.T.);
#5654=ORIENTED_EDGE('',*,*,#4093,.F.);
#5655=ORIENTED_EDGE('',*,*,#4095,.F.);
#5656=ORIENTED_EDGE('',*,*,#4068,.F.);
#5657=ORIENTED_EDGE('',*,*,#4095,.T.);
#5658=ORIENTED_EDGE('',*,*,#4092,.F.);
#5659=ORIENTED_EDGE('',*,*,#4090,.T.);
#5660=ORIENTED_EDGE('',*,*,#4087,.F.);
#5661=ORIENTED_EDGE('',*,*,#4094,.T.);
#5662=ORIENTED_EDGE('',*,*,#4085,.F.);
#5663=ORIENTED_EDGE('',*,*,#4083,.T.);
#5664=ORIENTED_EDGE('',*,*,#4079,.F.);
#5665=ORIENTED_EDGE('',*,*,#4096,.T.);
#5666=ORIENTED_EDGE('',*,*,#4097,.F.);
#5667=ORIENTED_EDGE('',*,*,#4096,.F.);
#5668=ORIENTED_EDGE('',*,*,#4080,.F.);
#5669=ORIENTED_EDGE('',*,*,#4098,.T.);
#5670=ORIENTED_EDGE('',*,*,#4099,.F.);
#5671=ORIENTED_EDGE('',*,*,#4098,.F.);
#5672=ORIENTED_EDGE('',*,*,#4081,.F.);
#5673=ORIENTED_EDGE('',*,*,#4100,.T.);
#5674=ORIENTED_EDGE('',*,*,#4101,.F.);
#5675=ORIENTED_EDGE('',*,*,#4100,.F.);
#5676=ORIENTED_EDGE('',*,*,#4082,.F.);
#5677=ORIENTED_EDGE('',*,*,#4102,.T.);
#5678=ORIENTED_EDGE('',*,*,#4103,.F.);
#5679=ORIENTED_EDGE('',*,*,#4102,.F.);
#5680=ORIENTED_EDGE('',*,*,#4104,.T.);
#5681=ORIENTED_EDGE('',*,*,#4105,.T.);
#5682=ORIENTED_EDGE('',*,*,#4106,.F.);
#5683=ORIENTED_EDGE('',*,*,#4107,.F.);
#5684=ORIENTED_EDGE('',*,*,#4108,.F.);
#5685=ORIENTED_EDGE('',*,*,#4105,.F.);
#5686=ORIENTED_EDGE('',*,*,#4097,.T.);
#5687=ORIENTED_EDGE('',*,*,#4099,.T.);
#5688=ORIENTED_EDGE('',*,*,#4101,.T.);
#5689=ORIENTED_EDGE('',*,*,#4103,.T.);
#5690=ORIENTED_EDGE('',*,*,#4108,.T.);
#5691=ORIENTED_EDGE('',*,*,#4109,.F.);
#5692=ORIENTED_EDGE('',*,*,#4106,.T.);
#5693=ORIENTED_EDGE('',*,*,#4104,.F.);
#5694=ORIENTED_EDGE('',*,*,#4109,.T.);
#5695=ORIENTED_EDGE('',*,*,#4107,.T.);
#5696=ORIENTED_EDGE('',*,*,#4110,.F.);
#5697=ORIENTED_EDGE('',*,*,#4111,.T.);
#5698=ORIENTED_EDGE('',*,*,#4112,.T.);
#5699=ORIENTED_EDGE('',*,*,#4113,.F.);
#5700=ORIENTED_EDGE('',*,*,#4114,.F.);
#5701=ORIENTED_EDGE('',*,*,#4115,.T.);
#5702=ORIENTED_EDGE('',*,*,#4116,.T.);
#5703=ORIENTED_EDGE('',*,*,#4111,.F.);
#5704=ORIENTED_EDGE('',*,*,#4117,.F.);
#5705=ORIENTED_EDGE('',*,*,#4118,.T.);
#5706=ORIENTED_EDGE('',*,*,#4119,.T.);
#5707=ORIENTED_EDGE('',*,*,#4115,.F.);
#5708=ORIENTED_EDGE('',*,*,#4119,.F.);
#5709=ORIENTED_EDGE('',*,*,#4112,.F.);
#5710=ORIENTED_EDGE('',*,*,#4116,.F.);
#5711=ORIENTED_EDGE('',*,*,#4120,.F.);
#5712=ORIENTED_EDGE('',*,*,#4121,.F.);
#5713=ORIENTED_EDGE('',*,*,#4122,.F.);
#5714=ORIENTED_EDGE('',*,*,#4117,.T.);
#5715=ORIENTED_EDGE('',*,*,#4114,.T.);
#5716=ORIENTED_EDGE('',*,*,#4110,.T.);
#5717=ORIENTED_EDGE('',*,*,#4123,.F.);
#5718=ORIENTED_EDGE('',*,*,#4124,.T.);
#5719=ORIENTED_EDGE('',*,*,#4125,.T.);
#5720=ORIENTED_EDGE('',*,*,#4126,.T.);
#5721=ORIENTED_EDGE('',*,*,#4127,.T.);
#5722=ORIENTED_EDGE('',*,*,#4128,.T.);
#5723=ORIENTED_EDGE('',*,*,#4129,.F.);
#5724=ORIENTED_EDGE('',*,*,#4125,.F.);
#5725=ORIENTED_EDGE('',*,*,#4130,.T.);
#5726=ORIENTED_EDGE('',*,*,#4131,.F.);
#5727=ORIENTED_EDGE('',*,*,#4126,.F.);
#5728=ORIENTED_EDGE('',*,*,#4129,.T.);
#5729=ORIENTED_EDGE('',*,*,#4132,.F.);
#5730=ORIENTED_EDGE('',*,*,#4133,.F.);
#5731=ORIENTED_EDGE('',*,*,#4128,.F.);
#5732=ORIENTED_EDGE('',*,*,#4134,.T.);
#5733=ORIENTED_EDGE('',*,*,#4135,.F.);
#5734=ORIENTED_EDGE('',*,*,#4130,.F.);
#5735=ORIENTED_EDGE('',*,*,#4134,.F.);
#5736=ORIENTED_EDGE('',*,*,#4127,.F.);
#5737=ORIENTED_EDGE('',*,*,#4133,.T.);
#5738=ORIENTED_EDGE('',*,*,#4136,.F.);
#5739=ORIENTED_EDGE('',*,*,#4136,.T.);
#5740=ORIENTED_EDGE('',*,*,#4132,.T.);
#5741=ORIENTED_EDGE('',*,*,#4131,.T.);
#5742=ORIENTED_EDGE('',*,*,#4135,.T.);
#5743=ORIENTED_EDGE('',*,*,#4137,.F.);
#5744=ORIENTED_EDGE('',*,*,#4138,.F.);
#5745=ORIENTED_EDGE('',*,*,#4139,.F.);
#5746=ORIENTED_EDGE('',*,*,#4140,.T.);
#5747=ORIENTED_EDGE('',*,*,#4137,.T.);
#5748=ORIENTED_EDGE('',*,*,#4141,.T.);
#5749=ORIENTED_EDGE('',*,*,#4142,.T.);
#5750=ORIENTED_EDGE('',*,*,#4143,.T.);
#5751=ORIENTED_EDGE('',*,*,#4143,.F.);
#5752=ORIENTED_EDGE('',*,*,#4144,.F.);
#5753=ORIENTED_EDGE('',*,*,#4145,.F.);
#5754=ORIENTED_EDGE('',*,*,#4146,.T.);
#5755=ORIENTED_EDGE('',*,*,#4147,.F.);
#5756=ORIENTED_EDGE('',*,*,#4124,.F.);
#5757=ORIENTED_EDGE('',*,*,#4148,.F.);
#5758=ORIENTED_EDGE('',*,*,#4138,.T.);
#5759=ORIENTED_EDGE('',*,*,#4142,.F.);
#5760=ORIENTED_EDGE('',*,*,#4149,.F.);
#5761=ORIENTED_EDGE('',*,*,#4150,.F.);
#5762=ORIENTED_EDGE('',*,*,#4144,.T.);
#5763=ORIENTED_EDGE('',*,*,#4151,.F.);
#5764=ORIENTED_EDGE('',*,*,#4146,.F.);
#5765=ORIENTED_EDGE('',*,*,#4152,.F.);
#5766=ORIENTED_EDGE('',*,*,#4153,.T.);
#5767=ORIENTED_EDGE('',*,*,#4120,.T.);
#5768=ORIENTED_EDGE('',*,*,#4147,.T.);
#5769=ORIENTED_EDGE('',*,*,#4151,.T.);
#5770=ORIENTED_EDGE('',*,*,#4154,.T.);
#5771=ORIENTED_EDGE('',*,*,#4150,.T.);
#5772=ORIENTED_EDGE('',*,*,#4155,.T.);
#5773=ORIENTED_EDGE('',*,*,#4152,.T.);
#5774=ORIENTED_EDGE('',*,*,#4145,.T.);
#5775=ORIENTED_EDGE('',*,*,#4141,.F.);
#5776=ORIENTED_EDGE('',*,*,#4140,.F.);
#5777=ORIENTED_EDGE('',*,*,#4156,.F.);
#5778=ORIENTED_EDGE('',*,*,#4121,.T.);
#5779=ORIENTED_EDGE('',*,*,#4154,.F.);
#5780=ORIENTED_EDGE('',*,*,#4153,.F.);
#5781=ORIENTED_EDGE('',*,*,#4155,.F.);
#5782=ORIENTED_EDGE('',*,*,#4149,.T.);
#5783=ORIENTED_EDGE('',*,*,#4139,.T.);
#5784=ORIENTED_EDGE('',*,*,#4148,.T.);
#5785=ORIENTED_EDGE('',*,*,#4123,.T.);
#5786=ORIENTED_EDGE('',*,*,#4113,.T.);
#5787=ORIENTED_EDGE('',*,*,#4118,.F.);
#5788=ORIENTED_EDGE('',*,*,#4122,.T.);
#5789=ORIENTED_EDGE('',*,*,#4156,.T.);
#5790=ORIENTED_EDGE('',*,*,#4157,.T.);
#5791=ORIENTED_EDGE('',*,*,#4158,.T.);
#5792=ORIENTED_EDGE('',*,*,#4158,.F.);
#5793=ORIENTED_EDGE('',*,*,#4159,.F.);
#5794=ORIENTED_EDGE('',*,*,#4160,.T.);
#5795=ORIENTED_EDGE('',*,*,#4157,.F.);
#5796=ORIENTED_EDGE('',*,*,#4160,.F.);
#5797=ORIENTED_EDGE('',*,*,#4161,.T.);
#5798=ORIENTED_EDGE('',*,*,#4162,.T.);
#5799=ORIENTED_EDGE('',*,*,#4162,.F.);
#5800=ORIENTED_EDGE('',*,*,#4163,.F.);
#5801=ORIENTED_EDGE('',*,*,#4164,.T.);
#5802=ORIENTED_EDGE('',*,*,#4161,.F.);
#5803=ORIENTED_EDGE('',*,*,#4164,.F.);
#5804=ORIENTED_EDGE('',*,*,#4165,.T.);
#5805=ORIENTED_EDGE('',*,*,#4166,.T.);
#5806=ORIENTED_EDGE('',*,*,#4167,.T.);
#5807=ORIENTED_EDGE('',*,*,#4168,.T.);
#5808=ORIENTED_EDGE('',*,*,#4166,.F.);
#5809=ORIENTED_EDGE('',*,*,#4169,.F.);
#5810=ORIENTED_EDGE('',*,*,#4170,.T.);
#5811=ORIENTED_EDGE('',*,*,#4171,.F.);
#5812=ORIENTED_EDGE('',*,*,#4172,.F.);
#5813=ORIENTED_EDGE('',*,*,#4173,.F.);
#5814=ORIENTED_EDGE('',*,*,#4165,.F.);
#5815=ORIENTED_EDGE('',*,*,#4174,.T.);
#5816=ORIENTED_EDGE('',*,*,#4175,.T.);
#5817=ORIENTED_EDGE('',*,*,#4176,.T.);
#5818=ORIENTED_EDGE('',*,*,#4169,.T.);
#5819=ORIENTED_EDGE('',*,*,#4177,.T.);
#5820=ORIENTED_EDGE('',*,*,#4178,.T.);
#5821=ORIENTED_EDGE('',*,*,#4179,.T.);
#5822=ORIENTED_EDGE('',*,*,#4172,.T.);
#5823=ORIENTED_EDGE('',*,*,#4178,.F.);
#5824=ORIENTED_EDGE('',*,*,#4180,.F.);
#5825=ORIENTED_EDGE('',*,*,#4181,.T.);
#5826=ORIENTED_EDGE('',*,*,#4182,.T.);
#5827=ORIENTED_EDGE('',*,*,#4183,.T.);
#5828=ORIENTED_EDGE('',*,*,#4184,.F.);
#5829=ORIENTED_EDGE('',*,*,#4185,.T.);
#5830=ORIENTED_EDGE('',*,*,#4186,.F.);
#5831=ORIENTED_EDGE('',*,*,#4187,.T.);
#5832=ORIENTED_EDGE('',*,*,#4188,.F.);
#5833=ORIENTED_EDGE('',*,*,#4189,.T.);
#5834=ORIENTED_EDGE('',*,*,#4190,.F.);
#5835=ORIENTED_EDGE('',*,*,#4177,.F.);
#5836=ORIENTED_EDGE('',*,*,#4171,.T.);
#5837=ORIENTED_EDGE('',*,*,#4191,.T.);
#5838=ORIENTED_EDGE('',*,*,#4192,.T.);
#5839=ORIENTED_EDGE('',*,*,#4180,.T.);
#5840=ORIENTED_EDGE('',*,*,#4176,.F.);
#5841=ORIENTED_EDGE('',*,*,#4193,.T.);
#5842=ORIENTED_EDGE('',*,*,#4191,.F.);
#5843=ORIENTED_EDGE('',*,*,#4170,.F.);
#5844=ORIENTED_EDGE('',*,*,#4194,.T.);
#5845=ORIENTED_EDGE('',*,*,#4175,.F.);
#5846=ORIENTED_EDGE('',*,*,#4195,.T.);
#5847=ORIENTED_EDGE('',*,*,#4196,.T.);
#5848=ORIENTED_EDGE('',*,*,#4181,.F.);
#5849=ORIENTED_EDGE('',*,*,#4192,.F.);
#5850=ORIENTED_EDGE('',*,*,#4193,.F.);
#5851=ORIENTED_EDGE('',*,*,#4197,.T.);
#5852=ORIENTED_EDGE('',*,*,#4198,.F.);
#5853=ORIENTED_EDGE('',*,*,#4199,.T.);
#5854=ORIENTED_EDGE('',*,*,#4200,.F.);
#5855=ORIENTED_EDGE('',*,*,#4201,.T.);
#5856=ORIENTED_EDGE('',*,*,#4202,.F.);
#5857=ORIENTED_EDGE('',*,*,#4203,.T.);
#5858=ORIENTED_EDGE('',*,*,#4204,.F.);
#5859=ORIENTED_EDGE('',*,*,#4205,.T.);
#5860=ORIENTED_EDGE('',*,*,#4206,.T.);
#5861=ORIENTED_EDGE('',*,*,#4207,.T.);
#5862=ORIENTED_EDGE('',*,*,#4187,.F.);
#5863=ORIENTED_EDGE('',*,*,#4208,.T.);
#5864=ORIENTED_EDGE('',*,*,#4209,.T.);
#5865=ORIENTED_EDGE('',*,*,#4210,.T.);
#5866=ORIENTED_EDGE('',*,*,#4189,.F.);
#5867=ORIENTED_EDGE('',*,*,#4211,.T.);
#5868=ORIENTED_EDGE('',*,*,#4212,.T.);
#5869=ORIENTED_EDGE('',*,*,#4213,.T.);
#5870=ORIENTED_EDGE('',*,*,#4183,.F.);
#5871=ORIENTED_EDGE('',*,*,#4214,.T.);
#5872=ORIENTED_EDGE('',*,*,#4215,.T.);
#5873=ORIENTED_EDGE('',*,*,#4216,.T.);
#5874=ORIENTED_EDGE('',*,*,#4185,.F.);
#5875=ORIENTED_EDGE('',*,*,#4214,.F.);
#5876=ORIENTED_EDGE('',*,*,#4184,.T.);
#5877=ORIENTED_EDGE('',*,*,#4213,.F.);
#5878=ORIENTED_EDGE('',*,*,#4211,.F.);
#5879=ORIENTED_EDGE('',*,*,#4190,.T.);
#5880=ORIENTED_EDGE('',*,*,#4210,.F.);
#5881=ORIENTED_EDGE('',*,*,#4208,.F.);
#5882=ORIENTED_EDGE('',*,*,#4188,.T.);
#5883=ORIENTED_EDGE('',*,*,#4207,.F.);
#5884=ORIENTED_EDGE('',*,*,#4205,.F.);
#5885=ORIENTED_EDGE('',*,*,#4186,.T.);
#5886=ORIENTED_EDGE('',*,*,#4216,.F.);
#5887=ORIENTED_EDGE('',*,*,#4206,.F.);
#5888=ORIENTED_EDGE('',*,*,#4215,.F.);
#5889=ORIENTED_EDGE('',*,*,#4212,.F.);
#5890=ORIENTED_EDGE('',*,*,#4209,.F.);
#5891=ORIENTED_EDGE('',*,*,#4217,.F.);
#5892=ORIENTED_EDGE('',*,*,#4218,.T.);
#5893=ORIENTED_EDGE('',*,*,#4219,.F.);
#5894=ORIENTED_EDGE('',*,*,#4218,.F.);
#5895=ORIENTED_EDGE('',*,*,#4217,.T.);
#5896=ORIENTED_EDGE('',*,*,#4220,.F.);
#5897=ORIENTED_EDGE('',*,*,#4221,.T.);
#5898=ORIENTED_EDGE('',*,*,#4222,.F.);
#5899=ORIENTED_EDGE('',*,*,#4221,.F.);
#5900=ORIENTED_EDGE('',*,*,#4220,.T.);
#5901=ORIENTED_EDGE('',*,*,#4223,.F.);
#5902=ORIENTED_EDGE('',*,*,#4224,.T.);
#5903=ORIENTED_EDGE('',*,*,#4225,.F.);
#5904=ORIENTED_EDGE('',*,*,#4224,.F.);
#5905=ORIENTED_EDGE('',*,*,#4223,.T.);
#5906=ORIENTED_EDGE('',*,*,#4226,.F.);
#5907=ORIENTED_EDGE('',*,*,#4227,.T.);
#5908=ORIENTED_EDGE('',*,*,#4194,.F.);
#5909=ORIENTED_EDGE('',*,*,#4227,.F.);
#5910=ORIENTED_EDGE('',*,*,#4226,.T.);
#5911=ORIENTED_EDGE('',*,*,#4228,.T.);
#5912=ORIENTED_EDGE('',*,*,#4229,.T.);
#5913=ORIENTED_EDGE('',*,*,#4229,.F.);
#5914=ORIENTED_EDGE('',*,*,#4230,.F.);
#5915=ORIENTED_EDGE('',*,*,#4231,.T.);
#5916=ORIENTED_EDGE('',*,*,#4228,.F.);
#5917=ORIENTED_EDGE('',*,*,#4231,.F.);
#5918=ORIENTED_EDGE('',*,*,#4232,.T.);
#5919=ORIENTED_EDGE('',*,*,#4233,.T.);
#5920=ORIENTED_EDGE('',*,*,#4233,.F.);
#5921=ORIENTED_EDGE('',*,*,#4234,.F.);
#5922=ORIENTED_EDGE('',*,*,#4235,.T.);
#5923=ORIENTED_EDGE('',*,*,#4232,.F.);
#5924=ORIENTED_EDGE('',*,*,#4235,.F.);
#5925=ORIENTED_EDGE('',*,*,#4236,.T.);
#5926=ORIENTED_EDGE('',*,*,#4237,.T.);
#5927=ORIENTED_EDGE('',*,*,#4200,.T.);
#5928=ORIENTED_EDGE('',*,*,#4238,.T.);
#5929=ORIENTED_EDGE('',*,*,#4237,.F.);
#5930=ORIENTED_EDGE('',*,*,#4239,.F.);
#5931=ORIENTED_EDGE('',*,*,#4240,.F.);
#5932=ORIENTED_EDGE('',*,*,#4201,.F.);
#5933=ORIENTED_EDGE('',*,*,#4236,.F.);
#5934=ORIENTED_EDGE('',*,*,#4241,.T.);
#5935=ORIENTED_EDGE('',*,*,#4242,.F.);
#5936=ORIENTED_EDGE('',*,*,#4243,.T.);
#5937=ORIENTED_EDGE('',*,*,#4244,.F.);
#5938=ORIENTED_EDGE('',*,*,#4245,.T.);
#5939=ORIENTED_EDGE('',*,*,#4246,.F.);
#5940=ORIENTED_EDGE('',*,*,#4239,.T.);
#5941=ORIENTED_EDGE('',*,*,#4159,.T.);
#5942=ORIENTED_EDGE('',*,*,#4163,.T.);
#5943=ORIENTED_EDGE('',*,*,#4230,.T.);
#5944=ORIENTED_EDGE('',*,*,#4234,.T.);
#5945=ORIENTED_EDGE('',*,*,#4242,.T.);
#5946=ORIENTED_EDGE('',*,*,#4247,.T.);
#5947=ORIENTED_EDGE('',*,*,#4198,.T.);
#5948=ORIENTED_EDGE('',*,*,#4248,.T.);
#5949=ORIENTED_EDGE('',*,*,#4248,.F.);
#5950=ORIENTED_EDGE('',*,*,#4197,.F.);
#5951=ORIENTED_EDGE('',*,*,#4249,.F.);
#5952=ORIENTED_EDGE('',*,*,#4243,.F.);
#5953=ORIENTED_EDGE('',*,*,#4244,.T.);
#5954=ORIENTED_EDGE('',*,*,#4249,.T.);
#5955=ORIENTED_EDGE('',*,*,#4204,.T.);
#5956=ORIENTED_EDGE('',*,*,#4250,.T.);
#5957=ORIENTED_EDGE('',*,*,#4246,.T.);
#5958=ORIENTED_EDGE('',*,*,#4251,.T.);
#5959=ORIENTED_EDGE('',*,*,#4202,.T.);
#5960=ORIENTED_EDGE('',*,*,#4240,.T.);
#5961=ORIENTED_EDGE('',*,*,#4238,.F.);
#5962=ORIENTED_EDGE('',*,*,#4199,.F.);
#5963=ORIENTED_EDGE('',*,*,#4247,.F.);
#5964=ORIENTED_EDGE('',*,*,#4241,.F.);
#5965=ORIENTED_EDGE('',*,*,#4250,.F.);
#5966=ORIENTED_EDGE('',*,*,#4203,.F.);
#5967=ORIENTED_EDGE('',*,*,#4251,.F.);
#5968=ORIENTED_EDGE('',*,*,#4245,.F.);
#5969=ORIENTED_EDGE('',*,*,#4167,.F.);
#5970=ORIENTED_EDGE('',*,*,#4173,.T.);
#5971=ORIENTED_EDGE('',*,*,#4179,.F.);
#5972=ORIENTED_EDGE('',*,*,#4182,.F.);
#5973=ORIENTED_EDGE('',*,*,#4196,.F.);
#5974=ORIENTED_EDGE('',*,*,#4252,.T.);
#5975=ORIENTED_EDGE('',*,*,#4219,.T.);
#5976=ORIENTED_EDGE('',*,*,#4222,.T.);
#5977=ORIENTED_EDGE('',*,*,#4225,.T.);
#5978=ORIENTED_EDGE('',*,*,#4168,.F.);
#5979=ORIENTED_EDGE('',*,*,#4252,.F.);
#5980=ORIENTED_EDGE('',*,*,#4195,.F.);
#5981=ORIENTED_EDGE('',*,*,#4174,.F.);
#5982=ORIENTED_EDGE('',*,*,#4253,.T.);
#5983=ORIENTED_EDGE('',*,*,#4254,.T.);
#5984=ORIENTED_EDGE('',*,*,#4255,.T.);
#5985=ORIENTED_EDGE('',*,*,#4256,.T.);
#5986=ORIENTED_EDGE('',*,*,#4254,.F.);
#5987=ORIENTED_EDGE('',*,*,#4257,.F.);
#5988=ORIENTED_EDGE('',*,*,#4258,.T.);
#5989=ORIENTED_EDGE('',*,*,#4259,.F.);
#5990=ORIENTED_EDGE('',*,*,#4260,.F.);
#5991=ORIENTED_EDGE('',*,*,#4253,.F.);
#5992=ORIENTED_EDGE('',*,*,#4261,.T.);
#5993=ORIENTED_EDGE('',*,*,#4262,.F.);
#5994=ORIENTED_EDGE('',*,*,#4263,.T.);
#5995=ORIENTED_EDGE('',*,*,#4257,.T.);
#5996=ORIENTED_EDGE('',*,*,#4264,.T.);
#5997=ORIENTED_EDGE('',*,*,#4265,.T.);
#5998=ORIENTED_EDGE('',*,*,#4266,.T.);
#5999=ORIENTED_EDGE('',*,*,#4267,.T.);
#6000=ORIENTED_EDGE('',*,*,#4268,.T.);
#6001=ORIENTED_EDGE('',*,*,#4269,.T.);
#6002=ORIENTED_EDGE('',*,*,#4266,.F.);
#6003=ORIENTED_EDGE('',*,*,#4270,.T.);
#6004=ORIENTED_EDGE('',*,*,#4271,.T.);
#6005=ORIENTED_EDGE('',*,*,#4272,.T.);
#6006=ORIENTED_EDGE('',*,*,#4273,.T.);
#6007=ORIENTED_EDGE('',*,*,#4265,.F.);
#6008=ORIENTED_EDGE('',*,*,#4274,.F.);
#6009=ORIENTED_EDGE('',*,*,#4275,.F.);
#6010=ORIENTED_EDGE('',*,*,#4270,.F.);
#6011=ORIENTED_EDGE('',*,*,#4264,.F.);
#6012=ORIENTED_EDGE('',*,*,#4276,.T.);
#6013=ORIENTED_EDGE('',*,*,#4277,.T.);
#6014=ORIENTED_EDGE('',*,*,#4278,.T.);
#6015=ORIENTED_EDGE('',*,*,#4274,.T.);
#6016=ORIENTED_EDGE('',*,*,#4279,.F.);
#6017=ORIENTED_EDGE('',*,*,#4280,.F.);
#6018=ORIENTED_EDGE('',*,*,#4281,.F.);
#6019=ORIENTED_EDGE('',*,*,#4282,.F.);
#6020=ORIENTED_EDGE('',*,*,#4283,.F.);
#6021=ORIENTED_EDGE('',*,*,#4278,.F.);
#6022=ORIENTED_EDGE('',*,*,#4284,.F.);
#6023=ORIENTED_EDGE('',*,*,#4271,.F.);
#6024=ORIENTED_EDGE('',*,*,#4285,.F.);
#6025=ORIENTED_EDGE('',*,*,#4283,.T.);
#6026=ORIENTED_EDGE('',*,*,#4286,.T.);
#6027=ORIENTED_EDGE('',*,*,#4285,.T.);
#6028=ORIENTED_EDGE('',*,*,#4275,.T.);
#6029=ORIENTED_EDGE('',*,*,#4287,.F.);
#6030=ORIENTED_EDGE('',*,*,#4288,.F.);
#6031=ORIENTED_EDGE('',*,*,#4289,.F.);
#6032=ORIENTED_EDGE('',*,*,#4290,.T.);
#6033=ORIENTED_EDGE('',*,*,#4291,.T.);
#6034=ORIENTED_EDGE('',*,*,#4292,.T.);
#6035=ORIENTED_EDGE('',*,*,#4293,.T.);
#6036=ORIENTED_EDGE('',*,*,#4294,.T.);
#6037=ORIENTED_EDGE('',*,*,#4255,.F.);
#6038=ORIENTED_EDGE('',*,*,#4260,.T.);
#6039=ORIENTED_EDGE('',*,*,#4295,.T.);
#6040=ORIENTED_EDGE('',*,*,#4296,.T.);
#6041=ORIENTED_EDGE('',*,*,#4297,.T.);
#6042=ORIENTED_EDGE('',*,*,#4292,.F.);
#6043=ORIENTED_EDGE('',*,*,#4298,.T.);
#6044=ORIENTED_EDGE('',*,*,#4299,.T.);
#6045=ORIENTED_EDGE('',*,*,#4288,.T.);
#6046=ORIENTED_EDGE('',*,*,#4300,.T.);
#6047=ORIENTED_EDGE('',*,*,#4294,.F.);
#6048=ORIENTED_EDGE('',*,*,#4289,.T.);
#6049=ORIENTED_EDGE('',*,*,#4301,.T.);
#6050=ORIENTED_EDGE('',*,*,#4284,.T.);
#6051=ORIENTED_EDGE('',*,*,#4302,.T.);
#6052=ORIENTED_EDGE('',*,*,#4303,.T.);
#6053=ORIENTED_EDGE('',*,*,#4304,.T.);
#6054=ORIENTED_EDGE('',*,*,#4287,.T.);
#6055=ORIENTED_EDGE('',*,*,#4305,.T.);
#6056=ORIENTED_EDGE('',*,*,#4306,.T.);
#6057=ORIENTED_EDGE('',*,*,#4282,.T.);
#6058=ORIENTED_EDGE('',*,*,#4307,.T.);
#6059=ORIENTED_EDGE('',*,*,#4308,.T.);
#6060=ORIENTED_EDGE('',*,*,#4309,.T.);
#6061=ORIENTED_EDGE('',*,*,#4280,.T.);
#6062=ORIENTED_EDGE('',*,*,#4310,.T.);
#6063=ORIENTED_EDGE('',*,*,#4308,.F.);
#6064=ORIENTED_EDGE('',*,*,#4311,.T.);
#6065=ORIENTED_EDGE('',*,*,#4312,.T.);
#6066=ORIENTED_EDGE('',*,*,#4281,.T.);
#6067=ORIENTED_EDGE('',*,*,#4313,.T.);
#6068=ORIENTED_EDGE('',*,*,#4314,.T.);
#6069=ORIENTED_EDGE('',*,*,#4279,.T.);
#6070=ORIENTED_EDGE('',*,*,#4315,.T.);
#6071=ORIENTED_EDGE('',*,*,#4262,.T.);
#6072=ORIENTED_EDGE('',*,*,#4316,.T.);
#6073=ORIENTED_EDGE('',*,*,#4290,.F.);
#6074=ORIENTED_EDGE('',*,*,#4300,.F.);
#6075=ORIENTED_EDGE('',*,*,#4304,.F.);
#6076=ORIENTED_EDGE('',*,*,#4317,.T.);
#6077=ORIENTED_EDGE('',*,*,#4318,.T.);
#6078=ORIENTED_EDGE('',*,*,#4303,.F.);
#6079=ORIENTED_EDGE('',*,*,#4319,.F.);
#6080=ORIENTED_EDGE('',*,*,#4320,.F.);
#6081=ORIENTED_EDGE('',*,*,#4321,.T.);
#6082=ORIENTED_EDGE('',*,*,#4317,.F.);
#6083=ORIENTED_EDGE('',*,*,#4305,.F.);
#6084=ORIENTED_EDGE('',*,*,#4302,.F.);
#6085=ORIENTED_EDGE('',*,*,#4286,.F.);
#6086=ORIENTED_EDGE('',*,*,#4306,.F.);
#6087=ORIENTED_EDGE('',*,*,#4322,.F.);
#6088=ORIENTED_EDGE('',*,*,#4319,.T.);
#6089=ORIENTED_EDGE('',*,*,#4310,.F.);
#6090=ORIENTED_EDGE('',*,*,#4314,.F.);
#6091=ORIENTED_EDGE('',*,*,#4323,.T.);
#6092=ORIENTED_EDGE('',*,*,#4320,.T.);
#6093=ORIENTED_EDGE('',*,*,#4322,.T.);
#6094=ORIENTED_EDGE('',*,*,#4256,.F.);
#6095=ORIENTED_EDGE('',*,*,#4298,.F.);
#6096=ORIENTED_EDGE('',*,*,#4291,.F.);
#6097=ORIENTED_EDGE('',*,*,#4318,.F.);
#6098=ORIENTED_EDGE('',*,*,#4321,.F.);
#6099=ORIENTED_EDGE('',*,*,#4323,.F.);
#6100=ORIENTED_EDGE('',*,*,#4316,.F.);
#6101=ORIENTED_EDGE('',*,*,#4261,.F.);
#6102=ORIENTED_EDGE('',*,*,#4263,.F.);
#6103=ORIENTED_EDGE('',*,*,#4315,.F.);
#6104=ORIENTED_EDGE('',*,*,#4312,.F.);
#6105=ORIENTED_EDGE('',*,*,#4324,.F.);
#6106=ORIENTED_EDGE('',*,*,#4325,.F.);
#6107=ORIENTED_EDGE('',*,*,#4258,.F.);
#6108=ORIENTED_EDGE('',*,*,#4269,.F.);
#6109=ORIENTED_EDGE('',*,*,#4326,.T.);
#6110=ORIENTED_EDGE('',*,*,#4327,.T.);
#6111=ORIENTED_EDGE('',*,*,#4328,.T.);
#6112=ORIENTED_EDGE('',*,*,#4324,.T.);
#6113=ORIENTED_EDGE('',*,*,#4311,.F.);
#6114=ORIENTED_EDGE('',*,*,#4329,.T.);
#6115=ORIENTED_EDGE('',*,*,#4276,.F.);
#6116=ORIENTED_EDGE('',*,*,#4325,.T.);
#6117=ORIENTED_EDGE('',*,*,#4328,.F.);
#6118=ORIENTED_EDGE('',*,*,#4330,.T.);
#6119=ORIENTED_EDGE('',*,*,#4331,.T.);
#6120=ORIENTED_EDGE('',*,*,#4295,.F.);
#6121=ORIENTED_EDGE('',*,*,#4259,.T.);
#6122=ORIENTED_EDGE('',*,*,#4331,.F.);
#6123=ORIENTED_EDGE('',*,*,#4332,.T.);
#6124=ORIENTED_EDGE('',*,*,#4333,.T.);
#6125=ORIENTED_EDGE('',*,*,#4267,.F.);
#6126=ORIENTED_EDGE('',*,*,#4273,.F.);
#6127=ORIENTED_EDGE('',*,*,#4334,.T.);
#6128=ORIENTED_EDGE('',*,*,#4335,.T.);
#6129=ORIENTED_EDGE('',*,*,#4336,.T.);
#6130=ORIENTED_EDGE('',*,*,#4337,.T.);
#6131=ORIENTED_EDGE('',*,*,#4338,.T.);
#6132=ORIENTED_EDGE('',*,*,#4296,.F.);
#6133=ORIENTED_EDGE('',*,*,#4333,.F.);
#6134=ORIENTED_EDGE('',*,*,#4339,.T.);
#6135=ORIENTED_EDGE('',*,*,#4336,.F.);
#6136=ORIENTED_EDGE('',*,*,#4340,.T.);
#6137=ORIENTED_EDGE('',*,*,#4277,.F.);
#6138=ORIENTED_EDGE('',*,*,#4329,.F.);
#6139=ORIENTED_EDGE('',*,*,#4313,.F.);
#6140=ORIENTED_EDGE('',*,*,#4309,.F.);
#6141=ORIENTED_EDGE('',*,*,#4307,.F.);
#6142=ORIENTED_EDGE('',*,*,#4268,.F.);
#6143=ORIENTED_EDGE('',*,*,#4338,.F.);
#6144=ORIENTED_EDGE('',*,*,#4341,.F.);
#6145=ORIENTED_EDGE('',*,*,#4326,.F.);
#6146=ORIENTED_EDGE('',*,*,#4297,.F.);
#6147=ORIENTED_EDGE('',*,*,#4340,.F.);
#6148=ORIENTED_EDGE('',*,*,#4335,.F.);
#6149=ORIENTED_EDGE('',*,*,#4342,.F.);
#6150=ORIENTED_EDGE('',*,*,#4293,.F.);
#6151=ORIENTED_EDGE('',*,*,#4327,.F.);
#6152=ORIENTED_EDGE('',*,*,#4341,.T.);
#6153=ORIENTED_EDGE('',*,*,#4337,.F.);
#6154=ORIENTED_EDGE('',*,*,#4343,.T.);
#6155=ORIENTED_EDGE('',*,*,#4330,.F.);
#6156=ORIENTED_EDGE('',*,*,#4343,.F.);
#6157=ORIENTED_EDGE('',*,*,#4339,.F.);
#6158=ORIENTED_EDGE('',*,*,#4332,.F.);
#6159=ORIENTED_EDGE('',*,*,#4299,.F.);
#6160=ORIENTED_EDGE('',*,*,#4342,.T.);
#6161=ORIENTED_EDGE('',*,*,#4334,.F.);
#6162=ORIENTED_EDGE('',*,*,#4272,.F.);
#6163=ORIENTED_EDGE('',*,*,#4301,.F.);
#6164=ORIENTED_EDGE('',*,*,#4344,.F.);
#6165=ORIENTED_EDGE('',*,*,#4345,.F.);
#6166=ORIENTED_EDGE('',*,*,#4346,.T.);
#6167=ORIENTED_EDGE('',*,*,#4344,.T.);
#6168=ORIENTED_EDGE('',*,*,#4346,.F.);
#6169=ORIENTED_EDGE('',*,*,#4347,.F.);
#6170=ORIENTED_EDGE('',*,*,#4348,.T.);
#6171=ORIENTED_EDGE('',*,*,#4345,.T.);
#6172=ORIENTED_EDGE('',*,*,#4348,.F.);
#6173=ORIENTED_EDGE('',*,*,#4349,.F.);
#6174=ORIENTED_EDGE('',*,*,#4350,.T.);
#6175=ORIENTED_EDGE('',*,*,#4347,.T.);
#6176=ORIENTED_EDGE('',*,*,#4350,.F.);
#6177=ORIENTED_EDGE('',*,*,#4351,.F.);
#6178=ORIENTED_EDGE('',*,*,#4352,.T.);
#6179=ORIENTED_EDGE('',*,*,#4349,.T.);
#6180=ORIENTED_EDGE('',*,*,#4352,.F.);
#6181=ORIENTED_EDGE('',*,*,#4353,.F.);
#6182=ORIENTED_EDGE('',*,*,#4354,.T.);
#6183=ORIENTED_EDGE('',*,*,#4351,.T.);
#6184=ORIENTED_EDGE('',*,*,#4354,.F.);
#6185=ORIENTED_EDGE('',*,*,#4355,.F.);
#6186=ORIENTED_EDGE('',*,*,#4356,.T.);
#6187=ORIENTED_EDGE('',*,*,#4353,.T.);
#6188=ORIENTED_EDGE('',*,*,#4356,.F.);
#6189=ORIENTED_EDGE('',*,*,#4357,.F.);
#6190=ORIENTED_EDGE('',*,*,#4358,.T.);
#6191=ORIENTED_EDGE('',*,*,#4355,.T.);
#6192=ORIENTED_EDGE('',*,*,#4358,.F.);
#6193=ORIENTED_EDGE('',*,*,#4357,.T.);
#6194=ORIENTED_EDGE('',*,*,#4359,.F.);
#6195=ORIENTED_EDGE('',*,*,#4360,.F.);
#6196=ORIENTED_EDGE('',*,*,#4361,.T.);
#6197=ORIENTED_EDGE('',*,*,#4359,.T.);
#6198=ORIENTED_EDGE('',*,*,#4361,.F.);
#6199=ORIENTED_EDGE('',*,*,#4360,.T.);
#6200=ORIENTED_EDGE('',*,*,#4362,.F.);
#6201=ORIENTED_EDGE('',*,*,#4363,.F.);
#6202=ORIENTED_EDGE('',*,*,#4364,.T.);
#6203=ORIENTED_EDGE('',*,*,#4362,.T.);
#6204=ORIENTED_EDGE('',*,*,#4364,.F.);
#6205=ORIENTED_EDGE('',*,*,#4365,.F.);
#6206=ORIENTED_EDGE('',*,*,#4363,.T.);
#6207=ORIENTED_EDGE('',*,*,#4366,.F.);
#6208=ORIENTED_EDGE('',*,*,#4367,.T.);
#6209=ORIENTED_EDGE('',*,*,#4365,.T.);
#6210=ORIENTED_EDGE('',*,*,#4367,.F.);
#6211=ORIENTED_EDGE('',*,*,#4366,.T.);
#6212=ORIENTED_EDGE('',*,*,#4368,.F.);
#6213=ORIENTED_EDGE('',*,*,#4369,.F.);
#6214=ORIENTED_EDGE('',*,*,#4370,.T.);
#6215=ORIENTED_EDGE('',*,*,#4368,.T.);
#6216=ORIENTED_EDGE('',*,*,#4370,.F.);
#6217=ORIENTED_EDGE('',*,*,#4369,.T.);
#6218=ORIENTED_EDGE('',*,*,#4371,.F.);
#6219=ORIENTED_EDGE('',*,*,#4372,.F.);
#6220=ORIENTED_EDGE('',*,*,#4373,.T.);
#6221=ORIENTED_EDGE('',*,*,#4371,.T.);
#6222=ORIENTED_EDGE('',*,*,#4373,.F.);
#6223=ORIENTED_EDGE('',*,*,#4374,.F.);
#6224=ORIENTED_EDGE('',*,*,#4372,.T.);
#6225=ORIENTED_EDGE('',*,*,#4375,.F.);
#6226=ORIENTED_EDGE('',*,*,#4376,.T.);
#6227=ORIENTED_EDGE('',*,*,#4374,.T.);
#6228=ORIENTED_EDGE('',*,*,#4376,.F.);
#6229=ORIENTED_EDGE('',*,*,#4375,.T.);
#6230=ORIENTED_EDGE('',*,*,#4377,.F.);
#6231=ORIENTED_EDGE('',*,*,#4378,.F.);
#6232=ORIENTED_EDGE('',*,*,#4379,.T.);
#6233=ORIENTED_EDGE('',*,*,#4377,.T.);
#6234=ORIENTED_EDGE('',*,*,#4379,.F.);
#6235=ORIENTED_EDGE('',*,*,#4378,.T.);
#6236=PLANE('',#7318);
#6237=PLANE('',#7319);
#6238=PLANE('',#7320);
#6239=PLANE('',#7321);
#6240=PLANE('',#7322);
#6241=PLANE('',#7323);
#6242=PLANE('',#7324);
#6243=PLANE('',#7325);
#6244=PLANE('',#7326);
#6245=PLANE('',#7327);
#6246=PLANE('',#7328);
#6247=PLANE('',#7329);
#6248=PLANE('',#7330);
#6249=PLANE('',#7331);
#6250=PLANE('',#7332);
#6251=PLANE('',#7333);
#6252=PLANE('',#7334);
#6253=PLANE('',#7335);
#6254=PLANE('',#7336);
#6255=PLANE('',#7337);
#6256=PLANE('',#7338);
#6257=PLANE('',#7339);
#6258=PLANE('',#7340);
#6259=PLANE('',#7341);
#6260=PLANE('',#7342);
#6261=PLANE('',#7343);
#6262=PLANE('',#7344);
#6263=PLANE('',#7345);
#6264=PLANE('',#7346);
#6265=PLANE('',#7347);
#6266=PLANE('',#7348);
#6267=PLANE('',#7349);
#6268=PLANE('',#7350);
#6269=PLANE('',#7351);
#6270=PLANE('',#7352);
#6271=PLANE('',#7353);
#6272=PLANE('',#7355);
#6273=PLANE('',#7359);
#6274=PLANE('',#7361);
#6275=PLANE('',#7362);
#6276=PLANE('',#7363);
#6277=PLANE('',#7364);
#6278=PLANE('',#7365);
#6279=PLANE('',#7366);
#6280=PLANE('',#7367);
#6281=PLANE('',#7368);
#6282=PLANE('',#7376);
#6283=PLANE('',#7377);
#6284=PLANE('',#7378);
#6285=PLANE('',#7379);
#6286=PLANE('',#7380);
#6287=PLANE('',#7381);
#6288=PLANE('',#7382);
#6289=PLANE('',#7383);
#6290=PLANE('',#7384);
#6291=PLANE('',#7385);
#6292=PLANE('',#7386);
#6293=PLANE('',#7387);
#6294=PLANE('',#7388);
#6295=PLANE('',#7389);
#6296=PLANE('',#7390);
#6297=PLANE('',#7391);
#6298=PLANE('',#7392);
#6299=PLANE('',#7393);
#6300=PLANE('',#7394);
#6301=PLANE('',#7395);
#6302=PLANE('',#7396);
#6303=PLANE('',#7397);
#6304=PLANE('',#7398);
#6305=PLANE('',#7399);
#6306=PLANE('',#7400);
#6307=PLANE('',#7401);
#6308=PLANE('',#7402);
#6309=PLANE('',#7403);
#6310=PLANE('',#7404);
#6311=PLANE('',#7405);
#6312=PLANE('',#7406);
#6313=PLANE('',#7407);
#6314=PLANE('',#7408);
#6315=PLANE('',#7409);
#6316=PLANE('',#7410);
#6317=PLANE('',#7411);
#6318=PLANE('',#7412);
#6319=PLANE('',#7413);
#6320=PLANE('',#7414);
#6321=PLANE('',#7415);
#6322=PLANE('',#7421);
#6323=PLANE('',#7422);
#6324=PLANE('',#7423);
#6325=PLANE('',#7424);
#6326=PLANE('',#7425);
#6327=PLANE('',#7426);
#6328=PLANE('',#7427);
#6329=PLANE('',#7428);
#6330=PLANE('',#7429);
#6331=PLANE('',#7430);
#6332=PLANE('',#7431);
#6333=PLANE('',#7432);
#6334=PLANE('',#7433);
#6335=PLANE('',#7436);
#6336=PLANE('',#7437);
#6337=PLANE('',#7438);
#6338=PLANE('',#7439);
#6339=PLANE('',#7440);
#6340=PLANE('',#7441);
#6341=PLANE('',#7443);
#6342=PLANE('',#7444);
#6343=PLANE('',#7445);
#6344=PLANE('',#7449);
#6345=PLANE('',#7451);
#6346=PLANE('',#7454);
#6347=PLANE('',#7456);
#6348=PLANE('',#7457);
#6349=PLANE('',#7459);
#6350=PLANE('',#7461);
#6351=PLANE('',#7463);
#6352=PLANE('',#7465);
#6353=PLANE('',#7469);
#6354=PLANE('',#7471);
#6355=PLANE('',#7473);
#6356=PLANE('',#7475);
#6357=PLANE('',#7477);
#6358=PLANE('',#7482);
#6359=PLANE('',#7483);
#6360=PLANE('',#7485);
#6361=PLANE('',#7486);
#6362=PLANE('',#7487);
#6363=PLANE('',#7488);
#6364=PLANE('',#7492);
#6365=PLANE('',#7496);
#6366=PLANE('',#7497);
#6367=PLANE('',#7498);
#6368=PLANE('',#7499);
#6369=PLANE('',#7500);
#6370=PLANE('',#7501);
#6371=PLANE('',#7508);
#6372=PLANE('',#7509);
#6373=PLANE('',#7510);
#6374=PLANE('',#7511);
#6375=PLANE('',#7512);
#6376=PLANE('',#7513);
#6377=PLANE('',#7514);
#6378=PLANE('',#7516);
#6379=PLANE('',#7517);
#6380=PLANE('',#7518);
#6381=PLANE('',#7519);
#6382=PLANE('',#7520);
#6383=PLANE('',#7521);
#6384=PLANE('',#7522);
#6385=PLANE('',#7523);
#6386=PLANE('',#7524);
#6387=PLANE('',#7525);
#6388=PLANE('',#7526);
#6389=PLANE('',#7527);
#6390=PLANE('',#7528);
#6391=PLANE('',#7529);
#6392=PLANE('',#7530);
#6393=PLANE('',#7531);
#6394=PLANE('',#7532);
#6395=PLANE('',#7533);
#6396=PLANE('',#7534);
#6397=PLANE('',#7535);
#6398=PLANE('',#7536);
#6399=PLANE('',#7537);
#6400=PLANE('',#7538);
#6401=PLANE('',#7539);
#6402=PLANE('',#7540);
#6403=PLANE('',#7541);
#6404=PLANE('',#7543);
#6405=PLANE('',#7544);
#6406=PLANE('',#7545);
#6407=PLANE('',#7546);
#6408=PLANE('',#7547);
#6409=PLANE('',#7548);
#6410=PLANE('',#7549);
#6411=PLANE('',#7550);
#6412=PLANE('',#7551);
#6413=PLANE('',#7552);
#6414=PLANE('',#7553);
#6415=PLANE('',#7554);
#6416=PLANE('',#7555);
#6417=PLANE('',#7556);
#6418=PLANE('',#7557);
#6419=PLANE('',#7558);
#6420=PLANE('',#7559);
#6421=PLANE('',#7560);
#6422=PLANE('',#7561);
#6423=PLANE('',#7562);
#6424=PLANE('',#7563);
#6425=PLANE('',#7564);
#6426=PLANE('',#7565);
#6427=PLANE('',#7566);
#6428=PLANE('',#7567);
#6429=PLANE('',#7568);
#6430=PLANE('',#7570);
#6431=PLANE('',#7571);
#6432=PLANE('',#7572);
#6433=PLANE('',#7573);
#6434=PLANE('',#7574);
#6435=PLANE('',#7575);
#6436=PLANE('',#7576);
#6437=PLANE('',#7577);
#6438=PLANE('',#7578);
#6439=PLANE('',#7579);
#6440=PLANE('',#7580);
#6441=PLANE('',#7581);
#6442=PLANE('',#7582);
#6443=PLANE('',#7583);
#6444=PLANE('',#7584);
#6445=PLANE('',#7585);
#6446=PLANE('',#7586);
#6447=PLANE('',#7587);
#6448=PLANE('',#7588);
#6449=PLANE('',#7589);
#6450=PLANE('',#7590);
#6451=PLANE('',#7591);
#6452=PLANE('',#7592);
#6453=PLANE('',#7593);
#6454=PLANE('',#7594);
#6455=PLANE('',#7595);
#6456=PLANE('',#7601);
#6457=PLANE('',#7602);
#6458=PLANE('',#7608);
#6459=PLANE('',#7609);
#6460=PLANE('',#7612);
#6461=PLANE('',#7615);
#6462=PLANE('',#7616);
#6463=PLANE('',#7617);
#6464=PLANE('',#7622);
#6465=PLANE('',#7626);
#6466=PLANE('',#7627);
#6467=PLANE('',#7628);
#6468=PLANE('',#7629);
#6469=PLANE('',#7630);
#6470=PLANE('',#7631);
#6471=PLANE('',#7632);
#6472=PLANE('',#7637);
#6473=PLANE('',#7638);
#6474=PLANE('',#7640);
#6475=PLANE('',#7642);
#6476=PLANE('',#7643);
#6477=PLANE('',#7644);
#6478=PLANE('',#7647);
#6479=PLANE('',#7660);
#6480=PLANE('',#7668);
#6481=PLANE('',#7673);
#6482=PLANE('',#7676);
#6483=PLANE('',#7677);
#6484=PLANE('',#7678);
#6485=PLANE('',#7687);
#6486=PLANE('',#7689);
#6487=PLANE('',#7692);
#6488=PLANE('',#7694);
#6489=PLANE('',#7695);
#6490=PLANE('',#7696);
#6491=PLANE('',#7697);
#6492=PLANE('',#7698);
#6493=PLANE('',#7704);
#6494=PLANE('',#7705);
#6495=PLANE('',#7708);
#6496=PLANE('',#7709);
#6497=PLANE('',#7713);
#6498=PLANE('',#7714);
#6499=PLANE('',#7715);
#6500=PLANE('',#7718);
#6501=PLANE('',#7719);
#6502=PLANE('',#7720);
#6503=PLANE('',#7734);
#6504=PLANE('',#7735);
#6505=PLANE('',#7739);
#6506=PLANE('',#7744);
#6507=PLANE('',#7745);
#6508=PLANE('',#7747);
#6509=PLANE('',#7752);
#6510=PLANE('',#7753);
#6511=PLANE('',#7754);
#6512=PLANE('',#7755);
#6513=PLANE('',#7760);
#6514=PLANE('',#7764);
#6515=PLANE('',#7768);
#6516=PLANE('',#7772);
#6517=PLANE('',#7775);
#6518=PLANE('',#7786);
#6519=PLANE('',#7787);
#6520=PLANE('',#7792);
#6521=PLANE('',#7795);
#6522=PLANE('',#7796);
#6523=PLANE('',#7797);
#6524=PLANE('',#7798);
#6525=PLANE('',#7803);
#6526=PLANE('',#7813);
#6527=PLANE('',#7846);
#6528=PLANE('',#7850);
#6529=PLANE('',#7851);
#6530=PLANE('',#7852);
#6531=PLANE('',#7853);
#6532=PLANE('',#7865);
#6533=PLANE('',#7866);
#6534=PLANE('',#7867);
#6535=PLANE('',#7869);
#6536=PLANE('',#7870);
#6537=PLANE('',#7872);
#6538=PLANE('',#7888);
#6539=PLANE('',#7892);
#6540=PLANE('',#7896);
#6541=PLANE('',#7900);
#6542=PLANE('',#7904);
#6543=PLANE('',#7908);
#6544=PLANE('',#7912);
#6545=PLANE('',#7916);
#6546=ADVANCED_FACE('',(#538),#6236,.F.);
#6547=ADVANCED_FACE('',(#539),#6237,.F.);
#6548=ADVANCED_FACE('',(#540),#6238,.T.);
#6549=ADVANCED_FACE('',(#541),#6239,.T.);
#6550=ADVANCED_FACE('',(#542),#6240,.T.);
#6551=ADVANCED_FACE('',(#543),#6241,.T.);
#6552=ADVANCED_FACE('',(#544),#6242,.T.);
#6553=ADVANCED_FACE('',(#545),#6243,.T.);
#6554=ADVANCED_FACE('',(#546),#6244,.T.);
#6555=ADVANCED_FACE('',(#547),#6245,.T.);
#6556=ADVANCED_FACE('',(#548),#6246,.T.);
#6557=ADVANCED_FACE('',(#549),#6247,.T.);
#6558=ADVANCED_FACE('',(#550),#6248,.T.);
#6559=ADVANCED_FACE('',(#551),#6249,.T.);
#6560=ADVANCED_FACE('',(#552),#6250,.T.);
#6561=ADVANCED_FACE('',(#553),#6251,.T.);
#6562=ADVANCED_FACE('',(#554),#6252,.T.);
#6563=ADVANCED_FACE('',(#555),#6253,.T.);
#6564=ADVANCED_FACE('',(#556),#6254,.T.);
#6565=ADVANCED_FACE('',(#557),#6255,.T.);
#6566=ADVANCED_FACE('',(#558),#6256,.F.);
#6567=ADVANCED_FACE('',(#559),#6257,.F.);
#6568=ADVANCED_FACE('',(#560),#6258,.F.);
#6569=ADVANCED_FACE('',(#561),#6259,.T.);
#6570=ADVANCED_FACE('',(#562),#6260,.T.);
#6571=ADVANCED_FACE('',(#563),#6261,.T.);
#6572=ADVANCED_FACE('',(#564),#6262,.T.);
#6573=ADVANCED_FACE('',(#565),#6263,.T.);
#6574=ADVANCED_FACE('',(#566),#6264,.F.);
#6575=ADVANCED_FACE('',(#567),#6265,.F.);
#6576=ADVANCED_FACE('',(#568),#6266,.T.);
#6577=ADVANCED_FACE('',(#569),#6267,.T.);
#6578=ADVANCED_FACE('',(#570),#6268,.T.);
#6579=ADVANCED_FACE('',(#571),#6269,.F.);
#6580=ADVANCED_FACE('',(#572),#6270,.T.);
#6581=ADVANCED_FACE('',(#573),#6271,.T.);
#6582=ADVANCED_FACE('',(#574),#6272,.F.);
#6583=ADVANCED_FACE('',(#575),#234,.T.);
#6584=ADVANCED_FACE('',(#576),#6273,.T.);
#6585=ADVANCED_FACE('',(#577),#6274,.T.);
#6586=ADVANCED_FACE('',(#578),#6275,.T.);
#6587=ADVANCED_FACE('',(#579),#6276,.T.);
#6588=ADVANCED_FACE('',(#580),#6277,.T.);
#6589=ADVANCED_FACE('',(#581),#6278,.T.);
#6590=ADVANCED_FACE('',(#582),#6279,.T.);
#6591=ADVANCED_FACE('',(#583),#6280,.T.);
#6592=ADVANCED_FACE('',(#584),#6281,.T.);
#6593=ADVANCED_FACE('',(#585),#6282,.T.);
#6594=ADVANCED_FACE('',(#586),#6283,.T.);
#6595=ADVANCED_FACE('',(#587),#6284,.T.);
#6596=ADVANCED_FACE('',(#588),#6285,.T.);
#6597=ADVANCED_FACE('',(#589),#6286,.T.);
#6598=ADVANCED_FACE('',(#590),#6287,.T.);
#6599=ADVANCED_FACE('',(#591),#6288,.T.);
#6600=ADVANCED_FACE('',(#592),#6289,.T.);
#6601=ADVANCED_FACE('',(#593),#6290,.T.);
#6602=ADVANCED_FACE('',(#594),#6291,.T.);
#6603=ADVANCED_FACE('',(#595),#6292,.T.);
#6604=ADVANCED_FACE('',(#596),#6293,.T.);
#6605=ADVANCED_FACE('',(#597),#6294,.T.);
#6606=ADVANCED_FACE('',(#598),#6295,.T.);
#6607=ADVANCED_FACE('',(#599),#6296,.T.);
#6608=ADVANCED_FACE('',(#600),#6297,.T.);
#6609=ADVANCED_FACE('',(#601),#6298,.T.);
#6610=ADVANCED_FACE('',(#602),#6299,.T.);
#6611=ADVANCED_FACE('',(#603),#6300,.T.);
#6612=ADVANCED_FACE('',(#604),#6301,.T.);
#6613=ADVANCED_FACE('',(#605),#6302,.T.);
#6614=ADVANCED_FACE('',(#606),#6303,.T.);
#6615=ADVANCED_FACE('',(#607),#6304,.T.);
#6616=ADVANCED_FACE('',(#608),#6305,.T.);
#6617=ADVANCED_FACE('',(#609),#6306,.T.);
#6618=ADVANCED_FACE('',(#610),#6307,.T.);
#6619=ADVANCED_FACE('',(#611),#6308,.T.);
#6620=ADVANCED_FACE('',(#612),#6309,.T.);
#6621=ADVANCED_FACE('',(#613),#6310,.T.);
#6622=ADVANCED_FACE('',(#614),#6311,.T.);
#6623=ADVANCED_FACE('',(#615),#6312,.T.);
#6624=ADVANCED_FACE('',(#616),#6313,.T.);
#6625=ADVANCED_FACE('',(#617),#6314,.T.);
#6626=ADVANCED_FACE('',(#618),#6315,.T.);
#6627=ADVANCED_FACE('',(#619),#6316,.T.);
#6628=ADVANCED_FACE('',(#620),#6317,.T.);
#6629=ADVANCED_FACE('',(#621),#6318,.T.);
#6630=ADVANCED_FACE('',(#622),#6319,.T.);
#6631=ADVANCED_FACE('',(#623),#6320,.T.);
#6632=ADVANCED_FACE('',(#624,#87),#6321,.T.);
#6633=ADVANCED_FACE('',(#625),#6322,.T.);
#6634=ADVANCED_FACE('',(#626),#6323,.T.);
#6635=ADVANCED_FACE('',(#627),#6324,.T.);
#6636=ADVANCED_FACE('',(#628),#6325,.T.);
#6637=ADVANCED_FACE('',(#629),#6326,.T.);
#6638=ADVANCED_FACE('',(#630),#6327,.T.);
#6639=ADVANCED_FACE('',(#631),#6328,.T.);
#6640=ADVANCED_FACE('',(#632),#6329,.T.);
#6641=ADVANCED_FACE('',(#633),#6330,.T.);
#6642=ADVANCED_FACE('',(#634),#6331,.T.);
#6643=ADVANCED_FACE('',(#635),#6332,.T.);
#6644=ADVANCED_FACE('',(#636),#6333,.T.);
#6645=ADVANCED_FACE('',(#637),#6334,.T.);
#6646=ADVANCED_FACE('',(#638),#235,.T.);
#6647=ADVANCED_FACE('',(#639),#6335,.T.);
#6648=ADVANCED_FACE('',(#640),#6336,.T.);
#6649=ADVANCED_FACE('',(#641),#6337,.T.);
#6650=ADVANCED_FACE('',(#642),#6338,.T.);
#6651=ADVANCED_FACE('',(#643),#6339,.T.);
#6652=ADVANCED_FACE('',(#644),#6340,.F.);
#6653=ADVANCED_FACE('',(#645),#6341,.F.);
#6654=ADVANCED_FACE('',(#646),#6342,.F.);
#6655=ADVANCED_FACE('',(#647),#6343,.F.);
#6656=ADVANCED_FACE('',(#648),#6344,.F.);
#6657=ADVANCED_FACE('',(#649),#6345,.F.);
#6658=ADVANCED_FACE('',(#650),#6346,.F.);
#6659=ADVANCED_FACE('',(#651),#6347,.F.);
#6660=ADVANCED_FACE('',(#652),#6348,.F.);
#6661=ADVANCED_FACE('',(#653),#6349,.F.);
#6662=ADVANCED_FACE('',(#654),#6350,.F.);
#6663=ADVANCED_FACE('',(#655),#6351,.F.);
#6664=ADVANCED_FACE('',(#656),#6352,.F.);
#6665=ADVANCED_FACE('',(#657),#236,.T.);
#6666=ADVANCED_FACE('',(#658),#6353,.T.);
#6667=ADVANCED_FACE('',(#659),#6354,.F.);
#6668=ADVANCED_FACE('',(#660),#6355,.F.);
#6669=ADVANCED_FACE('',(#661),#6356,.F.);
#6670=ADVANCED_FACE('',(#662),#6357,.F.);
#6671=ADVANCED_FACE('',(#663),#237,.T.);
#6672=ADVANCED_FACE('',(#664),#6358,.F.);
#6673=ADVANCED_FACE('',(#665),#6359,.T.);
#6674=ADVANCED_FACE('',(#666),#6360,.T.);
#6675=ADVANCED_FACE('',(#667),#6361,.T.);
#6676=ADVANCED_FACE('',(#668),#6362,.T.);
#6677=ADVANCED_FACE('',(#669),#6363,.T.);
#6678=ADVANCED_FACE('',(#670),#238,.F.);
#6679=ADVANCED_FACE('',(#671),#6364,.T.);
#6680=ADVANCED_FACE('',(#672),#239,.T.);
#6681=ADVANCED_FACE('',(#673),#6365,.T.);
#6682=ADVANCED_FACE('',(#674),#6366,.T.);
#6683=ADVANCED_FACE('',(#675),#6367,.T.);
#6684=ADVANCED_FACE('',(#676),#6368,.T.);
#6685=ADVANCED_FACE('',(#677),#6369,.T.);
#6686=ADVANCED_FACE('',(#678),#6370,.T.);
#6687=ADVANCED_FACE('',(#679),#240,.F.);
#6688=ADVANCED_FACE('',(#680),#241,.T.);
#6689=ADVANCED_FACE('',(#681),#6371,.T.);
#6690=ADVANCED_FACE('',(#682,#88,#89),#6372,.T.);
#6691=ADVANCED_FACE('',(#683),#6373,.T.);
#6692=ADVANCED_FACE('',(#684),#6374,.T.);
#6693=ADVANCED_FACE('',(#685),#6375,.T.);
#6694=ADVANCED_FACE('',(#686),#6376,.F.);
#6695=ADVANCED_FACE('',(#687),#6377,.T.);
#6696=ADVANCED_FACE('',(#688),#6378,.T.);
#6697=ADVANCED_FACE('',(#689),#6379,.T.);
#6698=ADVANCED_FACE('',(#690),#6380,.T.);
#6699=ADVANCED_FACE('',(#691),#6381,.T.);
#6700=ADVANCED_FACE('',(#692),#6382,.T.);
#6701=ADVANCED_FACE('',(#693),#6383,.T.);
#6702=ADVANCED_FACE('',(#694),#6384,.T.);
#6703=ADVANCED_FACE('',(#695),#6385,.T.);
#6704=ADVANCED_FACE('',(#696),#6386,.T.);
#6705=ADVANCED_FACE('',(#697),#6387,.T.);
#6706=ADVANCED_FACE('',(#698),#6388,.T.);
#6707=ADVANCED_FACE('',(#699),#6389,.T.);
#6708=ADVANCED_FACE('',(#700),#6390,.T.);
#6709=ADVANCED_FACE('',(#701),#6391,.T.);
#6710=ADVANCED_FACE('',(#702),#6392,.T.);
#6711=ADVANCED_FACE('',(#703),#6393,.T.);
#6712=ADVANCED_FACE('',(#704),#6394,.T.);
#6713=ADVANCED_FACE('',(#705),#6395,.T.);
#6714=ADVANCED_FACE('',(#706),#6396,.T.);
#6715=ADVANCED_FACE('',(#707),#6397,.T.);
#6716=ADVANCED_FACE('',(#708),#6398,.T.);
#6717=ADVANCED_FACE('',(#709),#6399,.T.);
#6718=ADVANCED_FACE('',(#710),#6400,.T.);
#6719=ADVANCED_FACE('',(#711),#6401,.T.);
#6720=ADVANCED_FACE('',(#712),#6402,.F.);
#6721=ADVANCED_FACE('',(#713),#6403,.T.);
#6722=ADVANCED_FACE('',(#714),#6404,.T.);
#6723=ADVANCED_FACE('',(#715),#6405,.T.);
#6724=ADVANCED_FACE('',(#716),#6406,.T.);
#6725=ADVANCED_FACE('',(#717),#6407,.T.);
#6726=ADVANCED_FACE('',(#718),#6408,.T.);
#6727=ADVANCED_FACE('',(#719),#6409,.T.);
#6728=ADVANCED_FACE('',(#720),#6410,.T.);
#6729=ADVANCED_FACE('',(#721),#6411,.T.);
#6730=ADVANCED_FACE('',(#722),#6412,.T.);
#6731=ADVANCED_FACE('',(#723),#6413,.T.);
#6732=ADVANCED_FACE('',(#724),#6414,.T.);
#6733=ADVANCED_FACE('',(#725),#6415,.T.);
#6734=ADVANCED_FACE('',(#726),#6416,.T.);
#6735=ADVANCED_FACE('',(#727),#6417,.T.);
#6736=ADVANCED_FACE('',(#728),#6418,.T.);
#6737=ADVANCED_FACE('',(#729),#6419,.T.);
#6738=ADVANCED_FACE('',(#730),#6420,.T.);
#6739=ADVANCED_FACE('',(#731),#6421,.T.);
#6740=ADVANCED_FACE('',(#732),#6422,.T.);
#6741=ADVANCED_FACE('',(#733),#6423,.T.);
#6742=ADVANCED_FACE('',(#734),#6424,.T.);
#6743=ADVANCED_FACE('',(#735),#6425,.T.);
#6744=ADVANCED_FACE('',(#736),#6426,.T.);
#6745=ADVANCED_FACE('',(#737),#6427,.T.);
#6746=ADVANCED_FACE('',(#738),#6428,.F.);
#6747=ADVANCED_FACE('',(#739),#6429,.T.);
#6748=ADVANCED_FACE('',(#740),#6430,.T.);
#6749=ADVANCED_FACE('',(#741),#6431,.T.);
#6750=ADVANCED_FACE('',(#742),#6432,.T.);
#6751=ADVANCED_FACE('',(#743),#6433,.T.);
#6752=ADVANCED_FACE('',(#744),#6434,.T.);
#6753=ADVANCED_FACE('',(#745),#6435,.T.);
#6754=ADVANCED_FACE('',(#746),#6436,.T.);
#6755=ADVANCED_FACE('',(#747),#6437,.T.);
#6756=ADVANCED_FACE('',(#748),#6438,.T.);
#6757=ADVANCED_FACE('',(#749),#6439,.T.);
#6758=ADVANCED_FACE('',(#750),#6440,.T.);
#6759=ADVANCED_FACE('',(#751),#6441,.T.);
#6760=ADVANCED_FACE('',(#752),#6442,.T.);
#6761=ADVANCED_FACE('',(#753),#6443,.T.);
#6762=ADVANCED_FACE('',(#754),#6444,.T.);
#6763=ADVANCED_FACE('',(#755),#6445,.T.);
#6764=ADVANCED_FACE('',(#756),#6446,.T.);
#6765=ADVANCED_FACE('',(#757),#6447,.T.);
#6766=ADVANCED_FACE('',(#758),#6448,.T.);
#6767=ADVANCED_FACE('',(#759),#6449,.T.);
#6768=ADVANCED_FACE('',(#760),#6450,.T.);
#6769=ADVANCED_FACE('',(#761),#6451,.T.);
#6770=ADVANCED_FACE('',(#762),#6452,.T.);
#6771=ADVANCED_FACE('',(#763),#6453,.T.);
#6772=ADVANCED_FACE('',(#764),#6454,.F.);
#6773=ADVANCED_FACE('',(#765),#6455,.T.);
#6774=ADVANCED_FACE('',(#766),#242,.T.);
#6775=ADVANCED_FACE('',(#767),#6456,.T.);
#6776=ADVANCED_FACE('',(#768),#6457,.T.);
#6777=ADVANCED_FACE('',(#769),#243,.T.);
#6778=ADVANCED_FACE('',(#770),#6458,.T.);
#6779=ADVANCED_FACE('',(#771),#6459,.T.);
#6780=ADVANCED_FACE('',(#772),#244,.T.);
#6781=ADVANCED_FACE('',(#773),#6460,.T.);
#6782=ADVANCED_FACE('',(#774),#245,.T.);
#6783=ADVANCED_FACE('',(#775),#6461,.T.);
#6784=ADVANCED_FACE('',(#776),#6462,.T.);
#6785=ADVANCED_FACE('',(#777),#6463,.T.);
#6786=ADVANCED_FACE('',(#778),#246,.F.);
#6787=ADVANCED_FACE('',(#779,#90),#6464,.F.);
#6788=ADVANCED_FACE('',(#780),#247,.T.);
#6789=ADVANCED_FACE('',(#781,#91),#6465,.T.);
#6790=ADVANCED_FACE('',(#782),#6466,.T.);
#6791=ADVANCED_FACE('',(#783),#6467,.T.);
#6792=ADVANCED_FACE('',(#784),#6468,.T.);
#6793=ADVANCED_FACE('',(#785),#6469,.T.);
#6794=ADVANCED_FACE('',(#786),#6470,.F.);
#6795=ADVANCED_FACE('',(#787),#6471,.T.);
#6796=ADVANCED_FACE('',(#788),#248,.T.);
#6797=ADVANCED_FACE('',(#789),#6472,.F.);
#6798=ADVANCED_FACE('',(#790),#6473,.T.);
#6799=ADVANCED_FACE('',(#791),#6474,.F.);
#6800=ADVANCED_FACE('',(#792),#6475,.T.);
#6801=ADVANCED_FACE('',(#793),#6476,.T.);
#6802=ADVANCED_FACE('',(#794),#6477,.T.);
#6803=ADVANCED_FACE('',(#795),#249,.T.);
#6804=ADVANCED_FACE('',(#796),#6478,.T.);
#6805=ADVANCED_FACE('',(#797),#250,.T.);
#6806=ADVANCED_FACE('',(#798,#92,#93,#94,#95),#6479,.F.);
#6807=ADVANCED_FACE('',(#799),#6480,.T.);
#6808=ADVANCED_FACE('',(#800),#251,.T.);
#6809=ADVANCED_FACE('',(#801),#252,.T.);
#6810=ADVANCED_FACE('',(#802),#6481,.T.);
#6811=ADVANCED_FACE('',(#803),#253,.T.);
#6812=ADVANCED_FACE('',(#804),#6482,.T.);
#6813=ADVANCED_FACE('',(#805),#6483,.T.);
#6814=ADVANCED_FACE('',(#806),#6484,.T.);
#6815=ADVANCED_FACE('',(#807),#254,.T.);
#6816=ADVANCED_FACE('',(#808),#255,.T.);
#6817=ADVANCED_FACE('',(#809),#256,.T.);
#6818=ADVANCED_FACE('',(#810),#257,.T.);
#6819=ADVANCED_FACE('',(#811),#6485,.F.);
#6820=ADVANCED_FACE('',(#812,#96,#97,#98,#99),#6486,.T.);
#6821=ADVANCED_FACE('',(#813),#258,.T.);
#6822=ADVANCED_FACE('',(#814),#6487,.T.);
#6823=ADVANCED_FACE('',(#815),#6488,.F.);
#6824=ADVANCED_FACE('',(#816),#6489,.F.);
#6825=ADVANCED_FACE('',(#817),#6490,.F.);
#6826=ADVANCED_FACE('',(#818),#6491,.F.);
#6827=ADVANCED_FACE('',(#819,#100),#6492,.T.);
#6828=ADVANCED_FACE('',(#820),#259,.T.);
#6829=ADVANCED_FACE('',(#821),#6493,.T.);
#6830=ADVANCED_FACE('',(#822),#6494,.T.);
#6831=ADVANCED_FACE('',(#823),#260,.T.);
#6832=ADVANCED_FACE('',(#824),#6495,.T.);
#6833=ADVANCED_FACE('',(#825),#6496,.T.);
#6834=ADVANCED_FACE('',(#826),#261,.T.);
#6835=ADVANCED_FACE('',(#827),#6497,.T.);
#6836=ADVANCED_FACE('',(#828),#6498,.T.);
#6837=ADVANCED_FACE('',(#829),#6499,.T.);
#6838=ADVANCED_FACE('',(#830),#262,.T.);
#6839=ADVANCED_FACE('',(#831),#6500,.T.);
#6840=ADVANCED_FACE('',(#832),#6501,.T.);
#6841=ADVANCED_FACE('',(#833),#6502,.F.);
#6842=ADVANCED_FACE('',(#834),#42,.F.);
#6843=ADVANCED_FACE('',(#835),#263,.F.);
#6844=ADVANCED_FACE('',(#836),#43,.F.);
#6845=ADVANCED_FACE('',(#837),#264,.F.);
#6846=ADVANCED_FACE('',(#838),#265,.T.);
#6847=ADVANCED_FACE('',(#839),#6503,.T.);
#6848=ADVANCED_FACE('',(#840),#6504,.T.);
#6849=ADVANCED_FACE('',(#841),#266,.T.);
#6850=ADVANCED_FACE('',(#842,#101),#6505,.T.);
#6851=ADVANCED_FACE('',(#843),#6506,.T.);
#6852=ADVANCED_FACE('',(#844,#102),#6507,.T.);
#6853=ADVANCED_FACE('',(#845,#103),#6508,.T.);
#6854=ADVANCED_FACE('',(#846),#6509,.T.);
#6855=ADVANCED_FACE('',(#847),#6510,.T.);
#6856=ADVANCED_FACE('',(#848),#6511,.T.);
#6857=ADVANCED_FACE('',(#849),#6512,.T.);
#6858=ADVANCED_FACE('',(#850),#44,.T.);
#6859=ADVANCED_FACE('',(#851),#45,.T.);
#6860=ADVANCED_FACE('',(#852),#46,.T.);
#6861=ADVANCED_FACE('',(#853),#47,.T.);
#6862=ADVANCED_FACE('',(#854),#6513,.T.);
#6863=ADVANCED_FACE('',(#855),#267,.T.);
#6864=ADVANCED_FACE('',(#856),#6514,.T.);
#6865=ADVANCED_FACE('',(#857),#268,.T.);
#6866=ADVANCED_FACE('',(#858),#6515,.T.);
#6867=ADVANCED_FACE('',(#859),#269,.T.);
#6868=ADVANCED_FACE('',(#860),#6516,.T.);
#6869=ADVANCED_FACE('',(#861),#270,.T.);
#6870=ADVANCED_FACE('',(#862),#6517,.T.);
#6871=ADVANCED_FACE('',(#863),#48,.F.);
#6872=ADVANCED_FACE('',(#864),#271,.F.);
#6873=ADVANCED_FACE('',(#865),#49,.F.);
#6874=ADVANCED_FACE('',(#866),#272,.F.);
#6875=ADVANCED_FACE('',(#867),#273,.T.);
#6876=ADVANCED_FACE('',(#868),#6518,.T.);
#6877=ADVANCED_FACE('',(#869,#104,#105,#106,#107),#6519,.T.);
#6878=ADVANCED_FACE('',(#870),#274,.T.);
#6879=ADVANCED_FACE('',(#871),#6520,.T.);
#6880=ADVANCED_FACE('',(#872),#275,.T.);
#6881=ADVANCED_FACE('',(#873),#276,.T.);
#6882=ADVANCED_FACE('',(#874),#6521,.T.);
#6883=ADVANCED_FACE('',(#875),#6522,.T.);
#6884=ADVANCED_FACE('',(#876,#108,#109,#110),#6523,.T.);
#6885=ADVANCED_FACE('',(#877),#6524,.F.);
#6886=ADVANCED_FACE('',(#878),#277,.T.);
#6887=ADVANCED_FACE('',(#879),#6525,.T.);
#6888=ADVANCED_FACE('',(#880),#278,.T.);
#6889=ADVANCED_FACE('',(#881),#279,.T.);
#6890=ADVANCED_FACE('',(#882),#280,.T.);
#6891=ADVANCED_FACE('',(#883),#6526,.T.);
#6892=ADVANCED_FACE('',(#884),#281,.T.);
#6893=ADVANCED_FACE('',(#885),#27,.T.);
#6894=ADVANCED_FACE('',(#886),#28,.T.);
#6895=ADVANCED_FACE('',(#887),#29,.T.);
#6896=ADVANCED_FACE('',(#888),#282,.T.);
#6897=ADVANCED_FACE('',(#889),#30,.T.);
#6898=ADVANCED_FACE('',(#890),#283,.T.);
#6899=ADVANCED_FACE('',(#891),#284,.T.);
#6900=ADVANCED_FACE('',(#892),#285,.T.);
#6901=ADVANCED_FACE('',(#893),#286,.T.);
#6902=ADVANCED_FACE('',(#894),#287,.T.);
#6903=ADVANCED_FACE('',(#895),#288,.T.);
#6904=ADVANCED_FACE('',(#896),#289,.T.);
#6905=ADVANCED_FACE('',(#897),#290,.T.);
#6906=ADVANCED_FACE('',(#898),#291,.T.);
#6907=ADVANCED_FACE('',(#899),#6527,.T.);
#6908=ADVANCED_FACE('',(#900),#292,.F.);
#6909=ADVANCED_FACE('',(#901),#6528,.T.);
#6910=ADVANCED_FACE('',(#902),#6529,.T.);
#6911=ADVANCED_FACE('',(#903),#6530,.F.);
#6912=ADVANCED_FACE('',(#904),#6531,.F.);
#6913=ADVANCED_FACE('',(#905),#25,.F.);
#6914=ADVANCED_FACE('',(#906),#293,.T.);
#6915=ADVANCED_FACE('',(#907),#294,.T.);
#6916=ADVANCED_FACE('',(#908),#26,.F.);
#6917=ADVANCED_FACE('',(#909),#295,.T.);
#6918=ADVANCED_FACE('',(#910),#6532,.T.);
#6919=ADVANCED_FACE('',(#911),#6533,.T.);
#6920=ADVANCED_FACE('',(#912),#6534,.F.);
#6921=ADVANCED_FACE('',(#913),#296,.F.);
#6922=ADVANCED_FACE('',(#914),#6535,.T.);
#6923=ADVANCED_FACE('',(#915),#6536,.F.);
#6924=ADVANCED_FACE('',(#916),#6537,.T.);
#6925=ADVANCED_FACE('',(#917),#297,.T.);
#6926=ADVANCED_FACE('',(#918),#50,.T.);
#6927=ADVANCED_FACE('',(#919),#298,.T.);
#6928=ADVANCED_FACE('',(#920),#51,.T.);
#6929=ADVANCED_FACE('',(#921),#299,.T.);
#6930=ADVANCED_FACE('',(#922),#52,.T.);
#6931=ADVANCED_FACE('',(#923),#53,.T.);
#6932=ADVANCED_FACE('',(#924,#111),#6538,.T.);
#6933=ADVANCED_FACE('',(#925),#300,.T.);
#6934=ADVANCED_FACE('',(#926,#112),#6539,.T.);
#6935=ADVANCED_FACE('',(#927),#301,.T.);
#6936=ADVANCED_FACE('',(#928,#113),#6540,.T.);
#6937=ADVANCED_FACE('',(#929),#302,.T.);
#6938=ADVANCED_FACE('',(#930,#114),#6541,.T.);
#6939=ADVANCED_FACE('',(#931),#54,.T.);
#6940=ADVANCED_FACE('',(#932,#115),#6542,.T.);
#6941=ADVANCED_FACE('',(#933),#303,.T.);
#6942=ADVANCED_FACE('',(#934,#116),#6543,.T.);
#6943=ADVANCED_FACE('',(#935),#304,.T.);
#6944=ADVANCED_FACE('',(#936,#117),#6544,.T.);
#6945=ADVANCED_FACE('',(#937),#305,.T.);
#6946=ADVANCED_FACE('',(#938),#6545,.T.);
#6947=CLOSED_SHELL('',(#6546,#6547,#6548,#6549,#6550,#6551,#6552,#6553,
#6554,#6555,#6556,#6557,#6558,#6559,#6560,#6561,#6562,#6563,#6564,#6565,
#6566,#6567,#6568,#6569,#6570,#6571,#6572,#6573,#6574,#6575,#6576,#6577,
#6578,#6579,#6580,#6581));
#6948=CLOSED_SHELL('',(#6582,#6583,#6584));
#6949=CLOSED_SHELL('',(#6585,#6586,#6587,#6588,#6589,#6590,#6591,#6592));
#6950=CLOSED_SHELL('',(#6593,#6594,#6595,#6596,#6597,#6598,#6599,#6600,
#6601,#6602,#6603,#6604,#6605,#6606,#6607,#6608,#6609,#6610,#6611,#6612,
#6613,#6614,#6615,#6616,#6617,#6618,#6619,#6620,#6621,#6622,#6623,#6624,
#6625,#6626,#6627,#6628,#6629,#6630,#6631,#6632,#6633,#6634,#6635,#6636,
#6637,#6638,#6639,#6640,#6641,#6642,#6643,#6644,#6645,#6646,#6647,#6648,
#6649,#6650,#6651,#6652));
#6951=CLOSED_SHELL('',(#6653,#6654,#6655,#6656,#6657,#6658,#6659,#6660,
#6661,#6662,#6663,#6664,#6665,#6666));
#6952=CLOSED_SHELL('',(#6667,#6668,#6669,#6670,#6671,#6672,#6673));
#6953=CLOSED_SHELL('',(#6674,#6675,#6676,#6677,#6678,#6679,#6680,#6681,
#6682,#6683,#6684,#6685,#6686,#6687,#6688,#6689,#6690,#6691,#6692,#6693,
#6694,#6695));
#6954=CLOSED_SHELL('',(#6696,#6697,#6698,#6699,#6700,#6701,#6702,#6703,
#6704,#6705,#6706,#6707,#6708,#6709,#6710,#6711,#6712,#6713,#6714,#6715,
#6716,#6717,#6718,#6719,#6720,#6721));
#6955=CLOSED_SHELL('',(#6722,#6723,#6724,#6725,#6726,#6727,#6728,#6729,
#6730,#6731,#6732,#6733,#6734,#6735,#6736,#6737,#6738,#6739,#6740,#6741,
#6742,#6743,#6744,#6745,#6746,#6747));
#6956=CLOSED_SHELL('',(#6748,#6749,#6750,#6751,#6752,#6753,#6754,#6755,
#6756,#6757,#6758,#6759,#6760,#6761,#6762,#6763,#6764,#6765,#6766,#6767,
#6768,#6769,#6770,#6771,#6772,#6773));
#6957=CLOSED_SHELL('',(#6774,#6775,#6776,#6777,#6778,#6779,#6780,#6781,
#6782,#6783,#6784,#6785));
#6958=CLOSED_SHELL('',(#6786,#6787,#6788,#6789));
#6959=CLOSED_SHELL('',(#6790,#6791,#6792,#6793,#6794,#6795));
#6960=CLOSED_SHELL('',(#6796,#6797,#6798));
#6961=CLOSED_SHELL('',(#6799,#6800,#6801,#6802,#6803,#6804));
#6962=CLOSED_SHELL('',(#6805,#6806,#6807,#6808,#6809,#6810,#6811,#6812,
#6813,#6814,#6815,#6816,#6817,#6818,#6819,#6820,#6821,#6822));
#6963=CLOSED_SHELL('',(#6823,#6824,#6825,#6826,#6827,#6828,#6829,#6830,
#6831,#6832,#6833,#6834,#6835,#6836,#6837,#6838,#6839,#6840,#6841));
#6964=CLOSED_SHELL('',(#6842,#6843,#6844,#6845,#6846,#6847,#6848,#6849,
#6850,#6851,#6852,#6853,#6854,#6855,#6856,#6857,#6858,#6859,#6860,#6861,
#6862,#6863,#6864,#6865,#6866,#6867,#6868,#6869,#6870,#6871,#6872,#6873,
#6874,#6875,#6876,#6877,#6878,#6879,#6880,#6881,#6882,#6883,#6884,#6885));
#6965=CLOSED_SHELL('',(#6886,#6887,#6888,#6889,#6890,#6891,#6892,#6893,
#6894,#6895,#6896,#6897,#6898,#6899,#6900,#6901,#6902,#6903,#6904,#6905,
#6906,#6907,#6908,#6909,#6910,#6911,#6912,#6913,#6914,#6915,#6916,#6917,
#6918,#6919,#6920,#6921,#6922,#6923));
#6966=CLOSED_SHELL('',(#6924,#6925,#6926,#6927,#6928,#6929,#6930,#6931,
#6932,#6933,#6934,#6935,#6936,#6937,#6938,#6939,#6940,#6941,#6942,#6943,
#6944,#6945,#6946));
#6967=DERIVED_UNIT_ELEMENT(#7005,1.);
#6968=DERIVED_UNIT_ELEMENT(#12132,-3.);
#6969=DERIVED_UNIT_ELEMENT(#7005,1.);
#6970=DERIVED_UNIT_ELEMENT(#12132,-3.);
#6971=DERIVED_UNIT_ELEMENT(#7005,1.);
#6972=DERIVED_UNIT_ELEMENT(#12132,-3.);
#6973=DERIVED_UNIT_ELEMENT(#7005,1.);
#6974=DERIVED_UNIT_ELEMENT(#12132,-3.);
#6975=DERIVED_UNIT_ELEMENT(#7005,1.);
#6976=DERIVED_UNIT_ELEMENT(#12132,-3.);
#6977=DERIVED_UNIT_ELEMENT(#7005,1.);
#6978=DERIVED_UNIT_ELEMENT(#12132,-3.);
#6979=DERIVED_UNIT_ELEMENT(#7005,1.);
#6980=DERIVED_UNIT_ELEMENT(#12132,-3.);
#6981=DERIVED_UNIT_ELEMENT(#7005,1.);
#6982=DERIVED_UNIT_ELEMENT(#12132,-3.);
#6983=DERIVED_UNIT_ELEMENT(#7005,1.);
#6984=DERIVED_UNIT_ELEMENT(#12132,-3.);
#6985=DERIVED_UNIT_ELEMENT(#7005,1.);
#6986=DERIVED_UNIT_ELEMENT(#12132,-3.);
#6987=DERIVED_UNIT_ELEMENT(#7005,1.);
#6988=DERIVED_UNIT_ELEMENT(#12132,-3.);
#6989=DERIVED_UNIT_ELEMENT(#7005,1.);
#6990=DERIVED_UNIT_ELEMENT(#12132,-3.);
#6991=DERIVED_UNIT_ELEMENT(#7005,1.);
#6992=DERIVED_UNIT_ELEMENT(#12132,-3.);
#6993=DERIVED_UNIT_ELEMENT(#7005,1.);
#6994=DERIVED_UNIT_ELEMENT(#12132,-3.);
#6995=DERIVED_UNIT_ELEMENT(#7005,1.);
#6996=DERIVED_UNIT_ELEMENT(#12132,-3.);
#6997=DERIVED_UNIT_ELEMENT(#7005,1.);
#6998=DERIVED_UNIT_ELEMENT(#12132,-3.);
#6999=DERIVED_UNIT_ELEMENT(#7005,1.);
#7000=DERIVED_UNIT_ELEMENT(#12132,-3.);
#7001=DERIVED_UNIT_ELEMENT(#7005,1.);
#7002=DERIVED_UNIT_ELEMENT(#12132,-3.);
#7003=DERIVED_UNIT_ELEMENT(#7005,1.);
#7004=DERIVED_UNIT_ELEMENT(#12132,-3.);
#7005=(
MASS_UNIT()
NAMED_UNIT(*)
SI_UNIT($,.GRAM.)
);
#7006=DERIVED_UNIT((#6967,#6968));
#7007=DERIVED_UNIT((#6969,#6970));
#7008=DERIVED_UNIT((#6971,#6972));
#7009=DERIVED_UNIT((#6973,#6974));
#7010=DERIVED_UNIT((#6975,#6976));
#7011=DERIVED_UNIT((#6977,#6978));
#7012=DERIVED_UNIT((#6979,#6980));
#7013=DERIVED_UNIT((#6981,#6982));
#7014=DERIVED_UNIT((#6983,#6984));
#7015=DERIVED_UNIT((#6985,#6986));
#7016=DERIVED_UNIT((#6987,#6988));
#7017=DERIVED_UNIT((#6989,#6990));
#7018=DERIVED_UNIT((#6991,#6992));
#7019=DERIVED_UNIT((#6993,#6994));
#7020=DERIVED_UNIT((#6995,#6996));
#7021=DERIVED_UNIT((#6997,#6998));
#7022=DERIVED_UNIT((#6999,#7000));
#7023=DERIVED_UNIT((#7001,#7002));
#7024=DERIVED_UNIT((#7003,#7004));
#7025=MEASURE_REPRESENTATION_ITEM('density measure',
POSITIVE_RATIO_MEASURE(1.),#7006);
#7026=MEASURE_REPRESENTATION_ITEM('density measure',
POSITIVE_RATIO_MEASURE(1.),#7007);
#7027=MEASURE_REPRESENTATION_ITEM('density measure',
POSITIVE_RATIO_MEASURE(1.),#7008);
#7028=MEASURE_REPRESENTATION_ITEM('density measure',
POSITIVE_RATIO_MEASURE(1.),#7009);
#7029=MEASURE_REPRESENTATION_ITEM('density measure',
POSITIVE_RATIO_MEASURE(1.),#7010);
#7030=MEASURE_REPRESENTATION_ITEM('density measure',
POSITIVE_RATIO_MEASURE(1.),#7011);
#7031=MEASURE_REPRESENTATION_ITEM('density measure',
POSITIVE_RATIO_MEASURE(1.),#7012);
#7032=MEASURE_REPRESENTATION_ITEM('density measure',
POSITIVE_RATIO_MEASURE(1.),#7013);
#7033=MEASURE_REPRESENTATION_ITEM('density measure',
POSITIVE_RATIO_MEASURE(1.),#7014);
#7034=MEASURE_REPRESENTATION_ITEM('density measure',
POSITIVE_RATIO_MEASURE(1.),#7015);
#7035=MEASURE_REPRESENTATION_ITEM('density measure',
POSITIVE_RATIO_MEASURE(1.),#7016);
#7036=MEASURE_REPRESENTATION_ITEM('density measure',
POSITIVE_RATIO_MEASURE(1.),#7017);
#7037=MEASURE_REPRESENTATION_ITEM('density measure',
POSITIVE_RATIO_MEASURE(1.),#7018);
#7038=MEASURE_REPRESENTATION_ITEM('density measure',
POSITIVE_RATIO_MEASURE(1.),#7019);
#7039=MEASURE_REPRESENTATION_ITEM('density measure',
POSITIVE_RATIO_MEASURE(1.),#7020);
#7040=MEASURE_REPRESENTATION_ITEM('density measure',
POSITIVE_RATIO_MEASURE(1.),#7021);
#7041=MEASURE_REPRESENTATION_ITEM('density measure',
POSITIVE_RATIO_MEASURE(1.),#7022);
#7042=MEASURE_REPRESENTATION_ITEM('density measure',
POSITIVE_RATIO_MEASURE(1.),#7023);
#7043=MEASURE_REPRESENTATION_ITEM('density measure',
POSITIVE_RATIO_MEASURE(1.),#7024);
#7044=PROPERTY_DEFINITION_REPRESENTATION(#7139,#7082);
#7045=PROPERTY_DEFINITION_REPRESENTATION(#7140,#7083);
#7046=PROPERTY_DEFINITION_REPRESENTATION(#7141,#7084);
#7047=PROPERTY_DEFINITION_REPRESENTATION(#7142,#7085);
#7048=PROPERTY_DEFINITION_REPRESENTATION(#7143,#7086);
#7049=PROPERTY_DEFINITION_REPRESENTATION(#7144,#7087);
#7050=PROPERTY_DEFINITION_REPRESENTATION(#7145,#7088);
#7051=PROPERTY_DEFINITION_REPRESENTATION(#7146,#7089);
#7052=PROPERTY_DEFINITION_REPRESENTATION(#7147,#7090);
#7053=PROPERTY_DEFINITION_REPRESENTATION(#7148,#7091);
#7054=PROPERTY_DEFINITION_REPRESENTATION(#7149,#7092);
#7055=PROPERTY_DEFINITION_REPRESENTATION(#7150,#7093);
#7056=PROPERTY_DEFINITION_REPRESENTATION(#7151,#7094);
#7057=PROPERTY_DEFINITION_REPRESENTATION(#7152,#7095);
#7058=PROPERTY_DEFINITION_REPRESENTATION(#7153,#7096);
#7059=PROPERTY_DEFINITION_REPRESENTATION(#7154,#7097);
#7060=PROPERTY_DEFINITION_REPRESENTATION(#7155,#7098);
#7061=PROPERTY_DEFINITION_REPRESENTATION(#7156,#7099);
#7062=PROPERTY_DEFINITION_REPRESENTATION(#7157,#7100);
#7063=PROPERTY_DEFINITION_REPRESENTATION(#7158,#7101);
#7064=PROPERTY_DEFINITION_REPRESENTATION(#7159,#7102);
#7065=PROPERTY_DEFINITION_REPRESENTATION(#7160,#7103);
#7066=PROPERTY_DEFINITION_REPRESENTATION(#7161,#7104);
#7067=PROPERTY_DEFINITION_REPRESENTATION(#7162,#7105);
#7068=PROPERTY_DEFINITION_REPRESENTATION(#7163,#7106);
#7069=PROPERTY_DEFINITION_REPRESENTATION(#7164,#7107);
#7070=PROPERTY_DEFINITION_REPRESENTATION(#7165,#7108);
#7071=PROPERTY_DEFINITION_REPRESENTATION(#7166,#7109);
#7072=PROPERTY_DEFINITION_REPRESENTATION(#7167,#7110);
#7073=PROPERTY_DEFINITION_REPRESENTATION(#7168,#7111);
#7074=PROPERTY_DEFINITION_REPRESENTATION(#7169,#7112);
#7075=PROPERTY_DEFINITION_REPRESENTATION(#7170,#7113);
#7076=PROPERTY_DEFINITION_REPRESENTATION(#7171,#7114);
#7077=PROPERTY_DEFINITION_REPRESENTATION(#7172,#7115);
#7078=PROPERTY_DEFINITION_REPRESENTATION(#7173,#7116);
#7079=PROPERTY_DEFINITION_REPRESENTATION(#7174,#7117);
#7080=PROPERTY_DEFINITION_REPRESENTATION(#7175,#7118);
#7081=PROPERTY_DEFINITION_REPRESENTATION(#7176,#7119);
#7082=REPRESENTATION('material name',(#7120),#12109);
#7083=REPRESENTATION('density',(#7025),#12109);
#7084=REPRESENTATION('material name',(#7121),#12110);
#7085=REPRESENTATION('density',(#7026),#12110);
#7086=REPRESENTATION('material name',(#7122),#12111);
#7087=REPRESENTATION('density',(#7027),#12111);
#7088=REPRESENTATION('material name',(#7123),#12112);
#7089=REPRESENTATION('density',(#7028),#12112);
#7090=REPRESENTATION('material name',(#7124),#12113);
#7091=REPRESENTATION('density',(#7029),#12113);
#7092=REPRESENTATION('material name',(#7125),#12114);
#7093=REPRESENTATION('density',(#7030),#12114);
#7094=REPRESENTATION('material name',(#7126),#12115);
#7095=REPRESENTATION('density',(#7031),#12115);
#7096=REPRESENTATION('material name',(#7127),#12116);
#7097=REPRESENTATION('density',(#7032),#12116);
#7098=REPRESENTATION('material name',(#7128),#12117);
#7099=REPRESENTATION('density',(#7033),#12117);
#7100=REPRESENTATION('material name',(#7129),#12118);
#7101=REPRESENTATION('density',(#7034),#12118);
#7102=REPRESENTATION('material name',(#7130),#12120);
#7103=REPRESENTATION('density',(#7035),#12120);
#7104=REPRESENTATION('material name',(#7131),#12121);
#7105=REPRESENTATION('density',(#7036),#12121);
#7106=REPRESENTATION('material name',(#7132),#12122);
#7107=REPRESENTATION('density',(#7037),#12122);
#7108=REPRESENTATION('material name',(#7133),#12123);
#7109=REPRESENTATION('density',(#7038),#12123);
#7110=REPRESENTATION('material name',(#7134),#12124);
#7111=REPRESENTATION('density',(#7039),#12124);
#7112=REPRESENTATION('material name',(#7135),#12125);
#7113=REPRESENTATION('density',(#7040),#12125);
#7114=REPRESENTATION('material name',(#7136),#12127);
#7115=REPRESENTATION('density',(#7041),#12127);
#7116=REPRESENTATION('material name',(#7137),#12128);
#7117=REPRESENTATION('density',(#7042),#12128);
#7118=REPRESENTATION('material name',(#7138),#12129);
#7119=REPRESENTATION('density',(#7043),#12129);
#7120=DESCRIPTIVE_REPRESENTATION_ITEM('V\X2\0161\X0\eobecn\X\E9',
'V\X2\0161\X0\eobecn\X\E9');
#7121=DESCRIPTIVE_REPRESENTATION_ITEM('V\X2\0161\X0\eobecn\X\E9',
'V\X2\0161\X0\eobecn\X\E9');
#7122=DESCRIPTIVE_REPRESENTATION_ITEM('V\X2\0161\X0\eobecn\X\E9',
'V\X2\0161\X0\eobecn\X\E9');
#7123=DESCRIPTIVE_REPRESENTATION_ITEM('V\X2\0161\X0\eobecn\X\E9',
'V\X2\0161\X0\eobecn\X\E9');
#7124=DESCRIPTIVE_REPRESENTATION_ITEM('V\X2\0161\X0\eobecn\X\E9',
'V\X2\0161\X0\eobecn\X\E9');
#7125=DESCRIPTIVE_REPRESENTATION_ITEM('V\X2\0161\X0\eobecn\X\E9',
'V\X2\0161\X0\eobecn\X\E9');
#7126=DESCRIPTIVE_REPRESENTATION_ITEM('V\X2\0161\X0\eobecn\X\E9',
'V\X2\0161\X0\eobecn\X\E9');
#7127=DESCRIPTIVE_REPRESENTATION_ITEM('V\X2\0161\X0\eobecn\X\E9',
'V\X2\0161\X0\eobecn\X\E9');
#7128=DESCRIPTIVE_REPRESENTATION_ITEM('V\X2\0161\X0\eobecn\X\E9',
'V\X2\0161\X0\eobecn\X\E9');
#7129=DESCRIPTIVE_REPRESENTATION_ITEM('V\X2\0161\X0\eobecn\X\E9',
'V\X2\0161\X0\eobecn\X\E9');
#7130=DESCRIPTIVE_REPRESENTATION_ITEM('V\X2\0161\X0\eobecn\X\E9',
'V\X2\0161\X0\eobecn\X\E9');
#7131=DESCRIPTIVE_REPRESENTATION_ITEM('V\X2\0161\X0\eobecn\X\E9',
'V\X2\0161\X0\eobecn\X\E9');
#7132=DESCRIPTIVE_REPRESENTATION_ITEM('V\X2\0161\X0\eobecn\X\E9',
'V\X2\0161\X0\eobecn\X\E9');
#7133=DESCRIPTIVE_REPRESENTATION_ITEM('V\X2\0161\X0\eobecn\X\E9',
'V\X2\0161\X0\eobecn\X\E9');
#7134=DESCRIPTIVE_REPRESENTATION_ITEM('V\X2\0161\X0\eobecn\X\E9',
'V\X2\0161\X0\eobecn\X\E9');
#7135=DESCRIPTIVE_REPRESENTATION_ITEM('V\X2\0161\X0\eobecn\X\E9',
'V\X2\0161\X0\eobecn\X\E9');
#7136=DESCRIPTIVE_REPRESENTATION_ITEM('V\X2\0161\X0\eobecn\X\E9',
'V\X2\0161\X0\eobecn\X\E9');
#7137=DESCRIPTIVE_REPRESENTATION_ITEM('V\X2\0161\X0\eobecn\X\E9',
'V\X2\0161\X0\eobecn\X\E9');
#7138=DESCRIPTIVE_REPRESENTATION_ITEM('V\X2\0161\X0\eobecn\X\E9',
'V\X2\0161\X0\eobecn\X\E9');
#7139=PROPERTY_DEFINITION('material property','material name',#12236);
#7140=PROPERTY_DEFINITION('material property','density of part',#12236);
#7141=PROPERTY_DEFINITION('material property','material name',#12237);
#7142=PROPERTY_DEFINITION('material property','density of part',#12237);
#7143=PROPERTY_DEFINITION('material property','material name',#12238);
#7144=PROPERTY_DEFINITION('material property','density of part',#12238);
#7145=PROPERTY_DEFINITION('material property','material name',#12239);
#7146=PROPERTY_DEFINITION('material property','density of part',#12239);
#7147=PROPERTY_DEFINITION('material property','material name',#12240);
#7148=PROPERTY_DEFINITION('material property','density of part',#12240);
#7149=PROPERTY_DEFINITION('material property','material name',#12241);
#7150=PROPERTY_DEFINITION('material property','density of part',#12241);
#7151=PROPERTY_DEFINITION('material property','material name',#12242);
#7152=PROPERTY_DEFINITION('material property','density of part',#12242);
#7153=PROPERTY_DEFINITION('material property','material name',#12243);
#7154=PROPERTY_DEFINITION('material property','density of part',#12243);
#7155=PROPERTY_DEFINITION('material property','material name',#12244);
#7156=PROPERTY_DEFINITION('material property','density of part',#12244);
#7157=PROPERTY_DEFINITION('material property','material name',#12245);
#7158=PROPERTY_DEFINITION('material property','density of part',#12245);
#7159=PROPERTY_DEFINITION('material property','material name',#12247);
#7160=PROPERTY_DEFINITION('material property','density of part',#12247);
#7161=PROPERTY_DEFINITION('material property','material name',#12248);
#7162=PROPERTY_DEFINITION('material property','density of part',#12248);
#7163=PROPERTY_DEFINITION('material property','material name',#12249);
#7164=PROPERTY_DEFINITION('material property','density of part',#12249);
#7165=PROPERTY_DEFINITION('material property','material name',#12250);
#7166=PROPERTY_DEFINITION('material property','density of part',#12250);
#7167=PROPERTY_DEFINITION('material property','material name',#12251);
#7168=PROPERTY_DEFINITION('material property','density of part',#12251);
#7169=PROPERTY_DEFINITION('material property','material name',#12252);
#7170=PROPERTY_DEFINITION('material property','density of part',#12252);
#7171=PROPERTY_DEFINITION('material property','material name',#12254);
#7172=PROPERTY_DEFINITION('material property','density of part',#12254);
#7173=PROPERTY_DEFINITION('material property','material name',#12255);
#7174=PROPERTY_DEFINITION('material property','density of part',#12255);
#7175=PROPERTY_DEFINITION('material property','material name',#12256);
#7176=PROPERTY_DEFINITION('material property','density of part',#12256);
#7177=DATE_TIME_ROLE('creation_date');
#7178=DATE_TIME_ROLE('creation_date');
#7179=DATE_TIME_ROLE('creation_date');
#7180=DATE_TIME_ROLE('creation_date');
#7181=DATE_TIME_ROLE('creation_date');
#7182=DATE_TIME_ROLE('creation_date');
#7183=DATE_TIME_ROLE('creation_date');
#7184=DATE_TIME_ROLE('creation_date');
#7185=DATE_TIME_ROLE('creation_date');
#7186=DATE_TIME_ROLE('creation_date');
#7187=DATE_TIME_ROLE('creation_date');
#7188=DATE_TIME_ROLE('creation_date');
#7189=DATE_TIME_ROLE('creation_date');
#7190=DATE_TIME_ROLE('creation_date');
#7191=DATE_TIME_ROLE('creation_date');
#7192=DATE_TIME_ROLE('creation_date');
#7193=DATE_TIME_ROLE('creation_date');
#7194=DATE_TIME_ROLE('creation_date');
#7195=DATE_TIME_ROLE('creation_date');
#7196=DATE_TIME_ROLE('creation_date');
#7197=DATE_TIME_ROLE('creation_date');
#7198=DATE_TIME_ROLE('creation_date');
#7199=DATE_TIME_ROLE('creation_date');
#7200=APPLIED_DATE_AND_TIME_ASSIGNMENT(#7223,#7177,(#12234));
#7201=APPLIED_DATE_AND_TIME_ASSIGNMENT(#7224,#7178,(#12235));
#7202=APPLIED_DATE_AND_TIME_ASSIGNMENT(#7225,#7179,(#12236));
#7203=APPLIED_DATE_AND_TIME_ASSIGNMENT(#7226,#7180,(#12237));
#7204=APPLIED_DATE_AND_TIME_ASSIGNMENT(#7227,#7181,(#12238));
#7205=APPLIED_DATE_AND_TIME_ASSIGNMENT(#7228,#7182,(#12239));
#7206=APPLIED_DATE_AND_TIME_ASSIGNMENT(#7229,#7183,(#12240));
#7207=APPLIED_DATE_AND_TIME_ASSIGNMENT(#7230,#7184,(#12241));
#7208=APPLIED_DATE_AND_TIME_ASSIGNMENT(#7231,#7185,(#12242));
#7209=APPLIED_DATE_AND_TIME_ASSIGNMENT(#7232,#7186,(#12243));
#7210=APPLIED_DATE_AND_TIME_ASSIGNMENT(#7233,#7187,(#12244));
#7211=APPLIED_DATE_AND_TIME_ASSIGNMENT(#7234,#7188,(#12245));
#7212=APPLIED_DATE_AND_TIME_ASSIGNMENT(#7235,#7189,(#12246));
#7213=APPLIED_DATE_AND_TIME_ASSIGNMENT(#7236,#7190,(#12247));
#7214=APPLIED_DATE_AND_TIME_ASSIGNMENT(#7237,#7191,(#12248));
#7215=APPLIED_DATE_AND_TIME_ASSIGNMENT(#7238,#7192,(#12249));
#7216=APPLIED_DATE_AND_TIME_ASSIGNMENT(#7239,#7193,(#12250));
#7217=APPLIED_DATE_AND_TIME_ASSIGNMENT(#7240,#7194,(#12251));
#7218=APPLIED_DATE_AND_TIME_ASSIGNMENT(#7241,#7195,(#12252));
#7219=APPLIED_DATE_AND_TIME_ASSIGNMENT(#7242,#7196,(#12253));
#7220=APPLIED_DATE_AND_TIME_ASSIGNMENT(#7243,#7197,(#12254));
#7221=APPLIED_DATE_AND_TIME_ASSIGNMENT(#7244,#7198,(#12255));
#7222=APPLIED_DATE_AND_TIME_ASSIGNMENT(#7245,#7199,(#12256));
#7223=DATE_AND_TIME(#7246,#7269);
#7224=DATE_AND_TIME(#7247,#7270);
#7225=DATE_AND_TIME(#7248,#7271);
#7226=DATE_AND_TIME(#7249,#7272);
#7227=DATE_AND_TIME(#7250,#7273);
#7228=DATE_AND_TIME(#7251,#7274);
#7229=DATE_AND_TIME(#7252,#7275);
#7230=DATE_AND_TIME(#7253,#7276);
#7231=DATE_AND_TIME(#7254,#7277);
#7232=DATE_AND_TIME(#7255,#7278);
#7233=DATE_AND_TIME(#7256,#7279);
#7234=DATE_AND_TIME(#7257,#7280);
#7235=DATE_AND_TIME(#7258,#7281);
#7236=DATE_AND_TIME(#7259,#7282);
#7237=DATE_AND_TIME(#7260,#7283);
#7238=DATE_AND_TIME(#7261,#7284);
#7239=DATE_AND_TIME(#7262,#7285);
#7240=DATE_AND_TIME(#7263,#7286);
#7241=DATE_AND_TIME(#7264,#7287);
#7242=DATE_AND_TIME(#7265,#7288);
#7243=DATE_AND_TIME(#7266,#7289);
#7244=DATE_AND_TIME(#7267,#7290);
#7245=DATE_AND_TIME(#7268,#7291);
#7246=CALENDAR_DATE(2018,27,6);
#7247=CALENDAR_DATE(2018,27,6);
#7248=CALENDAR_DATE(2018,27,6);
#7249=CALENDAR_DATE(2018,27,6);
#7250=CALENDAR_DATE(2018,27,6);
#7251=CALENDAR_DATE(2018,27,6);
#7252=CALENDAR_DATE(2018,27,6);
#7253=CALENDAR_DATE(2018,27,6);
#7254=CALENDAR_DATE(2017,7,12);
#7255=CALENDAR_DATE(2017,7,12);
#7256=CALENDAR_DATE(2017,7,12);
#7257=CALENDAR_DATE(2017,7,12);
#7258=CALENDAR_DATE(2017,8,12);
#7259=CALENDAR_DATE(2017,7,12);
#7260=CALENDAR_DATE(2017,7,12);
#7261=CALENDAR_DATE(2017,7,12);
#7262=CALENDAR_DATE(2017,7,12);
#7263=CALENDAR_DATE(2017,7,12);
#7264=CALENDAR_DATE(2018,28,6);
#7265=CALENDAR_DATE(2016,21,12);
#7266=CALENDAR_DATE(2016,21,12);
#7267=CALENDAR_DATE(2016,21,12);
#7268=CALENDAR_DATE(2016,21,12);
#7269=LOCAL_TIME(0,0,0.,#7292);
#7270=LOCAL_TIME(0,0,0.,#7293);
#7271=LOCAL_TIME(0,0,0.,#7294);
#7272=LOCAL_TIME(0,0,0.,#7295);
#7273=LOCAL_TIME(0,0,0.,#7296);
#7274=LOCAL_TIME(0,0,0.,#7297);
#7275=LOCAL_TIME(0,0,0.,#7298);
#7276=LOCAL_TIME(0,0,0.,#7299);
#7277=LOCAL_TIME(0,0,0.,#7300);
#7278=LOCAL_TIME(0,0,0.,#7301);
#7279=LOCAL_TIME(0,0,0.,#7302);
#7280=LOCAL_TIME(0,0,0.,#7303);
#7281=LOCAL_TIME(0,0,0.,#7304);
#7282=LOCAL_TIME(0,0,0.,#7305);
#7283=LOCAL_TIME(0,0,0.,#7306);
#7284=LOCAL_TIME(0,0,0.,#7307);
#7285=LOCAL_TIME(0,0,0.,#7308);
#7286=LOCAL_TIME(0,0,0.,#7309);
#7287=LOCAL_TIME(0,0,0.,#7310);
#7288=LOCAL_TIME(0,0,0.,#7311);
#7289=LOCAL_TIME(0,0,0.,#7312);
#7290=LOCAL_TIME(0,0,0.,#7313);
#7291=LOCAL_TIME(0,0,0.,#7314);
#7292=COORDINATED_UNIVERSAL_TIME_OFFSET(0,0,.BEHIND.);
#7293=COORDINATED_UNIVERSAL_TIME_OFFSET(0,0,.BEHIND.);
#7294=COORDINATED_UNIVERSAL_TIME_OFFSET(0,0,.BEHIND.);
#7295=COORDINATED_UNIVERSAL_TIME_OFFSET(0,0,.BEHIND.);
#7296=COORDINATED_UNIVERSAL_TIME_OFFSET(0,0,.BEHIND.);
#7297=COORDINATED_UNIVERSAL_TIME_OFFSET(0,0,.BEHIND.);
#7298=COORDINATED_UNIVERSAL_TIME_OFFSET(0,0,.BEHIND.);
#7299=COORDINATED_UNIVERSAL_TIME_OFFSET(0,0,.BEHIND.);
#7300=COORDINATED_UNIVERSAL_TIME_OFFSET(0,0,.BEHIND.);
#7301=COORDINATED_UNIVERSAL_TIME_OFFSET(0,0,.BEHIND.);
#7302=COORDINATED_UNIVERSAL_TIME_OFFSET(0,0,.BEHIND.);
#7303=COORDINATED_UNIVERSAL_TIME_OFFSET(0,0,.BEHIND.);
#7304=COORDINATED_UNIVERSAL_TIME_OFFSET(0,0,.BEHIND.);
#7305=COORDINATED_UNIVERSAL_TIME_OFFSET(0,0,.BEHIND.);
#7306=COORDINATED_UNIVERSAL_TIME_OFFSET(0,0,.BEHIND.);
#7307=COORDINATED_UNIVERSAL_TIME_OFFSET(0,0,.BEHIND.);
#7308=COORDINATED_UNIVERSAL_TIME_OFFSET(0,0,.BEHIND.);
#7309=COORDINATED_UNIVERSAL_TIME_OFFSET(0,0,.BEHIND.);
#7310=COORDINATED_UNIVERSAL_TIME_OFFSET(0,0,.BEHIND.);
#7311=COORDINATED_UNIVERSAL_TIME_OFFSET(0,0,.BEHIND.);
#7312=COORDINATED_UNIVERSAL_TIME_OFFSET(0,0,.BEHIND.);
#7313=COORDINATED_UNIVERSAL_TIME_OFFSET(0,0,.BEHIND.);
#7314=COORDINATED_UNIVERSAL_TIME_OFFSET(0,0,.BEHIND.);
#7315=AXIS2_PLACEMENT_3D('placement',#9920,#7933,#7934);
#7316=AXIS2_PLACEMENT_3D('placement',#9921,#7935,#7936);
#7317=AXIS2_PLACEMENT_3D('placement',#9922,#7937,#7938);
#7318=AXIS2_PLACEMENT_3D('',#9923,#7939,#7940);
#7319=AXIS2_PLACEMENT_3D('',#9932,#7945,#7946);
#7320=AXIS2_PLACEMENT_3D('',#9941,#7951,#7952);
#7321=AXIS2_PLACEMENT_3D('',#9950,#7958,#7959);
#7322=AXIS2_PLACEMENT_3D('',#9954,#7962,#7963);
#7323=AXIS2_PLACEMENT_3D('',#9961,#7968,#7969);
#7324=AXIS2_PLACEMENT_3D('',#9963,#7971,#7972);
#7325=AXIS2_PLACEMENT_3D('',#9969,#7976,#7977);
#7326=AXIS2_PLACEMENT_3D('',#9975,#7981,#7982);
#7327=AXIS2_PLACEMENT_3D('',#9981,#7986,#7987);
#7328=AXIS2_PLACEMENT_3D('',#9987,#7991,#7992);
#7329=AXIS2_PLACEMENT_3D('',#9996,#7997,#7998);
#7330=AXIS2_PLACEMENT_3D('',#10002,#8002,#8003);
#7331=AXIS2_PLACEMENT_3D('',#10015,#8011,#8012);
#7332=AXIS2_PLACEMENT_3D('',#10024,#8017,#8018);
#7333=AXIS2_PLACEMENT_3D('',#10030,#8022,#8023);
#7334=AXIS2_PLACEMENT_3D('',#10043,#8031,#8032);
#7335=AXIS2_PLACEMENT_3D('',#10047,#8035,#8036);
#7336=AXIS2_PLACEMENT_3D('',#10058,#8043,#8044);
#7337=AXIS2_PLACEMENT_3D('',#10073,#8053,#8054);
#7338=AXIS2_PLACEMENT_3D('',#10075,#8056,#8057);
#7339=AXIS2_PLACEMENT_3D('',#10079,#8060,#8061);
#7340=AXIS2_PLACEMENT_3D('',#10083,#8064,#8065);
#7341=AXIS2_PLACEMENT_3D('',#10087,#8068,#8069);
#7342=AXIS2_PLACEMENT_3D('',#10091,#8072,#8073);
#7343=AXIS2_PLACEMENT_3D('',#10096,#8077,#8078);
#7344=AXIS2_PLACEMENT_3D('',#10098,#8080,#8081);
#7345=AXIS2_PLACEMENT_3D('',#10099,#8082,#8083);
#7346=AXIS2_PLACEMENT_3D('',#10112,#8091,#8092);
#7347=AXIS2_PLACEMENT_3D('',#10116,#8095,#8096);
#7348=AXIS2_PLACEMENT_3D('',#10120,#8099,#8100);
#7349=AXIS2_PLACEMENT_3D('',#10124,#8103,#8104);
#7350=AXIS2_PLACEMENT_3D('',#10128,#8107,#8108);
#7351=AXIS2_PLACEMENT_3D('',#10130,#8110,#8111);
#7352=AXIS2_PLACEMENT_3D('',#10134,#8114,#8115);
#7353=AXIS2_PLACEMENT_3D('',#10136,#8117,#8118);
#7354=AXIS2_PLACEMENT_3D('placement',#10137,#8119,#8120);
#7355=AXIS2_PLACEMENT_3D('',#10138,#8121,#8122);
#7356=AXIS2_PLACEMENT_3D('',#10140,#8123,#8124);
#7357=AXIS2_PLACEMENT_3D('',#10141,#8125,#8126);
#7358=AXIS2_PLACEMENT_3D('',#10143,#8127,#8128);
#7359=AXIS2_PLACEMENT_3D('',#10145,#8130,#8131);
#7360=AXIS2_PLACEMENT_3D('placement',#10146,#8132,#8133);
#7361=AXIS2_PLACEMENT_3D('',#10147,#8134,#8135);
#7362=AXIS2_PLACEMENT_3D('',#10156,#8140,#8141);
#7363=AXIS2_PLACEMENT_3D('',#10162,#8145,#8146);
#7364=AXIS2_PLACEMENT_3D('',#10168,#8150,#8151);
#7365=AXIS2_PLACEMENT_3D('',#10174,#8155,#8156);
#7366=AXIS2_PLACEMENT_3D('',#10178,#8159,#8160);
#7367=AXIS2_PLACEMENT_3D('',#10182,#8163,#8164);
#7368=AXIS2_PLACEMENT_3D('',#10184,#8166,#8167);
#7369=AXIS2_PLACEMENT_3D('',#10185,#8168,#8169);
#7370=AXIS2_PLACEMENT_3D('',#10186,#8170,#8171);
#7371=AXIS2_PLACEMENT_3D('',#10187,#8172,#8173);
#7372=AXIS2_PLACEMENT_3D('',#10188,#8174,#8175);
#7373=AXIS2_PLACEMENT_3D('',#10189,#8176,#8177);
#7374=AXIS2_PLACEMENT_3D('',#10190,#8178,#8179);
#7375=AXIS2_PLACEMENT_3D('placement',#10191,#8180,#8181);
#7376=AXIS2_PLACEMENT_3D('',#10192,#8182,#8183);
#7377=AXIS2_PLACEMENT_3D('',#10201,#8188,#8189);
#7378=AXIS2_PLACEMENT_3D('',#10209,#8194,#8195);
#7379=AXIS2_PLACEMENT_3D('',#10217,#8200,#8201);
#7380=AXIS2_PLACEMENT_3D('',#10223,#8205,#8206);
#7381=AXIS2_PLACEMENT_3D('',#10229,#8210,#8211);
#7382=AXIS2_PLACEMENT_3D('',#10238,#8216,#8217);
#7383=AXIS2_PLACEMENT_3D('',#10246,#8222,#8223);
#7384=AXIS2_PLACEMENT_3D('',#10254,#8228,#8229);
#7385=AXIS2_PLACEMENT_3D('',#10260,#8233,#8234);
#7386=AXIS2_PLACEMENT_3D('',#10266,#8238,#8239);
#7387=AXIS2_PLACEMENT_3D('',#10275,#8244,#8245);
#7388=AXIS2_PLACEMENT_3D('',#10283,#8250,#8251);
#7389=AXIS2_PLACEMENT_3D('',#10291,#8256,#8257);
#7390=AXIS2_PLACEMENT_3D('',#10297,#8261,#8262);
#7391=AXIS2_PLACEMENT_3D('',#10303,#8266,#8267);
#7392=AXIS2_PLACEMENT_3D('',#10313,#8273,#8274);
#7393=AXIS2_PLACEMENT_3D('',#10315,#8276,#8277);
#7394=AXIS2_PLACEMENT_3D('',#10319,#8280,#8281);
#7395=AXIS2_PLACEMENT_3D('',#10323,#8284,#8285);
#7396=AXIS2_PLACEMENT_3D('',#10328,#8289,#8290);
#7397=AXIS2_PLACEMENT_3D('',#10332,#8293,#8294);
#7398=AXIS2_PLACEMENT_3D('',#10334,#8296,#8297);
#7399=AXIS2_PLACEMENT_3D('',#10335,#8298,#8299);
#7400=AXIS2_PLACEMENT_3D('',#10345,#8305,#8306);
#7401=AXIS2_PLACEMENT_3D('',#10347,#8308,#8309);
#7402=AXIS2_PLACEMENT_3D('',#10351,#8312,#8313);
#7403=AXIS2_PLACEMENT_3D('',#10355,#8316,#8317);
#7404=AXIS2_PLACEMENT_3D('',#10360,#8321,#8322);
#7405=AXIS2_PLACEMENT_3D('',#10364,#8325,#8326);
#7406=AXIS2_PLACEMENT_3D('',#10366,#8328,#8329);
#7407=AXIS2_PLACEMENT_3D('',#10367,#8330,#8331);
#7408=AXIS2_PLACEMENT_3D('',#10377,#8337,#8338);
#7409=AXIS2_PLACEMENT_3D('',#10379,#8340,#8341);
#7410=AXIS2_PLACEMENT_3D('',#10383,#8344,#8345);
#7411=AXIS2_PLACEMENT_3D('',#10387,#8348,#8349);
#7412=AXIS2_PLACEMENT_3D('',#10392,#8353,#8354);
#7413=AXIS2_PLACEMENT_3D('',#10396,#8357,#8358);
#7414=AXIS2_PLACEMENT_3D('',#10398,#8360,#8361);
#7415=AXIS2_PLACEMENT_3D('',#10399,#8362,#8363);
#7416=AXIS2_PLACEMENT_3D('',#10409,#8368,#8369);
#7417=AXIS2_PLACEMENT_3D('',#10410,#8370,#8371);
#7418=AXIS2_PLACEMENT_3D('',#10411,#8372,#8373);
#7419=AXIS2_PLACEMENT_3D('',#10413,#8374,#8375);
#7420=AXIS2_PLACEMENT_3D('',#10414,#8376,#8377);
#7421=AXIS2_PLACEMENT_3D('',#10428,#8385,#8386);
#7422=AXIS2_PLACEMENT_3D('',#10434,#8390,#8391);
#7423=AXIS2_PLACEMENT_3D('',#10442,#8396,#8397);
#7424=AXIS2_PLACEMENT_3D('',#10448,#8401,#8402);
#7425=AXIS2_PLACEMENT_3D('',#10452,#8405,#8406);
#7426=AXIS2_PLACEMENT_3D('',#10458,#8410,#8411);
#7427=AXIS2_PLACEMENT_3D('',#10460,#8413,#8414);
#7428=AXIS2_PLACEMENT_3D('',#10462,#8416,#8417);
#7429=AXIS2_PLACEMENT_3D('',#10468,#8421,#8422);
#7430=AXIS2_PLACEMENT_3D('',#10472,#8425,#8426);
#7431=AXIS2_PLACEMENT_3D('',#10476,#8429,#8430);
#7432=AXIS2_PLACEMENT_3D('',#10480,#8433,#8434);
#7433=AXIS2_PLACEMENT_3D('',#10482,#8436,#8437);
#7434=AXIS2_PLACEMENT_3D('',#10483,#8438,#8439);
#7435=AXIS2_PLACEMENT_3D('',#10485,#8440,#8441);
#7436=AXIS2_PLACEMENT_3D('',#10491,#8447,#8448);
#7437=AXIS2_PLACEMENT_3D('',#10492,#8449,#8450);
#7438=AXIS2_PLACEMENT_3D('',#10498,#8454,#8455);
#7439=AXIS2_PLACEMENT_3D('',#10502,#8458,#8459);
#7440=AXIS2_PLACEMENT_3D('',#10506,#8462,#8463);
#7441=AXIS2_PLACEMENT_3D('',#10508,#8465,#8466);
#7442=AXIS2_PLACEMENT_3D('placement',#10509,#8467,#8468);
#7443=AXIS2_PLACEMENT_3D('',#10510,#8469,#8470);
#7444=AXIS2_PLACEMENT_3D('',#10519,#8475,#8476);
#7445=AXIS2_PLACEMENT_3D('',#10528,#8481,#8482);
#7446=AXIS2_PLACEMENT_3D('',#10529,#8483,#8484);
#7447=AXIS2_PLACEMENT_3D('',#10531,#8485,#8486);
#7448=AXIS2_PLACEMENT_3D('',#10538,#8490,#8491);
#7449=AXIS2_PLACEMENT_3D('',#10539,#8492,#8493);
#7450=AXIS2_PLACEMENT_3D('',#10540,#8494,#8495);
#7451=AXIS2_PLACEMENT_3D('',#10541,#8496,#8497);
#7452=AXIS2_PLACEMENT_3D('',#10543,#8498,#8499);
#7453=AXIS2_PLACEMENT_3D('',#10544,#8500,#8501);
#7454=AXIS2_PLACEMENT_3D('',#10545,#8502,#8503);
#7455=AXIS2_PLACEMENT_3D('',#10550,#8506,#8507);
#7456=AXIS2_PLACEMENT_3D('',#10551,#8508,#8509);
#7457=AXIS2_PLACEMENT_3D('',#10553,#8511,#8512);
#7458=AXIS2_PLACEMENT_3D('',#10554,#8513,#8514);
#7459=AXIS2_PLACEMENT_3D('',#10555,#8515,#8516);
#7460=AXIS2_PLACEMENT_3D('',#10558,#8517,#8518);
#7461=AXIS2_PLACEMENT_3D('',#10564,#8522,#8523);
#7462=AXIS2_PLACEMENT_3D('',#10566,#8524,#8525);
#7463=AXIS2_PLACEMENT_3D('',#10571,#8529,#8530);
#7464=AXIS2_PLACEMENT_3D('',#10572,#8531,#8532);
#7465=AXIS2_PLACEMENT_3D('',#10574,#8534,#8535);
#7466=AXIS2_PLACEMENT_3D('',#10575,#8536,#8537);
#7467=AXIS2_PLACEMENT_3D('',#10577,#8538,#8539);
#7468=AXIS2_PLACEMENT_3D('',#10578,#8540,#8541);
#7469=AXIS2_PLACEMENT_3D('',#10580,#8543,#8544);
#7470=AXIS2_PLACEMENT_3D('placement',#10581,#8545,#8546);
#7471=AXIS2_PLACEMENT_3D('',#10582,#8547,#8548);
#7472=AXIS2_PLACEMENT_3D('',#10585,#8549,#8550);
#7473=AXIS2_PLACEMENT_3D('',#10591,#8554,#8555);
#7474=AXIS2_PLACEMENT_3D('',#10593,#8556,#8557);
#7475=AXIS2_PLACEMENT_3D('',#10598,#8561,#8562);
#7476=AXIS2_PLACEMENT_3D('',#10599,#8563,#8564);
#7477=AXIS2_PLACEMENT_3D('',#10601,#8566,#8567);
#7478=AXIS2_PLACEMENT_3D('',#10602,#8568,#8569);
#7479=AXIS2_PLACEMENT_3D('',#10604,#8570,#8571);
#7480=AXIS2_PLACEMENT_3D('',#10605,#8572,#8573);
#7481=AXIS2_PLACEMENT_3D('',#10608,#8575,#8576);
#7482=AXIS2_PLACEMENT_3D('',#10609,#8577,#8578);
#7483=AXIS2_PLACEMENT_3D('',#10610,#8579,#8580);
#7484=AXIS2_PLACEMENT_3D('placement',#10611,#8581,#8582);
#7485=AXIS2_PLACEMENT_3D('',#10612,#8583,#8584);
#7486=AXIS2_PLACEMENT_3D('',#10621,#8589,#8590);
#7487=AXIS2_PLACEMENT_3D('',#10630,#8595,#8596);
#7488=AXIS2_PLACEMENT_3D('',#10636,#8600,#8601);
#7489=AXIS2_PLACEMENT_3D('',#10639,#8604,#8605);
#7490=AXIS2_PLACEMENT_3D('',#10641,#8606,#8607);
#7491=AXIS2_PLACEMENT_3D('',#10643,#8608,#8609);
#7492=AXIS2_PLACEMENT_3D('',#10645,#8611,#8612);
#7493=AXIS2_PLACEMENT_3D('',#10651,#8616,#8617);
#7494=AXIS2_PLACEMENT_3D('',#10652,#8618,#8619);
#7495=AXIS2_PLACEMENT_3D('',#10653,#8620,#8621);
#7496=AXIS2_PLACEMENT_3D('',#10654,#8622,#8623);
#7497=AXIS2_PLACEMENT_3D('',#10655,#8624,#8625);
#7498=AXIS2_PLACEMENT_3D('',#10664,#8630,#8631);
#7499=AXIS2_PLACEMENT_3D('',#10670,#8635,#8636);
#7500=AXIS2_PLACEMENT_3D('',#10679,#8641,#8642);
#7501=AXIS2_PLACEMENT_3D('',#10682,#8645,#8646);
#7502=AXIS2_PLACEMENT_3D('',#10691,#8651,#8652);
#7503=AXIS2_PLACEMENT_3D('',#10692,#8653,#8654);
#7504=AXIS2_PLACEMENT_3D('',#10693,#8655,#8656);
#7505=AXIS2_PLACEMENT_3D('',#10694,#8657,#8658);
#7506=AXIS2_PLACEMENT_3D('',#10695,#8659,#8660);
#7507=AXIS2_PLACEMENT_3D('',#10696,#8661,#8662);
#7508=AXIS2_PLACEMENT_3D('',#10697,#8663,#8664);
#7509=AXIS2_PLACEMENT_3D('',#10698,#8665,#8666);
#7510=AXIS2_PLACEMENT_3D('',#10707,#8671,#8672);
#7511=AXIS2_PLACEMENT_3D('',#10713,#8676,#8677);
#7512=AXIS2_PLACEMENT_3D('',#10719,#8681,#8682);
#7513=AXIS2_PLACEMENT_3D('',#10722,#8685,#8686);
#7514=AXIS2_PLACEMENT_3D('',#10723,#8687,#8688);
#7515=AXIS2_PLACEMENT_3D('placement',#10724,#8689,#8690);
#7516=AXIS2_PLACEMENT_3D('',#10725,#8691,#8692);
#7517=AXIS2_PLACEMENT_3D('',#10734,#8697,#8698);
#7518=AXIS2_PLACEMENT_3D('',#10740,#8702,#8703);
#7519=AXIS2_PLACEMENT_3D('',#10743,#8706,#8707);
#7520=AXIS2_PLACEMENT_3D('',#10744,#8708,#8709);
#7521=AXIS2_PLACEMENT_3D('',#10753,#8714,#8715);
#7522=AXIS2_PLACEMENT_3D('',#10759,#8719,#8720);
#7523=AXIS2_PLACEMENT_3D('',#10762,#8723,#8724);
#7524=AXIS2_PLACEMENT_3D('',#10763,#8725,#8726);
#7525=AXIS2_PLACEMENT_3D('',#10769,#8730,#8731);
#7526=AXIS2_PLACEMENT_3D('',#10775,#8735,#8736);
#7527=AXIS2_PLACEMENT_3D('',#10778,#8739,#8740);
#7528=AXIS2_PLACEMENT_3D('',#10787,#8745,#8746);
#7529=AXIS2_PLACEMENT_3D('',#10792,#8750,#8751);
#7530=AXIS2_PLACEMENT_3D('',#10795,#8754,#8755);
#7531=AXIS2_PLACEMENT_3D('',#10796,#8756,#8757);
#7532=AXIS2_PLACEMENT_3D('',#10804,#8762,#8763);
#7533=AXIS2_PLACEMENT_3D('',#10810,#8767,#8768);
#7534=AXIS2_PLACEMENT_3D('',#10813,#8771,#8772);
#7535=AXIS2_PLACEMENT_3D('',#10814,#8773,#8774);
#7536=AXIS2_PLACEMENT_3D('',#10818,#8777,#8778);
#7537=AXIS2_PLACEMENT_3D('',#10822,#8781,#8782);
#7538=AXIS2_PLACEMENT_3D('',#10824,#8784,#8785);
#7539=AXIS2_PLACEMENT_3D('',#10830,#8789,#8790);
#7540=AXIS2_PLACEMENT_3D('',#10833,#8793,#8794);
#7541=AXIS2_PLACEMENT_3D('',#10834,#8795,#8796);
#7542=AXIS2_PLACEMENT_3D('placement',#10835,#8797,#8798);
#7543=AXIS2_PLACEMENT_3D('',#10836,#8799,#8800);
#7544=AXIS2_PLACEMENT_3D('',#10845,#8805,#8806);
#7545=AXIS2_PLACEMENT_3D('',#10851,#8810,#8811);
#7546=AXIS2_PLACEMENT_3D('',#10854,#8814,#8815);
#7547=AXIS2_PLACEMENT_3D('',#10855,#8816,#8817);
#7548=AXIS2_PLACEMENT_3D('',#10864,#8822,#8823);
#7549=AXIS2_PLACEMENT_3D('',#10870,#8827,#8828);
#7550=AXIS2_PLACEMENT_3D('',#10873,#8831,#8832);
#7551=AXIS2_PLACEMENT_3D('',#10874,#8833,#8834);
#7552=AXIS2_PLACEMENT_3D('',#10880,#8838,#8839);
#7553=AXIS2_PLACEMENT_3D('',#10883,#8842,#8843);
#7554=AXIS2_PLACEMENT_3D('',#10889,#8847,#8848);
#7555=AXIS2_PLACEMENT_3D('',#10897,#8853,#8854);
#7556=AXIS2_PLACEMENT_3D('',#10903,#8858,#8859);
#7557=AXIS2_PLACEMENT_3D('',#10906,#8862,#8863);
#7558=AXIS2_PLACEMENT_3D('',#10907,#8864,#8865);
#7559=AXIS2_PLACEMENT_3D('',#10915,#8870,#8871);
#7560=AXIS2_PLACEMENT_3D('',#10921,#8875,#8876);
#7561=AXIS2_PLACEMENT_3D('',#10924,#8879,#8880);
#7562=AXIS2_PLACEMENT_3D('',#10925,#8881,#8882);
#7563=AXIS2_PLACEMENT_3D('',#10929,#8885,#8886);
#7564=AXIS2_PLACEMENT_3D('',#10933,#8889,#8890);
#7565=AXIS2_PLACEMENT_3D('',#10935,#8892,#8893);
#7566=AXIS2_PLACEMENT_3D('',#10941,#8897,#8898);
#7567=AXIS2_PLACEMENT_3D('',#10944,#8901,#8902);
#7568=AXIS2_PLACEMENT_3D('',#10945,#8903,#8904);
#7569=AXIS2_PLACEMENT_3D('placement',#10946,#8905,#8906);
#7570=AXIS2_PLACEMENT_3D('',#10947,#8907,#8908);
#7571=AXIS2_PLACEMENT_3D('',#10956,#8913,#8914);
#7572=AXIS2_PLACEMENT_3D('',#10962,#8918,#8919);
#7573=AXIS2_PLACEMENT_3D('',#10965,#8922,#8923);
#7574=AXIS2_PLACEMENT_3D('',#10966,#8924,#8925);
#7575=AXIS2_PLACEMENT_3D('',#10975,#8930,#8931);
#7576=AXIS2_PLACEMENT_3D('',#10981,#8935,#8936);
#7577=AXIS2_PLACEMENT_3D('',#10984,#8939,#8940);
#7578=AXIS2_PLACEMENT_3D('',#10985,#8941,#8942);
#7579=AXIS2_PLACEMENT_3D('',#10991,#8946,#8947);
#7580=AXIS2_PLACEMENT_3D('',#10994,#8950,#8951);
#7581=AXIS2_PLACEMENT_3D('',#11000,#8955,#8956);
#7582=AXIS2_PLACEMENT_3D('',#11008,#8961,#8962);
#7583=AXIS2_PLACEMENT_3D('',#11014,#8966,#8967);
#7584=AXIS2_PLACEMENT_3D('',#11017,#8970,#8971);
#7585=AXIS2_PLACEMENT_3D('',#11018,#8972,#8973);
#7586=AXIS2_PLACEMENT_3D('',#11026,#8978,#8979);
#7587=AXIS2_PLACEMENT_3D('',#11032,#8983,#8984);
#7588=AXIS2_PLACEMENT_3D('',#11035,#8987,#8988);
#7589=AXIS2_PLACEMENT_3D('',#11036,#8989,#8990);
#7590=AXIS2_PLACEMENT_3D('',#11040,#8993,#8994);
#7591=AXIS2_PLACEMENT_3D('',#11044,#8997,#8998);
#7592=AXIS2_PLACEMENT_3D('',#11046,#9000,#9001);
#7593=AXIS2_PLACEMENT_3D('',#11052,#9005,#9006);
#7594=AXIS2_PLACEMENT_3D('',#11055,#9009,#9010);
#7595=AXIS2_PLACEMENT_3D('',#11056,#9011,#9012);
#7596=AXIS2_PLACEMENT_3D('placement',#11057,#9013,#9014);
#7597=AXIS2_PLACEMENT_3D('placement',#11058,#9015,#9016);
#7598=AXIS2_PLACEMENT_3D('',#11059,#9017,#9018);
#7599=AXIS2_PLACEMENT_3D('',#11062,#9019,#9020);
#7600=AXIS2_PLACEMENT_3D('',#11066,#9022,#9023);
#7601=AXIS2_PLACEMENT_3D('',#11068,#9025,#9026);
#7602=AXIS2_PLACEMENT_3D('',#11078,#9032,#9033);
#7603=AXIS2_PLACEMENT_3D('',#11082,#9035,#9036);
#7604=AXIS2_PLACEMENT_3D('',#11086,#9038,#9039);
#7605=AXIS2_PLACEMENT_3D('',#11089,#9041,#9042);
#7606=AXIS2_PLACEMENT_3D('',#11090,#9043,#9044);
#7607=AXIS2_PLACEMENT_3D('',#11093,#9045,#9046);
#7608=AXIS2_PLACEMENT_3D('',#11096,#9049,#9050);
#7609=AXIS2_PLACEMENT_3D('',#11104,#9055,#9056);
#7610=AXIS2_PLACEMENT_3D('',#11107,#9059,#9060);
#7611=AXIS2_PLACEMENT_3D('',#11109,#9061,#9062);
#7612=AXIS2_PLACEMENT_3D('',#11111,#9064,#9065);
#7613=AXIS2_PLACEMENT_3D('',#11115,#9068,#9069);
#7614=AXIS2_PLACEMENT_3D('',#11116,#9070,#9071);
#7615=AXIS2_PLACEMENT_3D('',#11117,#9072,#9073);
#7616=AXIS2_PLACEMENT_3D('',#11119,#9075,#9076);
#7617=AXIS2_PLACEMENT_3D('',#11120,#9077,#9078);
#7618=AXIS2_PLACEMENT_3D('placement',#11121,#9079,#9080);
#7619=AXIS2_PLACEMENT_3D('',#11122,#9081,#9082);
#7620=AXIS2_PLACEMENT_3D('',#11124,#9083,#9084);
#7621=AXIS2_PLACEMENT_3D('',#11127,#9086,#9087);
#7622=AXIS2_PLACEMENT_3D('',#11128,#9088,#9089);
#7623=AXIS2_PLACEMENT_3D('',#11130,#9090,#9091);
#7624=AXIS2_PLACEMENT_3D('',#11131,#9092,#9093);
#7625=AXIS2_PLACEMENT_3D('',#11133,#9094,#9095);
#7626=AXIS2_PLACEMENT_3D('',#11135,#9097,#9098);
#7627=AXIS2_PLACEMENT_3D('',#11136,#9099,#9100);
#7628=AXIS2_PLACEMENT_3D('',#11145,#9105,#9106);
#7629=AXIS2_PLACEMENT_3D('',#11151,#9110,#9111);
#7630=AXIS2_PLACEMENT_3D('',#11157,#9115,#9116);
#7631=AXIS2_PLACEMENT_3D('',#11160,#9119,#9120);
#7632=AXIS2_PLACEMENT_3D('',#11161,#9121,#9122);
#7633=AXIS2_PLACEMENT_3D('placement',#11162,#9123,#9124);
#7634=AXIS2_PLACEMENT_3D('',#11163,#9125,#9126);
#7635=AXIS2_PLACEMENT_3D('',#11165,#9127,#9128);
#7636=AXIS2_PLACEMENT_3D('',#11168,#9130,#9131);
#7637=AXIS2_PLACEMENT_3D('',#11169,#9132,#9133);
#7638=AXIS2_PLACEMENT_3D('',#11170,#9134,#9135);
#7639=AXIS2_PLACEMENT_3D('placement',#11171,#9136,#9137);
#7640=AXIS2_PLACEMENT_3D('',#11172,#9138,#9139);
#7641=AXIS2_PLACEMENT_3D('',#11175,#9140,#9141);
#7642=AXIS2_PLACEMENT_3D('',#11181,#9145,#9146);
#7643=AXIS2_PLACEMENT_3D('',#11187,#9150,#9151);
#7644=AXIS2_PLACEMENT_3D('',#11191,#9154,#9155);
#7645=AXIS2_PLACEMENT_3D('',#11195,#9158,#9159);
#7646=AXIS2_PLACEMENT_3D('',#11196,#9160,#9161);
#7647=AXIS2_PLACEMENT_3D('',#11197,#9162,#9163);
#7648=AXIS2_PLACEMENT_3D('',#11198,#9164,#9165);
#7649=AXIS2_PLACEMENT_3D('',#11199,#9166,#9167);
#7650=AXIS2_PLACEMENT_3D('',#11200,#9168,#9169);
#7651=AXIS2_PLACEMENT_3D('',#11201,#9170,#9171);
#7652=AXIS2_PLACEMENT_3D('',#11202,#9172,#9173);
#7653=AXIS2_PLACEMENT_3D('',#11203,#9174,#9175);
#7654=AXIS2_PLACEMENT_3D('',#11204,#9176,#9177);
#7655=AXIS2_PLACEMENT_3D('',#11205,#9178,#9179);
#7656=AXIS2_PLACEMENT_3D('placement',#11206,#9180,#9181);
#7657=AXIS2_PLACEMENT_3D('',#11207,#9182,#9183);
#7658=AXIS2_PLACEMENT_3D('',#11210,#9184,#9185);
#7659=AXIS2_PLACEMENT_3D('',#11214,#9187,#9188);
#7660=AXIS2_PLACEMENT_3D('',#11216,#9190,#9191);
#7661=AXIS2_PLACEMENT_3D('',#11220,#9193,#9194);
#7662=AXIS2_PLACEMENT_3D('',#11224,#9196,#9197);
#7663=AXIS2_PLACEMENT_3D('',#11228,#9199,#9200);
#7664=AXIS2_PLACEMENT_3D('',#11231,#9202,#9203);
#7665=AXIS2_PLACEMENT_3D('',#11233,#9204,#9205);
#7666=AXIS2_PLACEMENT_3D('',#11235,#9206,#9207);
#7667=AXIS2_PLACEMENT_3D('',#11237,#9208,#9209);
#7668=AXIS2_PLACEMENT_3D('',#11238,#9210,#9211);
#7669=AXIS2_PLACEMENT_3D('',#11242,#9214,#9215);
#7670=AXIS2_PLACEMENT_3D('',#11244,#9216,#9217);
#7671=AXIS2_PLACEMENT_3D('',#11246,#9219,#9220);
#7672=AXIS2_PLACEMENT_3D('',#11249,#9221,#9222);
#7673=AXIS2_PLACEMENT_3D('',#11252,#9225,#9226);
#7674=AXIS2_PLACEMENT_3D('',#11256,#9229,#9230);
#7675=AXIS2_PLACEMENT_3D('',#11258,#9231,#9232);
#7676=AXIS2_PLACEMENT_3D('',#11260,#9234,#9235);
#7677=AXIS2_PLACEMENT_3D('',#11262,#9237,#9238);
#7678=AXIS2_PLACEMENT_3D('',#11264,#9240,#9241);
#7679=AXIS2_PLACEMENT_3D('',#11265,#9242,#9243);
#7680=AXIS2_PLACEMENT_3D('',#11268,#9245,#9246);
#7681=AXIS2_PLACEMENT_3D('',#11269,#9247,#9248);
#7682=AXIS2_PLACEMENT_3D('',#11272,#9250,#9251);
#7683=AXIS2_PLACEMENT_3D('',#11273,#9252,#9253);
#7684=AXIS2_PLACEMENT_3D('',#11276,#9255,#9256);
#7685=AXIS2_PLACEMENT_3D('',#11277,#9257,#9258);
#7686=AXIS2_PLACEMENT_3D('',#11280,#9260,#9261);
#7687=AXIS2_PLACEMENT_3D('',#11281,#9262,#9263);
#7688=AXIS2_PLACEMENT_3D('',#11284,#9264,#9265);
#7689=AXIS2_PLACEMENT_3D('',#11286,#9267,#9268);
#7690=AXIS2_PLACEMENT_3D('',#11292,#9272,#9273);
#7691=AXIS2_PLACEMENT_3D('',#11293,#9274,#9275);
#7692=AXIS2_PLACEMENT_3D('',#11294,#9276,#9277);
#7693=AXIS2_PLACEMENT_3D('placement',#11295,#9278,#9279);
#7694=AXIS2_PLACEMENT_3D('',#11296,#9280,#9281);
#7695=AXIS2_PLACEMENT_3D('',#11305,#9286,#9287);
#7696=AXIS2_PLACEMENT_3D('',#11311,#9291,#9292);
#7697=AXIS2_PLACEMENT_3D('',#11315,#9296,#9297);
#7698=AXIS2_PLACEMENT_3D('',#11316,#9298,#9299);
#7699=AXIS2_PLACEMENT_3D('',#11319,#9300,#9301);
#7700=AXIS2_PLACEMENT_3D('',#11328,#9306,#9307);
#7701=AXIS2_PLACEMENT_3D('',#11332,#9309,#9310);
#7702=AXIS2_PLACEMENT_3D('',#11334,#9312,#9313);
#7703=AXIS2_PLACEMENT_3D('',#11339,#9316,#9317);
#7704=AXIS2_PLACEMENT_3D('',#11340,#9318,#9319);
#7705=AXIS2_PLACEMENT_3D('',#11344,#9322,#9323);
#7706=AXIS2_PLACEMENT_3D('',#11348,#9326,#9327);
#7707=AXIS2_PLACEMENT_3D('',#11349,#9328,#9329);
#7708=AXIS2_PLACEMENT_3D('',#11350,#9330,#9331);
#7709=AXIS2_PLACEMENT_3D('',#11351,#9332,#9333);
#7710=AXIS2_PLACEMENT_3D('',#11354,#9334,#9335);
#7711=AXIS2_PLACEMENT_3D('',#11360,#9339,#9340);
#7712=AXIS2_PLACEMENT_3D('',#11364,#9342,#9343);
#7713=AXIS2_PLACEMENT_3D('',#11366,#9345,#9346);
#7714=AXIS2_PLACEMENT_3D('',#11375,#9352,#9353);
#7715=AXIS2_PLACEMENT_3D('',#11379,#9356,#9357);
#7716=AXIS2_PLACEMENT_3D('',#11381,#9358,#9359);
#7717=AXIS2_PLACEMENT_3D('',#11385,#9362,#9363);
#7718=AXIS2_PLACEMENT_3D('',#11387,#9365,#9366);
#7719=AXIS2_PLACEMENT_3D('',#11389,#9368,#9369);
#7720=AXIS2_PLACEMENT_3D('',#11391,#9371,#9372);
#7721=AXIS2_PLACEMENT_3D('placement',#11392,#9373,#9374);
#7722=AXIS2_PLACEMENT_3D('placement',#11393,#9375,#9376);
#7723=AXIS2_PLACEMENT_3D('',#11394,#9377,#9378);
#7724=AXIS2_PLACEMENT_3D('',#11396,#9379,#9380);
#7725=AXIS2_PLACEMENT_3D('',#11399,#9382,#9383);
#7726=AXIS2_PLACEMENT_3D('',#11401,#9384,#9385);
#7727=AXIS2_PLACEMENT_3D('',#11403,#9387,#9388);
#7728=AXIS2_PLACEMENT_3D('',#11405,#9389,#9390);
#7729=AXIS2_PLACEMENT_3D('',#11408,#9392,#9393);
#7730=AXIS2_PLACEMENT_3D('',#11410,#9394,#9395);
#7731=AXIS2_PLACEMENT_3D('',#11412,#9397,#9398);
#7732=AXIS2_PLACEMENT_3D('',#11415,#9399,#9400);
#7733=AXIS2_PLACEMENT_3D('',#11419,#9402,#9403);
#7734=AXIS2_PLACEMENT_3D('',#11421,#9405,#9406);
#7735=AXIS2_PLACEMENT_3D('',#11431,#9412,#9413);
#7736=AXIS2_PLACEMENT_3D('',#11437,#9417,#9418);
#7737=AXIS2_PLACEMENT_3D('',#11439,#9419,#9420);
#7738=AXIS2_PLACEMENT_3D('',#11442,#9422,#9423);
#7739=AXIS2_PLACEMENT_3D('',#11443,#9424,#9425);
#7740=AXIS2_PLACEMENT_3D('',#11453,#9430,#9431);
#7741=AXIS2_PLACEMENT_3D('',#11457,#9433,#9434);
#7742=AXIS2_PLACEMENT_3D('',#11461,#9436,#9437);
#7743=AXIS2_PLACEMENT_3D('',#11464,#9439,#9440);
#7744=AXIS2_PLACEMENT_3D('',#11465,#9441,#9442);
#7745=AXIS2_PLACEMENT_3D('',#11469,#9445,#9446);
#7746=AXIS2_PLACEMENT_3D('',#11472,#9448,#9449);
#7747=AXIS2_PLACEMENT_3D('',#11473,#9450,#9451);
#7748=AXIS2_PLACEMENT_3D('',#11481,#9455,#9456);
#7749=AXIS2_PLACEMENT_3D('',#11485,#9458,#9459);
#7750=AXIS2_PLACEMENT_3D('',#11489,#9461,#9462);
#7751=AXIS2_PLACEMENT_3D('',#11492,#9464,#9465);
#7752=AXIS2_PLACEMENT_3D('',#11493,#9466,#9467);
#7753=AXIS2_PLACEMENT_3D('',#11499,#9471,#9472);
#7754=AXIS2_PLACEMENT_3D('',#11504,#9476,#9477);
#7755=AXIS2_PLACEMENT_3D('',#11509,#9481,#9482);
#7756=AXIS2_PLACEMENT_3D('',#11513,#9486,#9487);
#7757=AXIS2_PLACEMENT_3D('',#11514,#9488,#9489);
#7758=AXIS2_PLACEMENT_3D('',#11515,#9490,#9491);
#7759=AXIS2_PLACEMENT_3D('',#11516,#9492,#9493);
#7760=AXIS2_PLACEMENT_3D('',#11517,#9494,#9495);
#7761=AXIS2_PLACEMENT_3D('',#11518,#9496,#9497);
#7762=AXIS2_PLACEMENT_3D('',#11520,#9498,#9499);
#7763=AXIS2_PLACEMENT_3D('',#11523,#9501,#9502);
#7764=AXIS2_PLACEMENT_3D('',#11524,#9503,#9504);
#7765=AXIS2_PLACEMENT_3D('',#11525,#9505,#9506);
#7766=AXIS2_PLACEMENT_3D('',#11527,#9507,#9508);
#7767=AXIS2_PLACEMENT_3D('',#11530,#9510,#9511);
#7768=AXIS2_PLACEMENT_3D('',#11531,#9512,#9513);
#7769=AXIS2_PLACEMENT_3D('',#11532,#9514,#9515);
#7770=AXIS2_PLACEMENT_3D('',#11534,#9516,#9517);
#7771=AXIS2_PLACEMENT_3D('',#11537,#9519,#9520);
#7772=AXIS2_PLACEMENT_3D('',#11538,#9521,#9522);
#7773=AXIS2_PLACEMENT_3D('',#11539,#9523,#9524);
#7774=AXIS2_PLACEMENT_3D('',#11541,#9525,#9526);
#7775=AXIS2_PLACEMENT_3D('',#11543,#9528,#9529);
#7776=AXIS2_PLACEMENT_3D('',#11544,#9530,#9531);
#7777=AXIS2_PLACEMENT_3D('',#11546,#9532,#9533);
#7778=AXIS2_PLACEMENT_3D('',#11549,#9535,#9536);
#7779=AXIS2_PLACEMENT_3D('',#11551,#9537,#9538);
#7780=AXIS2_PLACEMENT_3D('',#11553,#9540,#9541);
#7781=AXIS2_PLACEMENT_3D('',#11555,#9542,#9543);
#7782=AXIS2_PLACEMENT_3D('',#11558,#9545,#9546);
#7783=AXIS2_PLACEMENT_3D('',#11560,#9547,#9548);
#7784=AXIS2_PLACEMENT_3D('',#11562,#9550,#9551);
#7785=AXIS2_PLACEMENT_3D('',#11565,#9552,#9553);
#7786=AXIS2_PLACEMENT_3D('',#11568,#9556,#9557);
#7787=AXIS2_PLACEMENT_3D('',#11572,#9560,#9561);
#7788=AXIS2_PLACEMENT_3D('',#11576,#9563,#9564);
#7789=AXIS2_PLACEMENT_3D('',#11580,#9566,#9567);
#7790=AXIS2_PLACEMENT_3D('',#11583,#9569,#9570);
#7791=AXIS2_PLACEMENT_3D('',#11584,#9571,#9572);
#7792=AXIS2_PLACEMENT_3D('',#11587,#9575,#9576);
#7793=AXIS2_PLACEMENT_3D('',#11589,#9578,#9579);
#7794=AXIS2_PLACEMENT_3D('',#11591,#9581,#9582);
#7795=AXIS2_PLACEMENT_3D('',#11593,#9584,#9585);
#7796=AXIS2_PLACEMENT_3D('',#11594,#9586,#9587);
#7797=AXIS2_PLACEMENT_3D('',#11595,#9588,#9589);
#7798=AXIS2_PLACEMENT_3D('',#11597,#9591,#9592);
#7799=AXIS2_PLACEMENT_3D('placement',#11598,#9593,#9594);
#7800=AXIS2_PLACEMENT_3D('',#11599,#9595,#9596);
#7801=AXIS2_PLACEMENT_3D('',#11602,#9597,#9598);
#7802=AXIS2_PLACEMENT_3D('',#11606,#9600,#9601);
#7803=AXIS2_PLACEMENT_3D('',#11608,#9603,#9604);
#7804=AXIS2_PLACEMENT_3D('',#11610,#9605,#9606);
#7805=AXIS2_PLACEMENT_3D('',#11615,#9609,#9610);
#7806=AXIS2_PLACEMENT_3D('',#11616,#9611,#9612);
#7807=AXIS2_PLACEMENT_3D('',#11620,#9614,#9615);
#7808=AXIS2_PLACEMENT_3D('',#11622,#9617,#9618);
#7809=AXIS2_PLACEMENT_3D('',#11625,#9619,#9620);
#7810=AXIS2_PLACEMENT_3D('',#11629,#9622,#9623);
#7811=AXIS2_PLACEMENT_3D('',#11649,#9625,#9626);
#7812=AXIS2_PLACEMENT_3D('',#11653,#9628,#9629);
#7813=AXIS2_PLACEMENT_3D('',#11668,#9631,#9632);
#7814=AXIS2_PLACEMENT_3D('',#11672,#9635,#9636);
#7815=AXIS2_PLACEMENT_3D('',#11707,#9638,#9639);
#7816=AXIS2_PLACEMENT_3D('',#11708,#9640,#9641);
#7817=AXIS2_PLACEMENT_3D('',#11711,#9642,#9643);
#7818=AXIS2_PLACEMENT_3D('',#11713,#9644,#9645);
#7819=AXIS2_PLACEMENT_3D('',#11714,#9646,#9647);
#7820=AXIS2_PLACEMENT_3D('',#11715,#9648,#9649);
#7821=AXIS2_PLACEMENT_3D('',#11717,#9650,#9651);
#7822=AXIS2_PLACEMENT_3D('',#11718,#9652,#9653);
#7823=AXIS2_PLACEMENT_3D('',#11719,#9654,#9655);
#7824=AXIS2_PLACEMENT_3D('',#11721,#9656,#9657);
#7825=AXIS2_PLACEMENT_3D('',#11722,#9658,#9659);
#7826=AXIS2_PLACEMENT_3D('',#11723,#9660,#9661);
#7827=AXIS2_PLACEMENT_3D('',#11725,#9663,#9664);
#7828=AXIS2_PLACEMENT_3D('',#11728,#9665,#9666);
#7829=AXIS2_PLACEMENT_3D('',#11730,#9667,#9668);
#7830=AXIS2_PLACEMENT_3D('',#11731,#9669,#9670);
#7831=AXIS2_PLACEMENT_3D('',#11732,#9671,#9672);
#7832=AXIS2_PLACEMENT_3D('',#11737,#9674,#9675);
#7833=AXIS2_PLACEMENT_3D('',#11739,#9676,#9677);
#7834=AXIS2_PLACEMENT_3D('',#11742,#9679,#9680);
#7835=AXIS2_PLACEMENT_3D('',#11743,#9681,#9682);
#7836=AXIS2_PLACEMENT_3D('',#11750,#9683,#9684);
#7837=AXIS2_PLACEMENT_3D('',#11753,#9687,#9688);
#7838=AXIS2_PLACEMENT_3D('',#11756,#9691,#9692);
#7839=AXIS2_PLACEMENT_3D('',#11759,#9695,#9696);
#7840=AXIS2_PLACEMENT_3D('',#11774,#9699,#9700);
#7841=AXIS2_PLACEMENT_3D('',#11779,#9703,#9704);
#7842=AXIS2_PLACEMENT_3D('',#11780,#9705,#9706);
#7843=AXIS2_PLACEMENT_3D('',#11783,#9709,#9710);
#7844=AXIS2_PLACEMENT_3D('',#11794,#9713,#9714);
#7845=AXIS2_PLACEMENT_3D('',#11798,#9717,#9718);
#7846=AXIS2_PLACEMENT_3D('',#11799,#9719,#9720);
#7847=AXIS2_PLACEMENT_3D('',#11803,#9723,#9724);
#7848=AXIS2_PLACEMENT_3D('',#11805,#9725,#9726);
#7849=AXIS2_PLACEMENT_3D('',#11808,#9728,#9729);
#7850=AXIS2_PLACEMENT_3D('',#11809,#9730,#9731);
#7851=AXIS2_PLACEMENT_3D('',#11811,#9733,#9734);
#7852=AXIS2_PLACEMENT_3D('',#11813,#9736,#9737);
#7853=AXIS2_PLACEMENT_3D('',#11814,#9738,#9739);
#7854=AXIS2_PLACEMENT_3D('',#11816,#9740,#9741);
#7855=AXIS2_PLACEMENT_3D('',#11872,#9743,#9744);
#7856=AXIS2_PLACEMENT_3D('',#11873,#9745,#9746);
#7857=AXIS2_PLACEMENT_3D('',#11892,#9747,#9748);
#7858=AXIS2_PLACEMENT_3D('',#11895,#9750,#9751);
#7859=AXIS2_PLACEMENT_3D('',#11896,#9752,#9753);
#7860=AXIS2_PLACEMENT_3D('',#11899,#9755,#9756);
#7861=AXIS2_PLACEMENT_3D('',#11962,#9757,#9758);
#7862=AXIS2_PLACEMENT_3D('',#11964,#9759,#9760);
#7863=AXIS2_PLACEMENT_3D('',#11966,#9761,#9762);
#7864=AXIS2_PLACEMENT_3D('',#11973,#9763,#9764);
#7865=AXIS2_PLACEMENT_3D('',#11976,#9767,#9768);
#7866=AXIS2_PLACEMENT_3D('',#11977,#9769,#9770);
#7867=AXIS2_PLACEMENT_3D('',#11979,#9772,#9773);
#7868=AXIS2_PLACEMENT_3D('',#11981,#9775,#9776);
#7869=AXIS2_PLACEMENT_3D('',#11983,#9778,#9779);
#7870=AXIS2_PLACEMENT_3D('',#11984,#9780,#9781);
#7871=AXIS2_PLACEMENT_3D('placement',#11985,#9782,#9783);
#7872=AXIS2_PLACEMENT_3D('',#11986,#9784,#9785);
#7873=AXIS2_PLACEMENT_3D('',#11988,#9786,#9787);
#7874=AXIS2_PLACEMENT_3D('',#11989,#9788,#9789);
#7875=AXIS2_PLACEMENT_3D('',#11991,#9790,#9791);
#7876=AXIS2_PLACEMENT_3D('',#11993,#9793,#9794);
#7877=AXIS2_PLACEMENT_3D('',#11995,#9795,#9796);
#7878=AXIS2_PLACEMENT_3D('',#11997,#9798,#9799);
#7879=AXIS2_PLACEMENT_3D('',#11999,#9800,#9801);
#7880=AXIS2_PLACEMENT_3D('',#12001,#9803,#9804);
#7881=AXIS2_PLACEMENT_3D('',#12003,#9805,#9806);
#7882=AXIS2_PLACEMENT_3D('',#12005,#9808,#9809);
#7883=AXIS2_PLACEMENT_3D('',#12007,#9810,#9811);
#7884=AXIS2_PLACEMENT_3D('',#12009,#9813,#9814);
#7885=AXIS2_PLACEMENT_3D('',#12011,#9815,#9816);
#7886=AXIS2_PLACEMENT_3D('',#12013,#9818,#9819);
#7887=AXIS2_PLACEMENT_3D('',#12015,#9820,#9821);
#7888=AXIS2_PLACEMENT_3D('',#12017,#9823,#9824);
#7889=AXIS2_PLACEMENT_3D('',#12019,#9825,#9826);
#7890=AXIS2_PLACEMENT_3D('',#12020,#9827,#9828);
#7891=AXIS2_PLACEMENT_3D('',#12022,#9829,#9830);
#7892=AXIS2_PLACEMENT_3D('',#12024,#9832,#9833);
#7893=AXIS2_PLACEMENT_3D('',#12026,#9834,#9835);
#7894=AXIS2_PLACEMENT_3D('',#12027,#9836,#9837);
#7895=AXIS2_PLACEMENT_3D('',#12029,#9838,#9839);
#7896=AXIS2_PLACEMENT_3D('',#12031,#9841,#9842);
#7897=AXIS2_PLACEMENT_3D('',#12033,#9843,#9844);
#7898=AXIS2_PLACEMENT_3D('',#12034,#9845,#9846);
#7899=AXIS2_PLACEMENT_3D('',#12036,#9847,#9848);
#7900=AXIS2_PLACEMENT_3D('',#12038,#9850,#9851);
#7901=AXIS2_PLACEMENT_3D('',#12040,#9852,#9853);
#7902=AXIS2_PLACEMENT_3D('',#12041,#9854,#9855);
#7903=AXIS2_PLACEMENT_3D('',#12043,#9856,#9857);
#7904=AXIS2_PLACEMENT_3D('',#12045,#9859,#9860);
#7905=AXIS2_PLACEMENT_3D('',#12047,#9861,#9862);
#7906=AXIS2_PLACEMENT_3D('',#12048,#9863,#9864);
#7907=AXIS2_PLACEMENT_3D('',#12050,#9865,#9866);
#7908=AXIS2_PLACEMENT_3D('',#12052,#9868,#9869);
#7909=AXIS2_PLACEMENT_3D('',#12054,#9870,#9871);
#7910=AXIS2_PLACEMENT_3D('',#12055,#9872,#9873);
#7911=AXIS2_PLACEMENT_3D('',#12057,#9874,#9875);
#7912=AXIS2_PLACEMENT_3D('',#12059,#9877,#9878);
#7913=AXIS2_PLACEMENT_3D('',#12061,#9879,#9880);
#7914=AXIS2_PLACEMENT_3D('',#12062,#9881,#9882);
#7915=AXIS2_PLACEMENT_3D('',#12064,#9883,#9884);
#7916=AXIS2_PLACEMENT_3D('',#12066,#9886,#9887);
#7917=AXIS2_PLACEMENT_3D('',#12067,#9888,#9889);
#7918=AXIS2_PLACEMENT_3D('',#12068,#9890,#9891);
#7919=AXIS2_PLACEMENT_3D('',#12069,#9892,#9893);
#7920=AXIS2_PLACEMENT_3D('',#12070,#9894,#9895);
#7921=AXIS2_PLACEMENT_3D('',#12071,#9896,#9897);
#7922=AXIS2_PLACEMENT_3D('',#12072,#9898,#9899);
#7923=AXIS2_PLACEMENT_3D('',#12073,#9900,#9901);
#7924=AXIS2_PLACEMENT_3D('',#12074,#9902,#9903);
#7925=AXIS2_PLACEMENT_3D('',#12075,#9904,#9905);
#7926=AXIS2_PLACEMENT_3D('',#12076,#9906,#9907);
#7927=AXIS2_PLACEMENT_3D('',#12077,#9908,#9909);
#7928=AXIS2_PLACEMENT_3D('',#12078,#9910,#9911);
#7929=AXIS2_PLACEMENT_3D('',#12079,#9912,#9913);
#7930=AXIS2_PLACEMENT_3D('',#12080,#9914,#9915);
#7931=AXIS2_PLACEMENT_3D('',#12081,#9916,#9917);
#7932=AXIS2_PLACEMENT_3D('',#12082,#9918,#9919);
#7933=DIRECTION('axis',(0.,0.,1.));
#7934=DIRECTION('refdir',(1.,0.,0.));
#7935=DIRECTION('axis',(0.,0.,1.));
#7936=DIRECTION('refdir',(1.,0.,0.));
#7937=DIRECTION('axis',(0.,0.,1.));
#7938=DIRECTION('refdir',(1.,0.,0.));
#7939=DIRECTION('center_axis',(0.,0.,1.));
#7940=DIRECTION('ref_axis',(1.,0.,0.));
#7941=DIRECTION('',(-1.,0.,0.));
#7942=DIRECTION('',(-2.21352877183832E-16,1.,0.));
#7943=DIRECTION('',(1.,2.47863745032593E-16,0.));
#7944=DIRECTION('',(0.,-1.,0.));
#7945=DIRECTION('center_axis',(0.,0.,1.));
#7946=DIRECTION('ref_axis',(1.,0.,0.));
#7947=DIRECTION('',(1.,0.,0.));
#7948=DIRECTION('',(0.,-1.,0.));
#7949=DIRECTION('',(-1.,0.,0.));
#7950=DIRECTION('',(-2.21352877183832E-16,1.,0.));
#7951=DIRECTION('center_axis',(-1.,-2.21352877183832E-16,0.));
#7952=DIRECTION('ref_axis',(2.21352877183832E-16,-1.,0.));
#7953=DIRECTION('',(-2.21352877183832E-16,1.,0.));
#7954=DIRECTION('',(0.,0.,1.));
#7955=DIRECTION('',(2.21352877183832E-16,-1.,0.));
#7956=DIRECTION('',(0.,0.,1.));
#7957=DIRECTION('',(-2.21352877183832E-16,1.,0.));
#7958=DIRECTION('center_axis',(-2.47863745032593E-16,1.,0.));
#7959=DIRECTION('ref_axis',(-1.,-2.47863745032593E-16,0.));
#7960=DIRECTION('',(-1.,-2.47863745032593E-16,0.));
#7961=DIRECTION('',(0.,0.,1.));
#7962=DIRECTION('center_axis',(1.,0.,0.));
#7963=DIRECTION('ref_axis',(0.,1.,0.));
#7964=DIRECTION('',(0.,1.,0.));
#7965=DIRECTION('',(0.,0.,1.));
#7966=DIRECTION('',(0.,-1.,0.));
#7967=DIRECTION('',(0.,-1.,0.));
#7968=DIRECTION('center_axis',(0.,0.,1.));
#7969=DIRECTION('ref_axis',(1.,0.,0.));
#7970=DIRECTION('',(1.,8.26212483441977E-17,0.));
#7971=DIRECTION('center_axis',(0.,0.,1.));
#7972=DIRECTION('ref_axis',(1.,0.,0.));
#7973=DIRECTION('',(1.,0.,0.));
#7974=DIRECTION('',(-3.7895612573872E-16,1.,0.));
#7975=DIRECTION('',(-1.,0.,0.));
#7976=DIRECTION('center_axis',(0.,0.,1.));
#7977=DIRECTION('ref_axis',(1.,0.,0.));
#7978=DIRECTION('',(-1.,0.,0.));
#7979=DIRECTION('',(1.8947806286936E-16,-1.,0.));
#7980=DIRECTION('',(1.,0.,0.));
#7981=DIRECTION('center_axis',(0.,0.,1.));
#7982=DIRECTION('ref_axis',(1.,0.,0.));
#7983=DIRECTION('',(1.,0.,0.));
#7984=DIRECTION('',(-3.7895612573872E-16,1.,0.));
#7985=DIRECTION('',(-1.,0.,0.));
#7986=DIRECTION('center_axis',(0.,0.,1.));
#7987=DIRECTION('ref_axis',(1.,0.,0.));
#7988=DIRECTION('',(-1.,0.,0.));
#7989=DIRECTION('',(1.8947806286936E-16,-1.,0.));
#7990=DIRECTION('',(1.,0.,0.));
#7991=DIRECTION('center_axis',(0.707106781186548,0.,-0.707106781186548));
#7992=DIRECTION('ref_axis',(-0.707106781186548,0.,-0.707106781186548));
#7993=DIRECTION('',(-0.707106781186548,0.,-0.707106781186548));
#7994=DIRECTION('',(0.,1.,0.));
#7995=DIRECTION('',(0.707106781186548,0.,0.707106781186548));
#7996=DIRECTION('',(0.,-1.,0.));
#7997=DIRECTION('center_axis',(0.,0.,-1.));
#7998=DIRECTION('ref_axis',(-1.,0.,0.));
#7999=DIRECTION('',(-1.,0.,0.));
#8000=DIRECTION('',(0.,-1.,0.));
#8001=DIRECTION('',(1.,0.,0.));
#8002=DIRECTION('center_axis',(0.,-1.,0.));
#8003=DIRECTION('ref_axis',(1.,0.,0.));
#8004=DIRECTION('',(0.,0.,1.));
#8005=DIRECTION('',(-1.,0.,0.));
#8006=DIRECTION('',(0.,0.,1.));
#8007=DIRECTION('',(0.,0.,-1.));
#8008=DIRECTION('',(-1.,0.,0.));
#8009=DIRECTION('',(0.,0.,-1.));
#8010=DIRECTION('',(-0.707106781186548,0.,0.707106781186548));
#8011=DIRECTION('center_axis',(0.707106781186548,0.,-0.707106781186548));
#8012=DIRECTION('ref_axis',(-0.707106781186548,0.,-0.707106781186548));
#8013=DIRECTION('',(0.707106781186548,0.,0.707106781186548));
#8014=DIRECTION('',(0.,-1.,0.));
#8015=DIRECTION('',(-0.707106781186548,0.,-0.707106781186548));
#8016=DIRECTION('',(0.,1.,0.));
#8017=DIRECTION('center_axis',(0.,0.,-1.));
#8018=DIRECTION('ref_axis',(-1.,0.,0.));
#8019=DIRECTION('',(-1.,0.,0.));
#8020=DIRECTION('',(0.,-1.,0.));
#8021=DIRECTION('',(1.,0.,0.));
#8022=DIRECTION('center_axis',(0.,-1.,0.));
#8023=DIRECTION('ref_axis',(1.,0.,0.));
#8024=DIRECTION('',(0.,0.,1.));
#8025=DIRECTION('',(-1.,0.,0.));
#8026=DIRECTION('',(0.,0.,1.));
#8027=DIRECTION('',(0.,0.,-1.));
#8028=DIRECTION('',(-1.,0.,0.));
#8029=DIRECTION('',(0.,0.,1.));
#8030=DIRECTION('',(-0.707106781186548,0.,0.707106781186548));
#8031=DIRECTION('center_axis',(-0.707106781186548,0.,-0.707106781186548));
#8032=DIRECTION('ref_axis',(-0.707106781186548,0.,0.707106781186548));
#8033=DIRECTION('',(0.707106781186548,0.,-0.707106781186548));
#8034=DIRECTION('',(0.,1.,0.));
#8035=DIRECTION('center_axis',(0.,1.,0.));
#8036=DIRECTION('ref_axis',(-1.,0.,0.));
#8037=DIRECTION('',(0.,0.,-1.));
#8038=DIRECTION('',(1.,0.,0.));
#8039=DIRECTION('',(0.,0.,1.));
#8040=DIRECTION('',(0.,0.,-1.));
#8041=DIRECTION('',(1.,0.,0.));
#8042=DIRECTION('',(0.,0.,1.));
#8043=DIRECTION('center_axis',(-1.,0.,0.));
#8044=DIRECTION('ref_axis',(0.,-1.,0.));
#8045=DIRECTION('',(2.8421709430404E-16,-1.,0.));
#8046=DIRECTION('',(0.,0.,1.));
#8047=DIRECTION('',(0.,1.,0.));
#8048=DIRECTION('',(2.8421709430404E-16,-1.,0.));
#8049=DIRECTION('',(0.,0.,1.));
#8050=DIRECTION('',(2.8421709430404E-16,-1.,0.));
#8051=DIRECTION('',(0.,0.,1.));
#8052=DIRECTION('',(2.8421709430404E-16,-1.,0.));
#8053=DIRECTION('center_axis',(-0.707106781186548,0.,-0.707106781186548));
#8054=DIRECTION('ref_axis',(-0.707106781186548,0.,0.707106781186548));
#8055=DIRECTION('',(0.707106781186548,0.,-0.707106781186548));
#8056=DIRECTION('center_axis',(0.,0.,1.));
#8057=DIRECTION('ref_axis',(1.,0.,0.));
#8058=DIRECTION('',(-1.,0.,0.));
#8059=DIRECTION('',(-1.8947806286936E-16,1.,0.));
#8060=DIRECTION('center_axis',(0.,0.,1.));
#8061=DIRECTION('ref_axis',(1.,0.,0.));
#8062=DIRECTION('',(-1.8947806286936E-16,1.,0.));
#8063=DIRECTION('',(1.,0.,0.));
#8064=DIRECTION('center_axis',(0.,0.,1.));
#8065=DIRECTION('ref_axis',(1.,0.,0.));
#8066=DIRECTION('',(1.,0.,0.));
#8067=DIRECTION('',(-1.8947806286936E-16,1.,0.));
#8068=DIRECTION('center_axis',(0.,1.,0.));
#8069=DIRECTION('ref_axis',(-1.,0.,0.));
#8070=DIRECTION('',(-1.,0.,0.));
#8071=DIRECTION('',(0.,0.,1.));
#8072=DIRECTION('center_axis',(1.,1.8947806286936E-16,0.));
#8073=DIRECTION('ref_axis',(-1.8947806286936E-16,1.,0.));
#8074=DIRECTION('',(0.,0.,1.));
#8075=DIRECTION('',(-1.8947806286936E-16,1.,0.));
#8076=DIRECTION('',(0.,0.,1.));
#8077=DIRECTION('center_axis',(0.,-1.,0.));
#8078=DIRECTION('ref_axis',(1.,0.,0.));
#8079=DIRECTION('',(1.,0.,0.));
#8080=DIRECTION('center_axis',(0.,0.,1.));
#8081=DIRECTION('ref_axis',(1.,0.,0.));
#8082=DIRECTION('center_axis',(-1.,-3.7895612573872E-16,0.));
#8083=DIRECTION('ref_axis',(3.7895612573872E-16,-1.,0.));
#8084=DIRECTION('',(0.,0.,-1.));
#8085=DIRECTION('',(3.7895612573872E-16,-1.,0.));
#8086=DIRECTION('',(0.,0.,1.));
#8087=DIRECTION('',(3.7895612573872E-16,-1.,0.));
#8088=DIRECTION('',(0.,0.,1.));
#8089=DIRECTION('',(3.7895612573872E-16,-1.,0.));
#8090=DIRECTION('',(3.7895612573872E-16,-1.,0.));
#8091=DIRECTION('center_axis',(0.,0.,1.));
#8092=DIRECTION('ref_axis',(1.,0.,0.));
#8093=DIRECTION('',(-2.8421709430404E-16,1.,0.));
#8094=DIRECTION('',(1.,0.,0.));
#8095=DIRECTION('center_axis',(0.,0.,1.));
#8096=DIRECTION('ref_axis',(1.,0.,0.));
#8097=DIRECTION('',(-1.,0.,0.));
#8098=DIRECTION('',(-2.8421709430404E-16,1.,0.));
#8099=DIRECTION('center_axis',(0.,-1.,0.));
#8100=DIRECTION('ref_axis',(1.,0.,0.));
#8101=DIRECTION('',(0.,0.,1.));
#8102=DIRECTION('',(1.,0.,0.));
#8103=DIRECTION('center_axis',(0.,1.,0.));
#8104=DIRECTION('ref_axis',(-1.,0.,0.));
#8105=DIRECTION('',(-1.,0.,0.));
#8106=DIRECTION('',(0.,0.,1.));
#8107=DIRECTION('center_axis',(0.,0.,1.));
#8108=DIRECTION('ref_axis',(1.,0.,0.));
#8109=DIRECTION('',(-2.8421709430404E-16,1.,0.));
#8110=DIRECTION('center_axis',(0.,0.,1.));
#8111=DIRECTION('ref_axis',(1.,0.,0.));
#8112=DIRECTION('',(1.,0.,0.));
#8113=DIRECTION('',(-2.8421709430404E-16,1.,0.));
#8114=DIRECTION('center_axis',(1.,0.,0.));
#8115=DIRECTION('ref_axis',(0.,1.,0.));
#8116=DIRECTION('',(0.,0.,1.));
#8117=DIRECTION('center_axis',(0.,1.,0.));
#8118=DIRECTION('ref_axis',(-1.,0.,0.));
#8119=DIRECTION('axis',(0.,0.,1.));
#8120=DIRECTION('refdir',(1.,0.,0.));
#8121=DIRECTION('center_axis',(0.,0.,1.));
#8122=DIRECTION('ref_axis',(1.,0.,0.));
#8123=DIRECTION('center_axis',(0.,0.,-1.));
#8124=DIRECTION('ref_axis',(-1.,0.,0.));
#8125=DIRECTION('center_axis',(0.,0.,1.));
#8126=DIRECTION('ref_axis',(-1.,0.,0.));
#8127=DIRECTION('center_axis',(0.,0.,1.));
#8128=DIRECTION('ref_axis',(-1.,0.,0.));
#8129=DIRECTION('',(0.,0.,-1.));
#8130=DIRECTION('center_axis',(0.,0.,1.));
#8131=DIRECTION('ref_axis',(1.,0.,0.));
#8132=DIRECTION('axis',(0.,0.,1.));
#8133=DIRECTION('refdir',(1.,0.,0.));
#8134=DIRECTION('center_axis',(-1.,-2.10843541768576E-16,0.));
#8135=DIRECTION('ref_axis',(2.10843541768576E-16,-1.,0.));
#8136=DIRECTION('',(0.,0.,-1.));
#8137=DIRECTION('',(2.10843541768576E-16,-1.,0.));
#8138=DIRECTION('',(0.,0.,1.));
#8139=DIRECTION('',(-6.09036630651514E-16,1.,0.));
#8140=DIRECTION('center_axis',(0.,1.,0.));
#8141=DIRECTION('ref_axis',(-1.,0.,0.));
#8142=DIRECTION('',(-1.,0.,0.));
#8143=DIRECTION('',(0.,0.,1.));
#8144=DIRECTION('',(1.,0.,0.));
#8145=DIRECTION('center_axis',(1.,2.10843541768576E-16,0.));
#8146=DIRECTION('ref_axis',(-2.10843541768576E-16,1.,0.));
#8147=DIRECTION('',(-2.10843541768576E-16,1.,0.));
#8148=DIRECTION('',(0.,0.,-1.));
#8149=DIRECTION('',(2.10843541768576E-16,-1.,0.));
#8150=DIRECTION('center_axis',(0.,0.,-1.));
#8151=DIRECTION('ref_axis',(-1.,0.,0.));
#8152=DIRECTION('',(1.,2.99807061502152E-16,0.));
#8153=DIRECTION('',(-1.,0.,0.));
#8154=DIRECTION('',(-4.06024420434343E-16,1.,0.));
#8155=DIRECTION('center_axis',(7.4951765375538E-17,-1.,0.));
#8156=DIRECTION('ref_axis',(1.,7.4951765375538E-17,0.));
#8157=DIRECTION('',(1.,7.4951765375538E-17,0.));
#8158=DIRECTION('',(0.,0.,1.));
#8159=DIRECTION('center_axis',(-1.,-4.06024420434343E-16,0.));
#8160=DIRECTION('ref_axis',(4.06024420434343E-16,-1.,0.));
#8161=DIRECTION('',(4.06024420434343E-16,-1.,0.));
#8162=DIRECTION('',(0.,0.,1.));
#8163=DIRECTION('center_axis',(-2.99807061502152E-16,1.,0.));
#8164=DIRECTION('ref_axis',(-1.,-2.99807061502152E-16,0.));
#8165=DIRECTION('',(-1.,-2.99807061502152E-16,0.));
#8166=DIRECTION('center_axis',(0.,0.,1.));
#8167=DIRECTION('ref_axis',(1.,0.,0.));
#8168=DIRECTION('',(0.,0.,1.));
#8169=DIRECTION('',(1.,0.,0.));
#8170=DIRECTION('',(-6.12323399573151E-17,1.,-3.85185988877447E-34));
#8171=DIRECTION('',(0.999792700271551,6.12196465098696E-17,-0.0203606601985317));
#8172=DIRECTION('',(6.12323399573325E-17,-1.,0.));
#8173=DIRECTION('',(0.99945931370134,6.11992324700827E-17,0.0328797849087595));
#8174=DIRECTION('',(0.,1.,0.));
#8175=DIRECTION('',(1.,0.,0.));
#8176=DIRECTION('',(-4.79262178152048E-17,-1.,0.));
#8177=DIRECTION('',(0.934340650347486,-4.47794135221538E-17,0.356381185120983));
#8178=DIRECTION('',(-6.06092932501845E-17,-1.,-2.93408201197874E-32));
#8179=DIRECTION('',(-1.,6.06092932501845E-17,2.5216630743396E-31));
#8180=DIRECTION('axis',(0.,0.,1.));
#8181=DIRECTION('refdir',(1.,0.,0.));
#8182=DIRECTION('center_axis',(-1.,0.,0.));
#8183=DIRECTION('ref_axis',(0.,0.,1.));
#8184=DIRECTION('',(0.,1.,0.));
#8185=DIRECTION('',(0.,0.,-1.));
#8186=DIRECTION('',(0.,1.,0.));
#8187=DIRECTION('',(0.,0.,1.));
#8188=DIRECTION('center_axis',(0.,0.,1.));
#8189=DIRECTION('ref_axis',(-0.707106781186548,-0.707106781186547,0.));
#8190=DIRECTION('',(-0.707106781186547,0.707106781186548,0.));
#8191=DIRECTION('',(-0.707106781186548,-0.707106781186547,0.));
#8192=DIRECTION('',(0.707106781186547,-0.707106781186548,0.));
#8193=DIRECTION('',(0.707106781186548,0.707106781186547,0.));
#8194=DIRECTION('center_axis',(-0.707106781186548,-0.707106781186547,0.));
#8195=DIRECTION('ref_axis',(0.,0.,-1.));
#8196=DIRECTION('',(-0.707106781186547,0.707106781186548,0.));
#8197=DIRECTION('',(0.,0.,-1.));
#8198=DIRECTION('',(-0.707106781186547,0.707106781186548,0.));
#8199=DIRECTION('',(0.707106781186547,-0.707106781186548,0.));
#8200=DIRECTION('center_axis',(-8.37382644631346E-16,-1.,0.));
#8201=DIRECTION('ref_axis',(0.,0.,-1.));
#8202=DIRECTION('',(-1.,8.37382644631346E-16,0.));
#8203=DIRECTION('',(-1.,8.37382644631346E-16,0.));
#8204=DIRECTION('',(0.,0.,1.));
#8205=DIRECTION('center_axis',(0.,0.,1.));
#8206=DIRECTION('ref_axis',(-0.707106781186548,-0.707106781186547,0.));
#8207=DIRECTION('',(-0.707106781186548,-0.707106781186547,0.));
#8208=DIRECTION('',(0.707106781186547,-0.707106781186548,0.));
#8209=DIRECTION('',(0.707106781186548,0.707106781186547,0.));
#8210=DIRECTION('center_axis',(8.37382644631346E-16,1.,0.));
#8211=DIRECTION('ref_axis',(0.,0.,1.));
#8212=DIRECTION('',(1.,-8.37382644631346E-16,0.));
#8213=DIRECTION('',(0.,0.,-1.));
#8214=DIRECTION('',(1.,-8.37382644631346E-16,0.));
#8215=DIRECTION('',(0.,0.,1.));
#8216=DIRECTION('center_axis',(0.,0.,1.));
#8217=DIRECTION('ref_axis',(-0.707106781186547,0.707106781186548,0.));
#8218=DIRECTION('',(0.707106781186548,0.707106781186548,0.));
#8219=DIRECTION('',(-0.707106781186547,0.707106781186548,0.));
#8220=DIRECTION('',(-0.707106781186548,-0.707106781186548,0.));
#8221=DIRECTION('',(0.707106781186547,-0.707106781186548,0.));
#8222=DIRECTION('center_axis',(-0.707106781186548,0.707106781186548,0.));
#8223=DIRECTION('ref_axis',(0.,0.,-1.));
#8224=DIRECTION('',(0.707106781186548,0.707106781186548,0.));
#8225=DIRECTION('',(0.,0.,-1.));
#8226=DIRECTION('',(0.707106781186548,0.707106781186548,0.));
#8227=DIRECTION('',(-0.707106781186548,-0.707106781186548,0.));
#8228=DIRECTION('center_axis',(-1.,8.37382644631347E-16,0.));
#8229=DIRECTION('ref_axis',(0.,0.,1.));
#8230=DIRECTION('',(8.37382644631347E-16,1.,0.));
#8231=DIRECTION('',(8.37382644631347E-16,1.,0.));
#8232=DIRECTION('',(0.,0.,1.));
#8233=DIRECTION('center_axis',(0.,0.,1.));
#8234=DIRECTION('ref_axis',(-0.707106781186547,0.707106781186548,0.));
#8235=DIRECTION('',(-0.707106781186547,0.707106781186548,0.));
#8236=DIRECTION('',(-0.707106781186548,-0.707106781186548,0.));
#8237=DIRECTION('',(0.707106781186547,-0.707106781186548,0.));
#8238=DIRECTION('center_axis',(1.,-8.37382644631346E-16,0.));
#8239=DIRECTION('ref_axis',(0.,0.,-1.));
#8240=DIRECTION('',(-8.37382644631346E-16,-1.,0.));
#8241=DIRECTION('',(0.,0.,-1.));
#8242=DIRECTION('',(-8.37382644631346E-16,-1.,0.));
#8243=DIRECTION('',(0.,0.,1.));
#8244=DIRECTION('center_axis',(0.,0.,1.));
#8245=DIRECTION('ref_axis',(0.707106781186548,0.707106781186547,0.));
#8246=DIRECTION('',(0.707106781186548,-0.707106781186548,0.));
#8247=DIRECTION('',(0.707106781186548,0.707106781186547,0.));
#8248=DIRECTION('',(-0.707106781186548,0.707106781186548,0.));
#8249=DIRECTION('',(-0.707106781186548,-0.707106781186547,0.));
#8250=DIRECTION('center_axis',(0.707106781186548,0.707106781186548,0.));
#8251=DIRECTION('ref_axis',(0.,0.,-1.));
#8252=DIRECTION('',(0.707106781186548,-0.707106781186548,0.));
#8253=DIRECTION('',(0.,0.,-1.));
#8254=DIRECTION('',(0.707106781186548,-0.707106781186548,0.));
#8255=DIRECTION('',(-0.707106781186548,0.707106781186548,0.));
#8256=DIRECTION('center_axis',(8.37382644631346E-16,1.,0.));
#8257=DIRECTION('ref_axis',(0.,0.,1.));
#8258=DIRECTION('',(1.,-8.37382644631346E-16,0.));
#8259=DIRECTION('',(1.,-8.37382644631346E-16,0.));
#8260=DIRECTION('',(0.,0.,1.));
#8261=DIRECTION('center_axis',(0.,0.,1.));
#8262=DIRECTION('ref_axis',(0.707106781186548,0.707106781186547,0.));
#8263=DIRECTION('',(0.707106781186548,0.707106781186547,0.));
#8264=DIRECTION('',(-0.707106781186548,0.707106781186548,0.));
#8265=DIRECTION('',(-0.707106781186548,-0.707106781186547,0.));
#8266=DIRECTION('center_axis',(0.707106781186548,0.707106781186547,0.));
#8267=DIRECTION('ref_axis',(0.,0.,1.));
#8268=DIRECTION('',(0.,0.,1.));
#8269=DIRECTION('',(0.707106781186547,-0.707106781186548,0.));
#8270=DIRECTION('',(0.,0.,-1.));
#8271=DIRECTION('',(0.,0.,-1.));
#8272=DIRECTION('',(-0.707106781186547,0.707106781186548,0.));
#8273=DIRECTION('center_axis',(-0.707106781186547,0.707106781186548,0.));
#8274=DIRECTION('ref_axis',(0.,0.,1.));
#8275=DIRECTION('',(0.707106781186548,0.707106781186547,0.));
#8276=DIRECTION('center_axis',(0.707106781186547,-0.707106781186548,0.));
#8277=DIRECTION('ref_axis',(0.,0.,-1.));
#8278=DIRECTION('',(-0.707106781186548,-0.707106781186547,0.));
#8279=DIRECTION('',(0.,0.,1.));
#8280=DIRECTION('center_axis',(-0.707106781186547,0.707106781186548,0.));
#8281=DIRECTION('ref_axis',(0.,0.,1.));
#8282=DIRECTION('',(0.707106781186548,0.707106781186547,0.));
#8283=DIRECTION('',(0.138675049056307,0.138675049056307,0.98058067569092));
#8284=DIRECTION('center_axis',(0.707106781186548,0.707106781186547,0.));
#8285=DIRECTION('ref_axis',(0.,0.,1.));
#8286=DIRECTION('',(-0.707106781186547,0.707106781186548,0.));
#8287=DIRECTION('',(0.,0.,1.));
#8288=DIRECTION('',(0.707106781186547,-0.707106781186548,0.));
#8289=DIRECTION('center_axis',(-0.693375245281537,-0.693375245281536,0.196116135138184));
#8290=DIRECTION('ref_axis',(-0.138675049056307,-0.138675049056307,-0.98058067569092));
#8291=DIRECTION('',(-0.138675049056307,-0.138675049056307,-0.98058067569092));
#8292=DIRECTION('',(0.707106781186547,-0.707106781186548,0.));
#8293=DIRECTION('center_axis',(0.,0.,1.));
#8294=DIRECTION('ref_axis',(-0.707106781186548,-0.707106781186547,0.));
#8295=DIRECTION('',(-0.707106781186548,-0.707106781186547,0.));
#8296=DIRECTION('center_axis',(0.707106781186547,-0.707106781186548,0.));
#8297=DIRECTION('ref_axis',(0.,0.,-1.));
#8298=DIRECTION('center_axis',(0.707106781186548,-0.707106781186548,0.));
#8299=DIRECTION('ref_axis',(0.,0.,1.));
#8300=DIRECTION('',(0.,0.,1.));
#8301=DIRECTION('',(-0.707106781186548,-0.707106781186548,0.));
#8302=DIRECTION('',(0.,0.,-1.));
#8303=DIRECTION('',(0.,0.,-1.));
#8304=DIRECTION('',(0.707106781186548,0.707106781186548,0.));
#8305=DIRECTION('center_axis',(0.707106781186548,0.707106781186548,0.));
#8306=DIRECTION('ref_axis',(0.,0.,1.));
#8307=DIRECTION('',(0.707106781186548,-0.707106781186548,0.));
#8308=DIRECTION('center_axis',(-0.707106781186548,-0.707106781186548,0.));
#8309=DIRECTION('ref_axis',(0.,0.,-1.));
#8310=DIRECTION('',(-0.707106781186548,0.707106781186548,0.));
#8311=DIRECTION('',(0.,0.,1.));
#8312=DIRECTION('center_axis',(0.707106781186548,0.707106781186548,0.));
#8313=DIRECTION('ref_axis',(0.,0.,1.));
#8314=DIRECTION('',(0.707106781186547,-0.707106781186548,0.));
#8315=DIRECTION('',(0.138675049056307,-0.138675049056307,0.98058067569092));
#8316=DIRECTION('center_axis',(0.707106781186548,-0.707106781186548,0.));
#8317=DIRECTION('ref_axis',(0.,0.,1.));
#8318=DIRECTION('',(0.707106781186548,0.707106781186548,0.));
#8319=DIRECTION('',(0.,0.,1.));
#8320=DIRECTION('',(-0.707106781186548,-0.707106781186548,0.));
#8321=DIRECTION('center_axis',(-0.693375245281536,0.693375245281536,0.196116135138184));
#8322=DIRECTION('ref_axis',(-0.138675049056307,0.138675049056307,-0.98058067569092));
#8323=DIRECTION('',(-0.138675049056307,0.138675049056307,-0.98058067569092));
#8324=DIRECTION('',(-0.707106781186548,-0.707106781186548,0.));
#8325=DIRECTION('center_axis',(0.,0.,1.));
#8326=DIRECTION('ref_axis',(-0.707106781186547,0.707106781186548,0.));
#8327=DIRECTION('',(-0.707106781186547,0.707106781186548,0.));
#8328=DIRECTION('center_axis',(-0.707106781186548,-0.707106781186548,0.));
#8329=DIRECTION('ref_axis',(0.,0.,-1.));
#8330=DIRECTION('center_axis',(-0.707106781186548,-0.707106781186548,0.));
#8331=DIRECTION('ref_axis',(0.,0.,1.));
#8332=DIRECTION('',(0.,0.,1.));
#8333=DIRECTION('',(-0.707106781186548,0.707106781186548,0.));
#8334=DIRECTION('',(0.,0.,-1.));
#8335=DIRECTION('',(0.,0.,-1.));
#8336=DIRECTION('',(0.707106781186548,-0.707106781186548,0.));
#8337=DIRECTION('center_axis',(0.707106781186548,-0.707106781186548,0.));
#8338=DIRECTION('ref_axis',(0.,0.,1.));
#8339=DIRECTION('',(-0.707106781186548,-0.707106781186548,0.));
#8340=DIRECTION('center_axis',(-0.707106781186548,0.707106781186548,0.));
#8341=DIRECTION('ref_axis',(0.,0.,-1.));
#8342=DIRECTION('',(0.707106781186548,0.707106781186548,0.));
#8343=DIRECTION('',(0.,0.,1.));
#8344=DIRECTION('center_axis',(0.707106781186548,-0.707106781186548,0.));
#8345=DIRECTION('ref_axis',(0.,0.,1.));
#8346=DIRECTION('',(-0.707106781186548,-0.707106781186547,0.));
#8347=DIRECTION('',(-0.138675049056307,-0.138675049056307,0.98058067569092));
#8348=DIRECTION('center_axis',(-0.707106781186548,-0.707106781186548,0.));
#8349=DIRECTION('ref_axis',(0.,0.,1.));
#8350=DIRECTION('',(0.707106781186548,-0.707106781186548,0.));
#8351=DIRECTION('',(0.,0.,1.));
#8352=DIRECTION('',(-0.707106781186548,0.707106781186548,0.));
#8353=DIRECTION('center_axis',(0.693375245281536,0.693375245281536,0.196116135138184));
#8354=DIRECTION('ref_axis',(0.138675049056307,0.138675049056307,-0.98058067569092));
#8355=DIRECTION('',(0.138675049056307,0.138675049056307,-0.98058067569092));
#8356=DIRECTION('',(-0.707106781186548,0.707106781186548,0.));
#8357=DIRECTION('center_axis',(0.,0.,1.));
#8358=DIRECTION('ref_axis',(0.707106781186548,0.707106781186547,0.));
#8359=DIRECTION('',(0.707106781186548,0.707106781186547,0.));
#8360=DIRECTION('center_axis',(-0.707106781186548,0.707106781186548,0.));
#8361=DIRECTION('ref_axis',(0.,0.,-1.));
#8362=DIRECTION('center_axis',(0.,0.,1.));
#8363=DIRECTION('ref_axis',(1.,0.,0.));
#8364=DIRECTION('',(-1.,0.,0.));
#8365=DIRECTION('',(1.84396903743971E-16,-1.,0.));
#8366=DIRECTION('',(1.,0.,0.));
#8367=DIRECTION('',(1.84396903743971E-16,1.,0.));
#8368=DIRECTION('center_axis',(0.,0.,-1.));
#8369=DIRECTION('ref_axis',(-1.,0.,0.));
#8370=DIRECTION('center_axis',(0.,0.,-1.));
#8371=DIRECTION('ref_axis',(-1.,0.,0.));
#8372=DIRECTION('center_axis',(0.,0.,-1.));
#8373=DIRECTION('ref_axis',(-1.,0.,0.));
#8374=DIRECTION('center_axis',(0.,0.,-1.));
#8375=DIRECTION('ref_axis',(-1.,0.,0.));
#8376=DIRECTION('center_axis',(0.,0.,-1.));
#8377=DIRECTION('ref_axis',(-1.,0.,0.));
#8378=DIRECTION('',(0.707106781186548,0.707106781186548,0.));
#8379=DIRECTION('',(0.707106781186548,-0.707106781186548,0.));
#8380=DIRECTION('',(0.,-1.,0.));
#8381=DIRECTION('',(-0.707106781186548,-0.707106781186548,0.));
#8382=DIRECTION('',(-1.,0.,0.));
#8383=DIRECTION('',(-0.707106781186548,0.707106781186548,0.));
#8384=DIRECTION('',(0.707106781186548,0.707106781186548,0.));
#8385=DIRECTION('center_axis',(0.,-1.,0.));
#8386=DIRECTION('ref_axis',(0.,0.,-1.));
#8387=DIRECTION('',(-1.,0.,0.));
#8388=DIRECTION('',(0.,0.,-1.));
#8389=DIRECTION('',(0.,0.,1.));
#8390=DIRECTION('center_axis',(0.,0.,1.));
#8391=DIRECTION('ref_axis',(0.707106781186547,-0.707106781186548,0.));
#8392=DIRECTION('',(-0.707106781186548,-0.707106781186548,0.));
#8393=DIRECTION('',(0.707106781186547,-0.707106781186548,0.));
#8394=DIRECTION('',(0.707106781186548,0.707106781186548,0.));
#8395=DIRECTION('',(-0.707106781186547,0.707106781186548,0.));
#8396=DIRECTION('center_axis',(0.707106781186548,-0.707106781186548,0.));
#8397=DIRECTION('ref_axis',(0.,0.,-1.));
#8398=DIRECTION('',(0.,0.,-1.));
#8399=DIRECTION('',(-0.707106781186548,-0.707106781186548,0.));
#8400=DIRECTION('',(0.707106781186548,0.707106781186548,0.));
#8401=DIRECTION('center_axis',(1.,0.,0.));
#8402=DIRECTION('ref_axis',(0.,0.,-1.));
#8403=DIRECTION('',(0.,-1.,0.));
#8404=DIRECTION('',(0.,0.,1.));
#8405=DIRECTION('center_axis',(0.,0.,1.));
#8406=DIRECTION('ref_axis',(0.707106781186547,-0.707106781186548,0.));
#8407=DIRECTION('',(0.707106781186547,-0.707106781186548,0.));
#8408=DIRECTION('',(0.707106781186548,0.707106781186548,0.));
#8409=DIRECTION('',(-0.707106781186547,0.707106781186548,0.));
#8410=DIRECTION('center_axis',(-0.707106781186548,-0.707106781186548,0.));
#8411=DIRECTION('ref_axis',(0.,0.,1.));
#8412=DIRECTION('',(0.,0.,-1.));
#8413=DIRECTION('center_axis',(0.707106781186548,0.707106781186548,0.));
#8414=DIRECTION('ref_axis',(0.,0.,-1.));
#8415=DIRECTION('',(0.,0.,1.));
#8416=DIRECTION('center_axis',(-0.707106781186548,0.707106781186548,0.));
#8417=DIRECTION('ref_axis',(0.,0.,1.));
#8418=DIRECTION('',(0.,0.,1.));
#8419=DIRECTION('',(0.,0.,-1.));
#8420=DIRECTION('',(-0.707106781186548,-0.707106781186548,0.));
#8421=DIRECTION('center_axis',(-0.707106781186548,-0.707106781186548,0.));
#8422=DIRECTION('ref_axis',(0.,0.,1.));
#8423=DIRECTION('',(-0.707106781186547,0.707106781186548,0.));
#8424=DIRECTION('',(-0.138675049056307,0.138675049056307,0.98058067569092));
#8425=DIRECTION('center_axis',(-0.707106781186548,0.707106781186548,0.));
#8426=DIRECTION('ref_axis',(0.,0.,1.));
#8427=DIRECTION('',(-0.707106781186548,-0.707106781186548,0.));
#8428=DIRECTION('',(0.,0.,1.));
#8429=DIRECTION('center_axis',(0.693375245281536,-0.693375245281536,0.196116135138184));
#8430=DIRECTION('ref_axis',(0.138675049056307,-0.138675049056307,-0.98058067569092));
#8431=DIRECTION('',(0.138675049056307,-0.138675049056307,-0.98058067569092));
#8432=DIRECTION('',(0.707106781186548,0.707106781186548,0.));
#8433=DIRECTION('center_axis',(0.,0.,1.));
#8434=DIRECTION('ref_axis',(0.707106781186547,-0.707106781186548,0.));
#8435=DIRECTION('',(0.707106781186547,-0.707106781186548,0.));
#8436=DIRECTION('center_axis',(0.707106781186548,0.707106781186548,0.));
#8437=DIRECTION('ref_axis',(0.,0.,-1.));
#8438=DIRECTION('center_axis',(0.,0.,1.));
#8439=DIRECTION('ref_axis',(-1.,0.,0.));
#8440=DIRECTION('center_axis',(0.,0.,1.));
#8441=DIRECTION('ref_axis',(-1.,0.,0.));
#8442=DIRECTION('',(0.,0.,-1.));
#8443=DIRECTION('',(0.,0.,1.));
#8444=DIRECTION('',(0.,0.,1.));
#8445=DIRECTION('',(0.,0.,1.));
#8446=DIRECTION('',(0.,0.,1.));
#8447=DIRECTION('center_axis',(0.,0.,1.));
#8448=DIRECTION('ref_axis',(1.,0.,0.));
#8449=DIRECTION('center_axis',(1.,-1.84396903743971E-16,0.));
#8450=DIRECTION('ref_axis',(1.84396903743971E-16,1.,0.));
#8451=DIRECTION('',(-1.84396903743971E-16,-1.,0.));
#8452=DIRECTION('',(0.,0.,1.));
#8453=DIRECTION('',(0.,0.,1.));
#8454=DIRECTION('center_axis',(0.,-1.,0.));
#8455=DIRECTION('ref_axis',(1.,0.,0.));
#8456=DIRECTION('',(-1.,0.,0.));
#8457=DIRECTION('',(0.,0.,1.));
#8458=DIRECTION('center_axis',(-1.,-1.84396903743971E-16,0.));
#8459=DIRECTION('ref_axis',(1.84396903743971E-16,-1.,0.));
#8460=DIRECTION('',(-1.84396903743971E-16,1.,0.));
#8461=DIRECTION('',(0.,0.,1.));
#8462=DIRECTION('center_axis',(0.,1.,0.));
#8463=DIRECTION('ref_axis',(-1.,0.,0.));
#8464=DIRECTION('',(1.,0.,0.));
#8465=DIRECTION('center_axis',(0.,0.,1.));
#8466=DIRECTION('ref_axis',(1.,0.,0.));
#8467=DIRECTION('axis',(0.,0.,1.));
#8468=DIRECTION('refdir',(1.,0.,0.));
#8469=DIRECTION('center_axis',(1.,-1.59651253994026E-16,0.));
#8470=DIRECTION('ref_axis',(1.59651253994026E-16,1.,0.));
#8471=DIRECTION('',(0.,0.,-1.));
#8472=DIRECTION('',(1.59651253994026E-16,1.,0.));
#8473=DIRECTION('',(0.,0.,1.));
#8474=DIRECTION('',(1.59651253994026E-16,1.,0.));
#8475=DIRECTION('center_axis',(-1.,3.19302507988052E-16,0.));
#8476=DIRECTION('ref_axis',(-3.19302507988052E-16,-1.,0.));
#8477=DIRECTION('',(0.,0.,1.));
#8478=DIRECTION('',(-3.19302507988052E-16,-1.,0.));
#8479=DIRECTION('',(0.,0.,-1.));
#8480=DIRECTION('',(-3.19302507988052E-16,-1.,0.));
#8481=DIRECTION('center_axis',(0.,0.,1.));
#8482=DIRECTION('ref_axis',(1.,0.,0.));
#8483=DIRECTION('center_axis',(0.,0.,1.));
#8484=DIRECTION('ref_axis',(-1.,0.,0.));
#8485=DIRECTION('center_axis',(0.,0.,1.));
#8486=DIRECTION('ref_axis',(-1.,0.,0.));
#8487=DIRECTION('',(0.,1.,0.));
#8488=DIRECTION('',(-1.,0.,0.));
#8489=DIRECTION('',(0.,-1.,0.));
#8490=DIRECTION('center_axis',(0.,0.,1.));
#8491=DIRECTION('ref_axis',(-1.,0.,0.));
#8492=DIRECTION('center_axis',(0.,0.,1.));
#8493=DIRECTION('ref_axis',(1.,0.,0.));
#8494=DIRECTION('center_axis',(0.,0.,-1.));
#8495=DIRECTION('ref_axis',(-1.,0.,0.));
#8496=DIRECTION('center_axis',(0.,0.,1.));
#8497=DIRECTION('ref_axis',(1.,0.,0.));
#8498=DIRECTION('center_axis',(0.,0.,-1.));
#8499=DIRECTION('ref_axis',(-1.,0.,0.));
#8500=DIRECTION('center_axis',(0.,0.,-1.));
#8501=DIRECTION('ref_axis',(-1.,0.,0.));
#8502=DIRECTION('center_axis',(0.707106781186547,0.,0.707106781186548));
#8503=DIRECTION('ref_axis',(-0.707106781186548,0.,0.707106781186547));
#8504=DIRECTION('',(-0.707106781186548,0.,0.707106781186547));
#8505=DIRECTION('',(0.,-1.,0.));
#8506=DIRECTION('center_axis',(0.707106781186547,0.,0.707106781186548));
#8507=DIRECTION('ref_axis',(-0.707106781186548,0.,0.707106781186547));
#8508=DIRECTION('center_axis',(0.,-1.,0.));
#8509=DIRECTION('ref_axis',(0.,0.,-1.));
#8510=DIRECTION('',(-0.707106781186547,0.,-0.707106781186548));
#8511=DIRECTION('center_axis',(-0.707106781186548,0.,0.707106781186547));
#8512=DIRECTION('ref_axis',(-0.707106781186547,0.,-0.707106781186548));
#8513=DIRECTION('center_axis',(-0.707106781186548,0.,0.707106781186547));
#8514=DIRECTION('ref_axis',(-0.707106781186547,0.,-0.707106781186548));
#8515=DIRECTION('center_axis',(0.707106781186548,0.,0.707106781186548));
#8516=DIRECTION('ref_axis',(-0.707106781186548,0.,0.707106781186548));
#8517=DIRECTION('center_axis',(0.707106781186548,0.,0.707106781186548));
#8518=DIRECTION('ref_axis',(-0.707106781186547,0.,0.707106781186547));
#8519=DIRECTION('',(0.,-1.,0.));
#8520=DIRECTION('',(-0.707106781186548,0.,0.707106781186548));
#8521=DIRECTION('',(0.,-1.,0.));
#8522=DIRECTION('center_axis',(-0.707106781186548,0.,0.707106781186548));
#8523=DIRECTION('ref_axis',(-0.707106781186548,0.,-0.707106781186548));
#8524=DIRECTION('center_axis',(-0.707106781186548,0.,0.707106781186548));
#8525=DIRECTION('ref_axis',(-0.707106781186547,0.,-0.707106781186547));
#8526=DIRECTION('',(0.,-1.,0.));
#8527=DIRECTION('',(-0.707106781186548,0.,-0.707106781186548));
#8528=DIRECTION('',(0.,-1.,0.));
#8529=DIRECTION('center_axis',(0.,0.,-1.));
#8530=DIRECTION('ref_axis',(1.,0.,0.));
#8531=DIRECTION('center_axis',(0.,0.,-1.));
#8532=DIRECTION('ref_axis',(-1.,0.,0.));
#8533=DIRECTION('',(1.,0.,0.));
#8534=DIRECTION('center_axis',(0.,-1.,0.));
#8535=DIRECTION('ref_axis',(0.,0.,-1.));
#8536=DIRECTION('center_axis',(0.,0.,1.));
#8537=DIRECTION('ref_axis',(-1.,0.,0.));
#8538=DIRECTION('center_axis',(0.,0.,1.));
#8539=DIRECTION('ref_axis',(-1.,0.,0.));
#8540=DIRECTION('center_axis',(0.,0.,1.));
#8541=DIRECTION('ref_axis',(-1.,0.,0.));
#8542=DIRECTION('',(0.,0.,-1.));
#8543=DIRECTION('center_axis',(0.,0.,1.));
#8544=DIRECTION('ref_axis',(1.,0.,0.));
#8545=DIRECTION('axis',(0.,0.,1.));
#8546=DIRECTION('refdir',(1.,0.,0.));
#8547=DIRECTION('center_axis',(0.707106781186548,0.,0.707106781186548));
#8548=DIRECTION('ref_axis',(-0.707106781186548,0.,0.707106781186548));
#8549=DIRECTION('center_axis',(0.707106781186548,0.,0.707106781186548));
#8550=DIRECTION('ref_axis',(-0.707106781186547,0.,0.707106781186547));
#8551=DIRECTION('',(0.,-1.,0.));
#8552=DIRECTION('',(-0.707106781186548,0.,0.707106781186548));
#8553=DIRECTION('',(0.,-1.,0.));
#8554=DIRECTION('center_axis',(-0.707106781186548,0.,0.707106781186548));
#8555=DIRECTION('ref_axis',(-0.707106781186548,0.,-0.707106781186548));
#8556=DIRECTION('center_axis',(-0.707106781186548,0.,0.707106781186548));
#8557=DIRECTION('ref_axis',(-0.707106781186547,0.,-0.707106781186547));
#8558=DIRECTION('',(0.,-1.,0.));
#8559=DIRECTION('',(-0.707106781186548,0.,-0.707106781186548));
#8560=DIRECTION('',(0.,-1.,0.));
#8561=DIRECTION('center_axis',(0.,0.,-1.));
#8562=DIRECTION('ref_axis',(1.,0.,0.));
#8563=DIRECTION('center_axis',(0.,0.,-1.));
#8564=DIRECTION('ref_axis',(-1.,0.,0.));
#8565=DIRECTION('',(1.,0.,0.));
#8566=DIRECTION('center_axis',(0.,-1.,0.));
#8567=DIRECTION('ref_axis',(0.,0.,-1.));
#8568=DIRECTION('center_axis',(0.,0.,1.));
#8569=DIRECTION('ref_axis',(-1.,0.,0.));
#8570=DIRECTION('center_axis',(0.,0.,1.));
#8571=DIRECTION('ref_axis',(-1.,0.,0.));
#8572=DIRECTION('center_axis',(0.,0.,1.));
#8573=DIRECTION('ref_axis',(-1.,0.,0.));
#8574=DIRECTION('',(0.,0.,-1.));
#8575=DIRECTION('center_axis',(0.,0.,-1.));
#8576=DIRECTION('ref_axis',(-1.,0.,0.));
#8577=DIRECTION('center_axis',(0.,0.,1.));
#8578=DIRECTION('ref_axis',(1.,0.,0.));
#8579=DIRECTION('center_axis',(0.,0.,1.));
#8580=DIRECTION('ref_axis',(1.,0.,0.));
#8581=DIRECTION('axis',(0.,0.,1.));
#8582=DIRECTION('refdir',(1.,0.,0.));
#8583=DIRECTION('center_axis',(0.,0.699900566279491,-0.714240293823898));
#8584=DIRECTION('ref_axis',(0.,0.714240293823898,0.699900566279491));
#8585=DIRECTION('',(1.,0.,0.));
#8586=DIRECTION('',(0.,0.714240293823898,0.699900566279491));
#8587=DIRECTION('',(1.,0.,0.));
#8588=DIRECTION('',(0.,-0.714240293823898,-0.699900566279491));
#8589=DIRECTION('center_axis',(0.,0.699900566279491,-0.714240293823898));
#8590=DIRECTION('ref_axis',(0.,0.714240293823898,0.699900566279491));
#8591=DIRECTION('',(1.,0.,0.));
#8592=DIRECTION('',(0.,-0.714240293823898,-0.699900566279491));
#8593=DIRECTION('',(1.,0.,0.));
#8594=DIRECTION('',(0.,0.714240293823898,0.699900566279491));
#8595=DIRECTION('center_axis',(0.,-0.871050742211966,-0.49119304198246));
#8596=DIRECTION('ref_axis',(0.,0.49119304198246,-0.871050742211966));
#8597=DIRECTION('',(0.,-0.49119304198246,0.871050742211966));
#8598=DIRECTION('',(0.,0.49119304198246,-0.871050742211966));
#8599=DIRECTION('',(1.,0.,0.));
#8600=DIRECTION('center_axis',(0.,0.508755549749625,0.860911023624949));
#8601=DIRECTION('ref_axis',(0.,-0.860911023624949,0.508755549749625));
#8602=DIRECTION('',(0.,0.860911023624949,-0.508755549749625));
#8603=DIRECTION('',(0.,-0.860911023624949,0.508755549749625));
#8604=DIRECTION('center_axis',(1.,0.,0.));
#8605=DIRECTION('ref_axis',(0.,0.712314921606191,0.701859994911497));
#8606=DIRECTION('center_axis',(1.,0.,0.));
#8607=DIRECTION('ref_axis',(0.,0.712314921606191,0.701859994911497));
#8608=DIRECTION('center_axis',(-1.,0.,0.));
#8609=DIRECTION('ref_axis',(0.,0.712314921606191,0.701859994911497));
#8610=DIRECTION('',(1.,0.,0.));
#8611=DIRECTION('center_axis',(0.,0.699900566279488,-0.714240293823901));
#8612=DIRECTION('ref_axis',(0.,0.714240293823901,0.699900566279488));
#8613=DIRECTION('',(0.,-0.714240293823901,-0.699900566279488));
#8614=DIRECTION('',(0.,0.714240293823901,0.699900566279488));
#8615=DIRECTION('',(1.,0.,0.));
#8616=DIRECTION('center_axis',(1.,0.,0.));
#8617=DIRECTION('ref_axis',(0.,-0.712470638167534,-0.701701923717718));
#8618=DIRECTION('center_axis',(-1.,0.,0.));
#8619=DIRECTION('ref_axis',(0.,-0.712470638167534,-0.701701923717718));
#8620=DIRECTION('center_axis',(1.,0.,0.));
#8621=DIRECTION('ref_axis',(0.,-0.712470638167534,-0.701701923717718));
#8622=DIRECTION('center_axis',(1.,0.,0.));
#8623=DIRECTION('ref_axis',(0.,0.,-1.));
#8624=DIRECTION('center_axis',(0.,0.638480902473462,0.769637666162899));
#8625=DIRECTION('ref_axis',(0.,-0.769637666162899,0.638480902473462));
#8626=DIRECTION('',(1.,0.,0.));
#8627=DIRECTION('',(0.,0.769637666162899,-0.638480902473462));
#8628=DIRECTION('',(1.,0.,0.));
#8629=DIRECTION('',(0.,-0.769637666162899,0.638480902473462));
#8630=DIRECTION('center_axis',(0.,-0.908663916125966,0.417528307460252));
#8631=DIRECTION('ref_axis',(0.,-0.417528307460252,-0.908663916125966));
#8632=DIRECTION('',(0.,0.417528307460252,0.908663916125966));
#8633=DIRECTION('',(1.,0.,0.));
#8634=DIRECTION('',(0.,-0.417528307460252,-0.908663916125966));
#8635=DIRECTION('center_axis',(0.,0.638480902473462,0.769637666162899));
#8636=DIRECTION('ref_axis',(0.,-0.769637666162899,0.638480902473462));
#8637=DIRECTION('',(1.,0.,0.));
#8638=DIRECTION('',(0.,-0.769637666162899,0.638480902473462));
#8639=DIRECTION('',(1.,0.,0.));
#8640=DIRECTION('',(0.,0.769637666162899,-0.638480902473462));
#8641=DIRECTION('center_axis',(0.,0.578161881137213,-0.815922079122681));
#8642=DIRECTION('ref_axis',(0.,0.815922079122681,0.578161881137213));
#8643=DIRECTION('',(0.,-0.815922079122681,-0.578161881137213));
#8644=DIRECTION('',(0.,0.815922079122681,0.578161881137213));
#8645=DIRECTION('center_axis',(0.,0.638480902473471,0.769637666162891));
#8646=DIRECTION('ref_axis',(0.,-0.769637666162891,0.638480902473471));
#8647=DIRECTION('',(0.,0.769637666162891,-0.638480902473471));
#8648=DIRECTION('',(1.,0.,0.));
#8649=DIRECTION('',(0.,-0.769637666162891,0.638480902473471));
#8650=DIRECTION('',(1.,0.,0.));
#8651=DIRECTION('center_axis',(1.,0.,0.));
#8652=DIRECTION('ref_axis',(0.,0.581628101977494,-0.813454824185128));
#8653=DIRECTION('center_axis',(1.,0.,0.));
#8654=DIRECTION('ref_axis',(0.,0.581628101977494,-0.813454824185128));
#8655=DIRECTION('center_axis',(-1.,0.,0.));
#8656=DIRECTION('ref_axis',(0.,0.581628101977494,-0.813454824185128));
#8657=DIRECTION('center_axis',(1.,0.,0.));
#8658=DIRECTION('ref_axis',(0.,-0.600524356317783,0.799606464124142));
#8659=DIRECTION('center_axis',(-1.,0.,0.));
#8660=DIRECTION('ref_axis',(0.,-0.600524356317783,0.799606464124142));
#8661=DIRECTION('center_axis',(1.,0.,0.));
#8662=DIRECTION('ref_axis',(0.,-0.600524356317783,0.799606464124142));
#8663=DIRECTION('center_axis',(1.,0.,0.));
#8664=DIRECTION('ref_axis',(0.,0.,-1.));
#8665=DIRECTION('center_axis',(1.,0.,0.));
#8666=DIRECTION('ref_axis',(0.,1.,0.));
#8667=DIRECTION('',(0.,-1.,0.));
#8668=DIRECTION('',(0.,0.,1.));
#8669=DIRECTION('',(0.,1.,0.));
#8670=DIRECTION('',(0.,0.,1.));
#8671=DIRECTION('center_axis',(0.,-1.,0.));
#8672=DIRECTION('ref_axis',(1.,0.,0.));
#8673=DIRECTION('',(-1.,0.,0.));
#8674=DIRECTION('',(1.,0.,0.));
#8675=DIRECTION('',(0.,0.,1.));
#8676=DIRECTION('center_axis',(-1.,0.,0.));
#8677=DIRECTION('ref_axis',(0.,-1.,0.));
#8678=DIRECTION('',(0.,1.,0.));
#8679=DIRECTION('',(0.,-1.,0.));
#8680=DIRECTION('',(0.,0.,1.));
#8681=DIRECTION('center_axis',(0.,1.,0.));
#8682=DIRECTION('ref_axis',(-1.,0.,0.));
#8683=DIRECTION('',(1.,0.,0.));
#8684=DIRECTION('',(-1.,0.,0.));
#8685=DIRECTION('center_axis',(0.,0.,1.));
#8686=DIRECTION('ref_axis',(1.,0.,0.));
#8687=DIRECTION('center_axis',(0.,0.,1.));
#8688=DIRECTION('ref_axis',(1.,0.,0.));
#8689=DIRECTION('axis',(0.,0.,1.));
#8690=DIRECTION('refdir',(1.,0.,0.));
#8691=DIRECTION('center_axis',(0.,0.553226239271865,-0.83303104874975));
#8692=DIRECTION('ref_axis',(0.,0.83303104874975,0.553226239271865));
#8693=DIRECTION('',(0.,-0.83303104874975,-0.553226239271865));
#8694=DIRECTION('',(1.,0.,0.));
#8695=DIRECTION('',(0.,0.83303104874975,0.553226239271865));
#8696=DIRECTION('',(1.,0.,0.));
#8697=DIRECTION('center_axis',(0.,-0.553226239271865,-0.83303104874975));
#8698=DIRECTION('ref_axis',(0.,0.83303104874975,-0.553226239271865));
#8699=DIRECTION('',(0.,-0.83303104874975,0.553226239271865));
#8700=DIRECTION('',(0.,0.83303104874975,-0.553226239271865));
#8701=DIRECTION('',(1.,0.,0.));
#8702=DIRECTION('center_axis',(0.,0.,1.));
#8703=DIRECTION('ref_axis',(0.,-1.,0.));
#8704=DIRECTION('',(0.,1.,0.));
#8705=DIRECTION('',(0.,-1.,0.));
#8706=DIRECTION('center_axis',(1.,0.,0.));
#8707=DIRECTION('ref_axis',(0.,0.,-1.));
#8708=DIRECTION('center_axis',(0.,0.553226239271864,-0.833031048749751));
#8709=DIRECTION('ref_axis',(0.,0.833031048749751,0.553226239271864));
#8710=DIRECTION('',(0.,-0.833031048749751,-0.553226239271864));
#8711=DIRECTION('',(1.,0.,0.));
#8712=DIRECTION('',(0.,0.833031048749751,0.553226239271864));
#8713=DIRECTION('',(1.,0.,0.));
#8714=DIRECTION('center_axis',(0.,-0.553226239271864,-0.833031048749751));
#8715=DIRECTION('ref_axis',(0.,0.833031048749751,-0.553226239271864));
#8716=DIRECTION('',(0.,-0.833031048749751,0.553226239271864));
#8717=DIRECTION('',(0.,0.833031048749751,-0.553226239271864));
#8718=DIRECTION('',(1.,0.,0.));
#8719=DIRECTION('center_axis',(0.,0.,1.));
#8720=DIRECTION('ref_axis',(0.,-1.,0.));
#8721=DIRECTION('',(0.,1.,0.));
#8722=DIRECTION('',(0.,-1.,0.));
#8723=DIRECTION('center_axis',(1.,0.,0.));
#8724=DIRECTION('ref_axis',(0.,0.,-1.));
#8725=DIRECTION('center_axis',(1.,0.,0.));
#8726=DIRECTION('ref_axis',(0.,1.,0.));
#8727=DIRECTION('',(0.,0.,1.));
#8728=DIRECTION('',(0.,1.,0.));
#8729=DIRECTION('',(0.,0.,1.));
#8730=DIRECTION('center_axis',(1.,0.,0.));
#8731=DIRECTION('ref_axis',(0.,1.,0.));
#8732=DIRECTION('',(0.,0.,1.));
#8733=DIRECTION('',(0.,-1.,0.));
#8734=DIRECTION('',(0.,0.,1.));
#8735=DIRECTION('center_axis',(1.,0.,0.));
#8736=DIRECTION('ref_axis',(0.,1.,0.));
#8737=DIRECTION('',(0.,0.,1.));
#8738=DIRECTION('',(0.,0.,1.));
#8739=DIRECTION('center_axis',(-0.65931209896592,0.,-0.751869374397676));
#8740=DIRECTION('ref_axis',(-0.751869374397676,0.,0.65931209896592));
#8741=DIRECTION('',(0.751869374397676,0.,-0.65931209896592));
#8742=DIRECTION('',(0.,1.,0.));
#8743=DIRECTION('',(-0.751869374397676,0.,0.65931209896592));
#8744=DIRECTION('',(0.,1.,0.));
#8745=DIRECTION('center_axis',(0.65931209896592,0.,-0.751869374397676));
#8746=DIRECTION('ref_axis',(-0.751869374397676,0.,-0.65931209896592));
#8747=DIRECTION('',(0.751869374397676,0.,0.65931209896592));
#8748=DIRECTION('',(-0.751869374397676,0.,-0.65931209896592));
#8749=DIRECTION('',(0.,1.,0.));
#8750=DIRECTION('center_axis',(0.,0.,1.));
#8751=DIRECTION('ref_axis',(1.,0.,0.));
#8752=DIRECTION('',(-1.,0.,0.));
#8753=DIRECTION('',(1.,0.,0.));
#8754=DIRECTION('center_axis',(0.,1.,0.));
#8755=DIRECTION('ref_axis',(0.,0.,1.));
#8756=DIRECTION('center_axis',(0.,0.,1.));
#8757=DIRECTION('ref_axis',(1.,0.,0.));
#8758=DIRECTION('',(-1.,0.,0.));
#8759=DIRECTION('',(0.,1.,0.));
#8760=DIRECTION('',(1.,0.,0.));
#8761=DIRECTION('',(0.,1.,0.));
#8762=DIRECTION('center_axis',(-0.65931209896592,0.,-0.751869374397676));
#8763=DIRECTION('ref_axis',(-0.751869374397676,0.,0.65931209896592));
#8764=DIRECTION('',(0.751869374397676,0.,-0.65931209896592));
#8765=DIRECTION('',(-0.751869374397676,0.,0.65931209896592));
#8766=DIRECTION('',(0.,1.,0.));
#8767=DIRECTION('center_axis',(0.65931209896592,0.,-0.751869374397676));
#8768=DIRECTION('ref_axis',(-0.751869374397676,0.,-0.65931209896592));
#8769=DIRECTION('',(0.751869374397676,0.,0.65931209896592));
#8770=DIRECTION('',(-0.751869374397676,0.,-0.65931209896592));
#8771=DIRECTION('center_axis',(0.,1.,0.));
#8772=DIRECTION('ref_axis',(0.,0.,1.));
#8773=DIRECTION('center_axis',(0.,1.,0.));
#8774=DIRECTION('ref_axis',(-1.,0.,0.));
#8775=DIRECTION('',(0.,0.,1.));
#8776=DIRECTION('',(-1.,0.,0.));
#8777=DIRECTION('center_axis',(0.,1.,0.));
#8778=DIRECTION('ref_axis',(-1.,0.,0.));
#8779=DIRECTION('',(1.,0.,0.));
#8780=DIRECTION('',(0.,0.,1.));
#8781=DIRECTION('center_axis',(0.,1.,0.));
#8782=DIRECTION('ref_axis',(-1.,0.,0.));
#8783=DIRECTION('',(0.,0.,1.));
#8784=DIRECTION('center_axis',(0.,-1.,0.));
#8785=DIRECTION('ref_axis',(1.,0.,0.));
#8786=DIRECTION('',(-1.,0.,0.));
#8787=DIRECTION('',(1.,0.,0.));
#8788=DIRECTION('',(0.,0.,1.));
#8789=DIRECTION('center_axis',(-1.,0.,0.));
#8790=DIRECTION('ref_axis',(0.,-1.,0.));
#8791=DIRECTION('',(0.,1.,0.));
#8792=DIRECTION('',(0.,-1.,0.));
#8793=DIRECTION('center_axis',(0.,0.,1.));
#8794=DIRECTION('ref_axis',(1.,0.,0.));
#8795=DIRECTION('center_axis',(0.,0.,1.));
#8796=DIRECTION('ref_axis',(1.,0.,0.));
#8797=DIRECTION('axis',(0.,0.,1.));
#8798=DIRECTION('refdir',(1.,0.,0.));
#8799=DIRECTION('center_axis',(0.,-0.598801724244563,-0.800897306177102));
#8800=DIRECTION('ref_axis',(0.,0.800897306177102,-0.598801724244563));
#8801=DIRECTION('',(0.,-0.800897306177102,0.598801724244563));
#8802=DIRECTION('',(1.,0.,0.));
#8803=DIRECTION('',(0.,0.800897306177102,-0.598801724244563));
#8804=DIRECTION('',(1.,0.,0.));
#8805=DIRECTION('center_axis',(0.,0.,1.));
#8806=DIRECTION('ref_axis',(0.,-1.,0.));
#8807=DIRECTION('',(0.,1.,0.));
#8808=DIRECTION('',(0.,-1.,0.));
#8809=DIRECTION('',(1.,0.,0.));
#8810=DIRECTION('center_axis',(0.,0.598801724244563,-0.800897306177102));
#8811=DIRECTION('ref_axis',(0.,0.800897306177102,0.598801724244563));
#8812=DIRECTION('',(0.,-0.800897306177102,-0.598801724244563));
#8813=DIRECTION('',(0.,0.800897306177102,0.598801724244563));
#8814=DIRECTION('center_axis',(1.,0.,0.));
#8815=DIRECTION('ref_axis',(0.,0.,-1.));
#8816=DIRECTION('center_axis',(0.,0.598801724244562,-0.800897306177103));
#8817=DIRECTION('ref_axis',(0.,0.800897306177103,0.598801724244561));
#8818=DIRECTION('',(0.,-0.800897306177103,-0.598801724244561));
#8819=DIRECTION('',(1.,0.,0.));
#8820=DIRECTION('',(0.,0.800897306177103,0.598801724244561));
#8821=DIRECTION('',(1.,0.,0.));
#8822=DIRECTION('center_axis',(0.,-0.598801724244562,-0.800897306177103));
#8823=DIRECTION('ref_axis',(0.,0.800897306177103,-0.598801724244561));
#8824=DIRECTION('',(0.,-0.800897306177103,0.598801724244561));
#8825=DIRECTION('',(0.,0.800897306177103,-0.598801724244561));
#8826=DIRECTION('',(1.,0.,0.));
#8827=DIRECTION('center_axis',(0.,0.,1.));
#8828=DIRECTION('ref_axis',(0.,-1.,0.));
#8829=DIRECTION('',(0.,1.,0.));
#8830=DIRECTION('',(0.,-1.,0.));
#8831=DIRECTION('center_axis',(1.,0.,0.));
#8832=DIRECTION('ref_axis',(0.,0.,-1.));
#8833=DIRECTION('center_axis',(1.,0.,0.));
#8834=DIRECTION('ref_axis',(0.,1.,0.));
#8835=DIRECTION('',(0.,0.,1.));
#8836=DIRECTION('',(0.,1.,0.));
#8837=DIRECTION('',(0.,0.,1.));
#8838=DIRECTION('center_axis',(1.,0.,0.));
#8839=DIRECTION('ref_axis',(0.,1.,0.));
#8840=DIRECTION('',(0.,0.,1.));
#8841=DIRECTION('',(0.,0.,1.));
#8842=DIRECTION('center_axis',(1.,0.,0.));
#8843=DIRECTION('ref_axis',(0.,1.,0.));
#8844=DIRECTION('',(0.,0.,1.));
#8845=DIRECTION('',(0.,-1.,0.));
#8846=DIRECTION('',(0.,0.,1.));
#8847=DIRECTION('center_axis',(0.75042716292122,0.,-0.660953155034461));
#8848=DIRECTION('ref_axis',(-0.660953155034461,0.,-0.75042716292122));
#8849=DIRECTION('',(0.660953155034461,0.,0.75042716292122));
#8850=DIRECTION('',(0.,1.,0.));
#8851=DIRECTION('',(-0.660953155034461,0.,-0.75042716292122));
#8852=DIRECTION('',(0.,1.,0.));
#8853=DIRECTION('center_axis',(0.,0.,1.));
#8854=DIRECTION('ref_axis',(1.,0.,0.));
#8855=DIRECTION('',(-1.,0.,0.));
#8856=DIRECTION('',(1.,0.,0.));
#8857=DIRECTION('',(0.,1.,0.));
#8858=DIRECTION('center_axis',(-0.75042716292122,0.,-0.660953155034461));
#8859=DIRECTION('ref_axis',(-0.660953155034461,0.,0.75042716292122));
#8860=DIRECTION('',(0.660953155034461,0.,-0.75042716292122));
#8861=DIRECTION('',(-0.660953155034461,0.,0.75042716292122));
#8862=DIRECTION('center_axis',(0.,1.,0.));
#8863=DIRECTION('ref_axis',(0.,0.,1.));
#8864=DIRECTION('center_axis',(0.75042716292122,0.,-0.660953155034461));
#8865=DIRECTION('ref_axis',(-0.660953155034461,0.,-0.75042716292122));
#8866=DIRECTION('',(0.660953155034461,0.,0.75042716292122));
#8867=DIRECTION('',(0.,1.,0.));
#8868=DIRECTION('',(-0.660953155034461,0.,-0.75042716292122));
#8869=DIRECTION('',(0.,1.,0.));
#8870=DIRECTION('center_axis',(0.,0.,1.));
#8871=DIRECTION('ref_axis',(1.,0.,0.));
#8872=DIRECTION('',(-1.,0.,0.));
#8873=DIRECTION('',(1.,0.,0.));
#8874=DIRECTION('',(0.,1.,0.));
#8875=DIRECTION('center_axis',(-0.75042716292122,0.,-0.660953155034461));
#8876=DIRECTION('ref_axis',(-0.660953155034461,0.,0.75042716292122));
#8877=DIRECTION('',(0.660953155034461,0.,-0.75042716292122));
#8878=DIRECTION('',(-0.660953155034461,0.,0.75042716292122));
#8879=DIRECTION('center_axis',(0.,1.,0.));
#8880=DIRECTION('ref_axis',(0.,0.,1.));
#8881=DIRECTION('center_axis',(0.,1.,0.));
#8882=DIRECTION('ref_axis',(-1.,0.,0.));
#8883=DIRECTION('',(1.,0.,0.));
#8884=DIRECTION('',(0.,0.,1.));
#8885=DIRECTION('center_axis',(0.,1.,0.));
#8886=DIRECTION('ref_axis',(-1.,0.,0.));
#8887=DIRECTION('',(0.,0.,1.));
#8888=DIRECTION('',(-1.,0.,0.));
#8889=DIRECTION('center_axis',(0.,1.,0.));
#8890=DIRECTION('ref_axis',(-1.,0.,0.));
#8891=DIRECTION('',(0.,0.,1.));
#8892=DIRECTION('center_axis',(0.,-1.,0.));
#8893=DIRECTION('ref_axis',(1.,0.,0.));
#8894=DIRECTION('',(-1.,0.,0.));
#8895=DIRECTION('',(1.,0.,0.));
#8896=DIRECTION('',(0.,0.,1.));
#8897=DIRECTION('center_axis',(-1.,0.,0.));
#8898=DIRECTION('ref_axis',(0.,-1.,0.));
#8899=DIRECTION('',(0.,1.,0.));
#8900=DIRECTION('',(0.,-1.,0.));
#8901=DIRECTION('center_axis',(0.,0.,1.));
#8902=DIRECTION('ref_axis',(1.,0.,0.));
#8903=DIRECTION('center_axis',(0.,0.,1.));
#8904=DIRECTION('ref_axis',(1.,0.,0.));
#8905=DIRECTION('axis',(0.,0.,1.));
#8906=DIRECTION('refdir',(1.,0.,0.));
#8907=DIRECTION('center_axis',(0.,-0.649967502437297,-0.759962002849762));
#8908=DIRECTION('ref_axis',(0.,0.759962002849762,-0.649967502437297));
#8909=DIRECTION('',(0.,-0.759962002849762,0.649967502437297));
#8910=DIRECTION('',(1.,0.,0.));
#8911=DIRECTION('',(0.,0.759962002849762,-0.649967502437297));
#8912=DIRECTION('',(1.,0.,0.));
#8913=DIRECTION('center_axis',(0.,0.,1.));
#8914=DIRECTION('ref_axis',(0.,-1.,0.));
#8915=DIRECTION('',(0.,1.,0.));
#8916=DIRECTION('',(0.,-1.,0.));
#8917=DIRECTION('',(1.,0.,0.));
#8918=DIRECTION('center_axis',(0.,0.649967502437297,-0.759962002849762));
#8919=DIRECTION('ref_axis',(0.,0.759962002849762,0.649967502437297));
#8920=DIRECTION('',(0.,-0.759962002849762,-0.649967502437297));
#8921=DIRECTION('',(0.,0.759962002849762,0.649967502437297));
#8922=DIRECTION('center_axis',(1.,0.,0.));
#8923=DIRECTION('ref_axis',(0.,0.,-1.));
#8924=DIRECTION('center_axis',(0.,0.649967502437296,-0.759962002849763));
#8925=DIRECTION('ref_axis',(0.,0.759962002849763,0.649967502437296));
#8926=DIRECTION('',(0.,-0.759962002849763,-0.649967502437296));
#8927=DIRECTION('',(1.,0.,0.));
#8928=DIRECTION('',(0.,0.759962002849763,0.649967502437296));
#8929=DIRECTION('',(1.,0.,0.));
#8930=DIRECTION('center_axis',(0.,-0.649967502437296,-0.759962002849763));
#8931=DIRECTION('ref_axis',(0.,0.759962002849763,-0.649967502437296));
#8932=DIRECTION('',(0.,-0.759962002849763,0.649967502437296));
#8933=DIRECTION('',(0.,0.759962002849763,-0.649967502437296));
#8934=DIRECTION('',(1.,0.,0.));
#8935=DIRECTION('center_axis',(0.,0.,1.));
#8936=DIRECTION('ref_axis',(0.,-1.,0.));
#8937=DIRECTION('',(0.,1.,0.));
#8938=DIRECTION('',(0.,-1.,0.));
#8939=DIRECTION('center_axis',(1.,0.,0.));
#8940=DIRECTION('ref_axis',(0.,0.,-1.));
#8941=DIRECTION('center_axis',(1.,0.,0.));
#8942=DIRECTION('ref_axis',(0.,1.,0.));
#8943=DIRECTION('',(0.,0.,1.));
#8944=DIRECTION('',(0.,1.,0.));
#8945=DIRECTION('',(0.,0.,1.));
#8946=DIRECTION('center_axis',(1.,0.,0.));
#8947=DIRECTION('ref_axis',(0.,1.,0.));
#8948=DIRECTION('',(0.,0.,1.));
#8949=DIRECTION('',(0.,0.,1.));
#8950=DIRECTION('center_axis',(1.,0.,0.));
#8951=DIRECTION('ref_axis',(0.,1.,0.));
#8952=DIRECTION('',(0.,0.,1.));
#8953=DIRECTION('',(0.,-1.,0.));
#8954=DIRECTION('',(0.,0.,1.));
#8955=DIRECTION('center_axis',(0.849463439094602,0.,-0.527647482360687));
#8956=DIRECTION('ref_axis',(-0.527647482360687,0.,-0.849463439094602));
#8957=DIRECTION('',(0.527647482360687,0.,0.849463439094602));
#8958=DIRECTION('',(0.,1.,0.));
#8959=DIRECTION('',(-0.527647482360687,0.,-0.849463439094602));
#8960=DIRECTION('',(0.,1.,0.));
#8961=DIRECTION('center_axis',(0.,0.,1.));
#8962=DIRECTION('ref_axis',(1.,0.,0.));
#8963=DIRECTION('',(-1.,0.,0.));
#8964=DIRECTION('',(1.,0.,0.));
#8965=DIRECTION('',(0.,1.,0.));
#8966=DIRECTION('center_axis',(-0.849463439094602,0.,-0.527647482360687));
#8967=DIRECTION('ref_axis',(-0.527647482360687,0.,0.849463439094602));
#8968=DIRECTION('',(0.527647482360687,0.,-0.849463439094602));
#8969=DIRECTION('',(-0.527647482360687,0.,0.849463439094602));
#8970=DIRECTION('center_axis',(0.,1.,0.));
#8971=DIRECTION('ref_axis',(0.,0.,1.));
#8972=DIRECTION('center_axis',(0.849463439094603,0.,-0.527647482360686));
#8973=DIRECTION('ref_axis',(-0.527647482360686,0.,-0.849463439094603));
#8974=DIRECTION('',(0.527647482360686,0.,0.849463439094603));
#8975=DIRECTION('',(0.,1.,0.));
#8976=DIRECTION('',(-0.527647482360686,0.,-0.849463439094603));
#8977=DIRECTION('',(0.,1.,0.));
#8978=DIRECTION('center_axis',(0.,0.,1.));
#8979=DIRECTION('ref_axis',(1.,0.,0.));
#8980=DIRECTION('',(-1.,0.,0.));
#8981=DIRECTION('',(1.,0.,0.));
#8982=DIRECTION('',(0.,1.,0.));
#8983=DIRECTION('center_axis',(-0.849463439094603,0.,-0.527647482360686));
#8984=DIRECTION('ref_axis',(-0.527647482360686,0.,0.849463439094603));
#8985=DIRECTION('',(0.527647482360686,0.,-0.849463439094603));
#8986=DIRECTION('',(-0.527647482360686,0.,0.849463439094603));
#8987=DIRECTION('center_axis',(0.,1.,0.));
#8988=DIRECTION('ref_axis',(0.,0.,1.));
#8989=DIRECTION('center_axis',(0.,1.,0.));
#8990=DIRECTION('ref_axis',(-1.,0.,0.));
#8991=DIRECTION('',(1.,0.,0.));
#8992=DIRECTION('',(0.,0.,1.));
#8993=DIRECTION('center_axis',(0.,1.,0.));
#8994=DIRECTION('ref_axis',(-1.,0.,0.));
#8995=DIRECTION('',(0.,0.,1.));
#8996=DIRECTION('',(-1.,0.,0.));
#8997=DIRECTION('center_axis',(0.,1.,0.));
#8998=DIRECTION('ref_axis',(-1.,0.,0.));
#8999=DIRECTION('',(0.,0.,1.));
#9000=DIRECTION('center_axis',(0.,-1.,0.));
#9001=DIRECTION('ref_axis',(1.,0.,0.));
#9002=DIRECTION('',(-1.,0.,0.));
#9003=DIRECTION('',(1.,0.,0.));
#9004=DIRECTION('',(0.,0.,1.));
#9005=DIRECTION('center_axis',(-1.,0.,0.));
#9006=DIRECTION('ref_axis',(0.,-1.,0.));
#9007=DIRECTION('',(0.,1.,0.));
#9008=DIRECTION('',(0.,-1.,0.));
#9009=DIRECTION('center_axis',(0.,0.,1.));
#9010=DIRECTION('ref_axis',(1.,0.,0.));
#9011=DIRECTION('center_axis',(0.,0.,1.));
#9012=DIRECTION('ref_axis',(1.,0.,0.));
#9013=DIRECTION('axis',(0.,0.,1.));
#9014=DIRECTION('refdir',(1.,0.,0.));
#9015=DIRECTION('axis',(0.,0.,1.));
#9016=DIRECTION('refdir',(1.,0.,0.));
#9017=DIRECTION('center_axis',(0.,-1.,0.));
#9018=DIRECTION('ref_axis',(0.707106781186547,0.,-0.707106781186547));
#9019=DIRECTION('center_axis',(0.,1.,0.));
#9020=DIRECTION('ref_axis',(0.707106781186547,0.,-0.707106781186547));
#9021=DIRECTION('',(0.,1.,0.));
#9022=DIRECTION('center_axis',(-0.373690586218171,-0.92755341936296,0.));
#9023=DIRECTION('ref_axis',(0.92755341936296,-0.373690586218171,0.));
#9024=DIRECTION('',(0.,-1.,0.));
#9025=DIRECTION('center_axis',(0.,0.,-1.));
#9026=DIRECTION('ref_axis',(-1.,0.,0.));
#9027=DIRECTION('',(-1.,0.,0.));
#9028=DIRECTION('',(0.,-1.,0.));
#9029=DIRECTION('',(0.92755341936296,0.373690586218171,0.));
#9030=DIRECTION('',(1.,0.,0.));
#9031=DIRECTION('',(0.92755341936296,-0.373690586218171,0.));
#9032=DIRECTION('center_axis',(0.,-1.,0.));
#9033=DIRECTION('ref_axis',(1.,0.,0.));
#9034=DIRECTION('',(0.,0.,1.));
#9035=DIRECTION('center_axis',(0.,1.,0.));
#9036=DIRECTION('ref_axis',(0.707106781186547,0.,0.707106781186547));
#9037=DIRECTION('',(1.,0.,0.));
#9038=DIRECTION('center_axis',(0.,1.,0.));
#9039=DIRECTION('ref_axis',(-0.707106781186547,0.,0.707106781186547));
#9040=DIRECTION('',(0.,0.,1.));
#9041=DIRECTION('center_axis',(0.,1.,0.));
#9042=DIRECTION('ref_axis',(-0.707106781186547,0.,-0.707106781186547));
#9043=DIRECTION('center_axis',(0.,1.,0.));
#9044=DIRECTION('ref_axis',(0.707106781186547,0.,0.707106781186547));
#9045=DIRECTION('center_axis',(-0.373690586218171,-0.92755341936296,0.));
#9046=DIRECTION('ref_axis',(0.92755341936296,-0.373690586218171,0.));
#9047=DIRECTION('',(0.,-1.,0.));
#9048=DIRECTION('',(0.,1.,0.));
#9049=DIRECTION('center_axis',(0.,0.,1.));
#9050=DIRECTION('ref_axis',(1.,0.,0.));
#9051=DIRECTION('',(-0.92755341936296,0.373690586218171,0.));
#9052=DIRECTION('',(-1.,0.,0.));
#9053=DIRECTION('',(-0.92755341936296,-0.373690586218171,0.));
#9054=DIRECTION('',(0.,1.,0.));
#9055=DIRECTION('center_axis',(0.373690586218171,0.92755341936296,0.));
#9056=DIRECTION('ref_axis',(-0.92755341936296,0.373690586218171,0.));
#9057=DIRECTION('',(0.,0.,-1.));
#9058=DIRECTION('',(0.,0.,1.));
#9059=DIRECTION('center_axis',(0.,1.,0.));
#9060=DIRECTION('ref_axis',(-0.707106781186547,0.,-0.707106781186547));
#9061=DIRECTION('center_axis',(0.373690586218171,-0.92755341936296,0.));
#9062=DIRECTION('ref_axis',(-0.92755341936296,-0.373690586218171,0.));
#9063=DIRECTION('',(0.,1.,0.));
#9064=DIRECTION('center_axis',(-1.,0.,0.));
#9065=DIRECTION('ref_axis',(0.,-1.,0.));
#9066=DIRECTION('',(0.,-1.,0.));
#9067=DIRECTION('',(0.,0.,1.));
#9068=DIRECTION('center_axis',(0.,-1.,0.));
#9069=DIRECTION('ref_axis',(-0.707106781186547,0.,0.707106781186547));
#9070=DIRECTION('center_axis',(0.373690586218171,-0.92755341936296,0.));
#9071=DIRECTION('ref_axis',(-0.92755341936296,-0.373690586218171,0.));
#9072=DIRECTION('center_axis',(-0.373690586218171,0.92755341936296,0.));
#9073=DIRECTION('ref_axis',(-0.92755341936296,-0.373690586218171,0.));
#9074=DIRECTION('',(0.,0.,-1.));
#9075=DIRECTION('center_axis',(1.,0.,0.));
#9076=DIRECTION('ref_axis',(0.,1.,0.));
#9077=DIRECTION('center_axis',(0.,1.,0.));
#9078=DIRECTION('ref_axis',(-1.,0.,0.));
#9079=DIRECTION('axis',(0.,0.,1.));
#9080=DIRECTION('refdir',(1.,0.,0.));
#9081=DIRECTION('center_axis',(0.,0.,1.));
#9082=DIRECTION('ref_axis',(-1.,0.,0.));
#9083=DIRECTION('center_axis',(0.,0.,1.));
#9084=DIRECTION('ref_axis',(-1.,0.,0.));
#9085=DIRECTION('',(0.,0.,1.));
#9086=DIRECTION('center_axis',(0.,0.,-1.));
#9087=DIRECTION('ref_axis',(-1.,0.,0.));
#9088=DIRECTION('center_axis',(0.,0.,1.));
#9089=DIRECTION('ref_axis',(1.,0.,0.));
#9090=DIRECTION('center_axis',(0.,0.,-1.));
#9091=DIRECTION('ref_axis',(-1.,0.,0.));
#9092=DIRECTION('center_axis',(0.,0.,1.));
#9093=DIRECTION('ref_axis',(-1.,0.,0.));
#9094=DIRECTION('center_axis',(0.,0.,1.));
#9095=DIRECTION('ref_axis',(-1.,0.,0.));
#9096=DIRECTION('',(0.,0.,-1.));
#9097=DIRECTION('center_axis',(0.,0.,1.));
#9098=DIRECTION('ref_axis',(1.,0.,0.));
#9099=DIRECTION('center_axis',(0.,1.,-1.91234587973711E-16));
#9100=DIRECTION('ref_axis',(0.,1.91234587973711E-16,1.));
#9101=DIRECTION('',(0.,-1.91234587973711E-16,-1.));
#9102=DIRECTION('',(1.,0.,0.));
#9103=DIRECTION('',(0.,1.91234587973711E-16,1.));
#9104=DIRECTION('',(1.,0.,0.));
#9105=DIRECTION('center_axis',(0.,0.,-1.));
#9106=DIRECTION('ref_axis',(0.,1.,0.));
#9107=DIRECTION('',(0.,-1.,0.));
#9108=DIRECTION('',(0.,1.,0.));
#9109=DIRECTION('',(1.,0.,0.));
#9110=DIRECTION('center_axis',(0.,-1.,-1.91234587973711E-16));
#9111=DIRECTION('ref_axis',(0.,1.91234587973711E-16,-1.));
#9112=DIRECTION('',(0.,-1.91234587973711E-16,1.));
#9113=DIRECTION('',(0.,1.91234587973711E-16,-1.));
#9114=DIRECTION('',(1.,0.,0.));
#9115=DIRECTION('center_axis',(0.,0.,1.));
#9116=DIRECTION('ref_axis',(0.,-1.,0.));
#9117=DIRECTION('',(0.,1.,0.));
#9118=DIRECTION('',(0.,-1.,0.));
#9119=DIRECTION('center_axis',(1.,0.,0.));
#9120=DIRECTION('ref_axis',(0.,0.,-1.));
#9121=DIRECTION('center_axis',(1.,0.,0.));
#9122=DIRECTION('ref_axis',(0.,0.,-1.));
#9123=DIRECTION('axis',(0.,0.,1.));
#9124=DIRECTION('refdir',(1.,0.,0.));
#9125=DIRECTION('center_axis',(0.,0.,1.));
#9126=DIRECTION('ref_axis',(-1.,0.,0.));
#9127=DIRECTION('center_axis',(0.,0.,1.));
#9128=DIRECTION('ref_axis',(-1.,0.,0.));
#9129=DIRECTION('',(0.,0.,-1.));
#9130=DIRECTION('center_axis',(0.,0.,-1.));
#9131=DIRECTION('ref_axis',(-1.,0.,0.));
#9132=DIRECTION('center_axis',(0.,0.,1.));
#9133=DIRECTION('ref_axis',(1.,0.,0.));
#9134=DIRECTION('center_axis',(0.,0.,1.));
#9135=DIRECTION('ref_axis',(1.,0.,0.));
#9136=DIRECTION('axis',(0.,0.,1.));
#9137=DIRECTION('refdir',(1.,0.,0.));
#9138=DIRECTION('center_axis',(0.,0.,1.));
#9139=DIRECTION('ref_axis',(1.,0.,0.));
#9140=DIRECTION('center_axis',(0.,0.,-1.));
#9141=DIRECTION('ref_axis',(-1.,0.,0.));
#9142=DIRECTION('',(0.,1.,0.));
#9143=DIRECTION('',(1.,1.1842378929335E-16,0.));
#9144=DIRECTION('',(2.30695693428604E-16,-1.,0.));
#9145=DIRECTION('center_axis',(-1.,0.,0.));
#9146=DIRECTION('ref_axis',(0.,-1.,0.));
#9147=DIRECTION('',(0.,0.,-1.));
#9148=DIRECTION('',(0.,-1.,0.));
#9149=DIRECTION('',(0.,0.,1.));
#9150=DIRECTION('center_axis',(-1.1842378929335E-16,1.,0.));
#9151=DIRECTION('ref_axis',(-1.,-1.1842378929335E-16,0.));
#9152=DIRECTION('',(-1.,-1.1842378929335E-16,0.));
#9153=DIRECTION('',(0.,0.,1.));
#9154=DIRECTION('center_axis',(1.,2.30695693428604E-16,0.));
#9155=DIRECTION('ref_axis',(-2.30695693428604E-16,1.,0.));
#9156=DIRECTION('',(-2.30695693428604E-16,1.,0.));
#9157=DIRECTION('',(0.,0.,1.));
#9158=DIRECTION('center_axis',(0.,0.,1.));
#9159=DIRECTION('ref_axis',(-1.,0.,0.));
#9160=DIRECTION('center_axis',(0.,0.,1.));
#9161=DIRECTION('ref_axis',(-1.,0.,0.));
#9162=DIRECTION('center_axis',(0.,0.,1.));
#9163=DIRECTION('ref_axis',(1.,0.,0.));
#9164=DIRECTION('',(-5.47999146061007E-15,3.20211010949753E-16,1.));
#9165=DIRECTION('',(1.,-1.021011039516E-15,5.47999146061007E-15));
#9166=DIRECTION('',(3.46944695195344E-18,-4.43586493330176E-31,1.));
#9167=DIRECTION('',(-3.54987407349413E-30,-1.,-4.43586493330176E-31));
#9168=DIRECTION('',(-1.,-8.48131533053341E-15,-7.66747776381678E-15));
#9169=DIRECTION('',(-7.66747776381678E-15,-1.18423789293409E-16,1.));
#9170=DIRECTION('',(-7.90906352132248E-15,1.,1.57772181044202E-30));
#9171=DIRECTION('',(-0.683838680179899,-5.40852355988015E-15,-0.729633236283692));
#9172=DIRECTION('',(5.59702292044676E-15,1.,-1.18329135783152E-30));
#9173=DIRECTION('',(-0.89562815332324,5.01285130234758E-15,-0.444803564480774));
#9174=DIRECTION('',(-3.37468310078281E-15,1.,1.28189897098414E-30));
#9175=DIRECTION('',(0.999852337022491,3.374184785028E-15,-0.0171844159244122));
#9176=DIRECTION('',(-8.36225479433498E-16,1.,-1.71022579061587E-30));
#9177=DIRECTION('',(0.999852337022491,8.36101999889336E-16,-0.0171844159244071));
#9178=DIRECTION('',(-1.,-2.84251426015628E-15,-6.95624113866588E-15));
#9179=DIRECTION('',(-6.95624113866588E-15,1.55788477368828E-16,1.));
#9180=DIRECTION('axis',(0.,0.,1.));
#9181=DIRECTION('refdir',(1.,0.,0.));
#9182=DIRECTION('center_axis',(0.,-1.,0.));
#9183=DIRECTION('ref_axis',(0.707106781186547,0.,0.707106781186547));
#9184=DIRECTION('center_axis',(0.,1.,0.));
#9185=DIRECTION('ref_axis',(0.707106781186547,0.,0.707106781186547));
#9186=DIRECTION('',(0.,1.,0.));
#9187=DIRECTION('center_axis',(0.,-1.,0.));
#9188=DIRECTION('ref_axis',(0.707106781186547,0.,0.707106781186547));
#9189=DIRECTION('',(0.,-1.,0.));
#9190=DIRECTION('center_axis',(0.,-1.,0.));
#9191=DIRECTION('ref_axis',(0.,0.,-1.));
#9192=DIRECTION('',(2.63163976207444E-16,0.,1.));
#9193=DIRECTION('center_axis',(0.,-1.,0.));
#9194=DIRECTION('ref_axis',(0.707106781186547,0.,-0.707106781186547));
#9195=DIRECTION('',(1.,0.,0.));
#9196=DIRECTION('center_axis',(0.,-1.,0.));
#9197=DIRECTION('ref_axis',(-0.707106781186547,0.,-0.707106781186547));
#9198=DIRECTION('',(2.13820730668549E-16,0.,-1.));
#9199=DIRECTION('center_axis',(0.,-1.,0.));
#9200=DIRECTION('ref_axis',(-0.707106781186547,0.,0.707106781186547));
#9201=DIRECTION('',(-1.,0.,0.));
#9202=DIRECTION('center_axis',(0.,-1.,0.));
#9203=DIRECTION('ref_axis',(-1.,0.,0.));
#9204=DIRECTION('center_axis',(0.,-1.,0.));
#9205=DIRECTION('ref_axis',(-1.,0.,0.));
#9206=DIRECTION('center_axis',(0.,-1.,0.));
#9207=DIRECTION('ref_axis',(-1.,0.,0.));
#9208=DIRECTION('center_axis',(0.,-1.,0.));
#9209=DIRECTION('ref_axis',(-1.,0.,0.));
#9210=DIRECTION('center_axis',(1.,0.,-2.63163976207444E-16));
#9211=DIRECTION('ref_axis',(2.63163976207444E-16,0.,1.));
#9212=DIRECTION('',(2.63163976207444E-16,0.,1.));
#9213=DIRECTION('',(0.,-1.,0.));
#9214=DIRECTION('center_axis',(0.,-1.,0.));
#9215=DIRECTION('ref_axis',(0.707106781186547,0.,-0.707106781186547));
#9216=DIRECTION('center_axis',(0.,1.,0.));
#9217=DIRECTION('ref_axis',(0.707106781186547,0.,-0.707106781186547));
#9218=DIRECTION('',(0.,1.,0.));
#9219=DIRECTION('center_axis',(0.,-1.,0.));
#9220=DIRECTION('ref_axis',(-0.707106781186547,0.,-0.707106781186547));
#9221=DIRECTION('center_axis',(0.,1.,0.));
#9222=DIRECTION('ref_axis',(-0.707106781186547,0.,-0.707106781186547));
#9223=DIRECTION('',(0.,1.,0.));
#9224=DIRECTION('',(0.,-1.,0.));
#9225=DIRECTION('center_axis',(-1.,0.,-2.13820730668549E-16));
#9226=DIRECTION('ref_axis',(2.13820730668549E-16,0.,-1.));
#9227=DIRECTION('',(2.13820730668549E-16,0.,-1.));
#9228=DIRECTION('',(0.,-1.,0.));
#9229=DIRECTION('center_axis',(0.,-1.,0.));
#9230=DIRECTION('ref_axis',(-0.707106781186547,0.,0.707106781186547));
#9231=DIRECTION('center_axis',(0.,1.,0.));
#9232=DIRECTION('ref_axis',(-0.707106781186547,0.,0.707106781186547));
#9233=DIRECTION('',(0.,1.,0.));
#9234=DIRECTION('center_axis',(0.,0.,-1.));
#9235=DIRECTION('ref_axis',(1.,0.,0.));
#9236=DIRECTION('',(1.,0.,0.));
#9237=DIRECTION('center_axis',(0.,0.,1.));
#9238=DIRECTION('ref_axis',(-1.,0.,0.));
#9239=DIRECTION('',(-1.,0.,0.));
#9240=DIRECTION('center_axis',(0.,-1.,0.));
#9241=DIRECTION('ref_axis',(0.,0.,-1.));
#9242=DIRECTION('center_axis',(0.,-1.,0.));
#9243=DIRECTION('ref_axis',(-1.,0.,0.));
#9244=DIRECTION('',(0.,1.,0.));
#9245=DIRECTION('center_axis',(0.,1.,0.));
#9246=DIRECTION('ref_axis',(-1.,0.,0.));
#9247=DIRECTION('center_axis',(0.,-1.,0.));
#9248=DIRECTION('ref_axis',(-1.,0.,0.));
#9249=DIRECTION('',(0.,1.,0.));
#9250=DIRECTION('center_axis',(0.,1.,0.));
#9251=DIRECTION('ref_axis',(-1.,0.,0.));
#9252=DIRECTION('center_axis',(0.,-1.,0.));
#9253=DIRECTION('ref_axis',(-1.,0.,0.));
#9254=DIRECTION('',(0.,1.,0.));
#9255=DIRECTION('center_axis',(0.,1.,0.));
#9256=DIRECTION('ref_axis',(-1.,0.,0.));
#9257=DIRECTION('center_axis',(0.,-1.,0.));
#9258=DIRECTION('ref_axis',(-1.,0.,0.));
#9259=DIRECTION('',(0.,1.,0.));
#9260=DIRECTION('center_axis',(0.,1.,0.));
#9261=DIRECTION('ref_axis',(-1.,0.,0.));
#9262=DIRECTION('center_axis',(0.,0.,1.));
#9263=DIRECTION('ref_axis',(1.,0.,0.));
#9264=DIRECTION('center_axis',(0.,0.,-1.));
#9265=DIRECTION('ref_axis',(-1.,0.,0.));
#9266=DIRECTION('',(-1.,0.,0.));
#9267=DIRECTION('center_axis',(0.,-1.,0.));
#9268=DIRECTION('ref_axis',(1.,0.,0.));
#9269=DIRECTION('',(0.,0.,-1.));
#9270=DIRECTION('',(1.,0.,0.));
#9271=DIRECTION('',(0.,0.,1.));
#9272=DIRECTION('center_axis',(0.,0.,1.));
#9273=DIRECTION('ref_axis',(-1.,0.,0.));
#9274=DIRECTION('center_axis',(0.,0.,1.));
#9275=DIRECTION('ref_axis',(-1.,0.,0.));
#9276=DIRECTION('center_axis',(0.,0.,1.));
#9277=DIRECTION('ref_axis',(1.,0.,0.));
#9278=DIRECTION('axis',(0.,0.,1.));
#9279=DIRECTION('refdir',(1.,0.,0.));
#9280=DIRECTION('center_axis',(0.707106781186548,0.,-0.707106781186547));
#9281=DIRECTION('ref_axis',(-0.707106781186547,0.,-0.707106781186548));
#9282=DIRECTION('',(-0.707106781186547,0.,-0.707106781186548));
#9283=DIRECTION('',(0.,1.,0.));
#9284=DIRECTION('',(-0.707106781186547,0.,-0.707106781186548));
#9285=DIRECTION('',(0.,1.,0.));
#9286=DIRECTION('center_axis',(0.,0.,1.));
#9287=DIRECTION('ref_axis',(1.,0.,0.));
#9288=DIRECTION('',(1.,0.,0.));
#9289=DIRECTION('',(0.,1.,0.));
#9290=DIRECTION('',(1.,0.,0.));
#9291=DIRECTION('center_axis',(-0.707106781186548,0.,-0.707106781186548));
#9292=DIRECTION('ref_axis',(-0.707106781186548,0.,0.707106781186548));
#9293=DIRECTION('',(-0.707106781186548,0.,0.707106781186548));
#9294=DIRECTION('',(0.,1.,0.));
#9295=DIRECTION('',(-0.707106781186548,0.,0.707106781186548));
#9296=DIRECTION('center_axis',(0.,1.,0.));
#9297=DIRECTION('ref_axis',(0.,0.,1.));
#9298=DIRECTION('center_axis',(0.,-1.,0.));
#9299=DIRECTION('ref_axis',(1.,0.,0.));
#9300=DIRECTION('center_axis',(0.,1.,0.));
#9301=DIRECTION('ref_axis',(0.707106781186547,0.,0.707106781186547));
#9302=DIRECTION('',(0.,0.,1.));
#9303=DIRECTION('',(-1.,0.,0.));
#9304=DIRECTION('',(-1.,0.,0.));
#9305=DIRECTION('',(0.,0.,1.));
#9306=DIRECTION('center_axis',(0.,1.,0.));
#9307=DIRECTION('ref_axis',(1.,0.,0.));
#9308=DIRECTION('',(-0.221698113207547,0.,-0.975115350407434));
#9309=DIRECTION('center_axis',(0.,1.,0.));
#9310=DIRECTION('ref_axis',(1.,0.,0.));
#9311=DIRECTION('',(-0.221698113207547,0.,0.975115350407434));
#9312=DIRECTION('center_axis',(0.,-1.,0.));
#9313=DIRECTION('ref_axis',(6.12323399573677E-17,0.,1.));
#9314=DIRECTION('',(0.,-1.,0.));
#9315=DIRECTION('',(0.,-1.,0.));
#9316=DIRECTION('center_axis',(0.,-1.,0.));
#9317=DIRECTION('ref_axis',(1.,0.,0.));
#9318=DIRECTION('center_axis',(0.975115350407434,0.,-0.221698113207547));
#9319=DIRECTION('ref_axis',(0.221698113207547,0.,0.975115350407434));
#9320=DIRECTION('',(0.221698113207547,0.,0.975115350407434));
#9321=DIRECTION('',(0.,-1.,0.));
#9322=DIRECTION('center_axis',(-0.975115350407434,0.,-0.221698113207547));
#9323=DIRECTION('ref_axis',(0.221698113207547,0.,-0.975115350407434));
#9324=DIRECTION('',(0.,-1.,0.));
#9325=DIRECTION('',(0.221698113207547,0.,-0.975115350407434));
#9326=DIRECTION('center_axis',(0.,-1.,0.));
#9327=DIRECTION('ref_axis',(1.,0.,0.));
#9328=DIRECTION('center_axis',(0.,-1.,0.));
#9329=DIRECTION('ref_axis',(1.,0.,0.));
#9330=DIRECTION('center_axis',(0.,-1.,0.));
#9331=DIRECTION('ref_axis',(0.,0.,-1.));
#9332=DIRECTION('center_axis',(0.,1.,0.));
#9333=DIRECTION('ref_axis',(-1.,0.,0.));
#9334=DIRECTION('center_axis',(0.,-1.,0.));
#9335=DIRECTION('ref_axis',(-0.707106781186547,0.,0.707106781186547));
#9336=DIRECTION('',(0.,0.,1.));
#9337=DIRECTION('',(1.,0.,0.));
#9338=DIRECTION('',(0.,0.,1.));
#9339=DIRECTION('center_axis',(1.72461829067985E-16,1.,0.));
#9340=DIRECTION('ref_axis',(0.707106781186547,-1.25607396694702E-16,0.707106781186547));
#9341=DIRECTION('',(1.72461829067985E-16,-1.,0.));
#9342=DIRECTION('center_axis',(0.,1.,0.));
#9343=DIRECTION('ref_axis',(0.707106781186547,-1.25607396694702E-16,0.707106781186547));
#9344=DIRECTION('',(1.72461829067985E-16,1.,0.));
#9345=DIRECTION('center_axis',(1.,-1.72461829067985E-16,0.));
#9346=DIRECTION('ref_axis',(1.72461829067985E-16,1.,0.));
#9347=DIRECTION('',(0.,0.,1.));
#9348=DIRECTION('',(1.72461829067985E-16,1.,0.));
#9349=DIRECTION('',(0.,0.,1.));
#9350=DIRECTION('',(1.72461829067985E-16,1.,0.));
#9351=DIRECTION('',(-1.72461829067985E-16,-1.,0.));
#9352=DIRECTION('center_axis',(0.,-1.,0.));
#9353=DIRECTION('ref_axis',(1.,0.,0.));
#9354=DIRECTION('',(0.,0.,1.));
#9355=DIRECTION('',(-1.,0.,0.));
#9356=DIRECTION('center_axis',(0.,1.,0.));
#9357=DIRECTION('ref_axis',(-1.,0.,0.));
#9358=DIRECTION('center_axis',(0.,-1.,0.));
#9359=DIRECTION('ref_axis',(-0.707106781186547,-1.25607396694702E-16,0.707106781186547));
#9360=DIRECTION('',(1.,0.,0.));
#9361=DIRECTION('',(0.,0.,1.));
#9362=DIRECTION('center_axis',(1.72461829067985E-16,1.,0.));
#9363=DIRECTION('ref_axis',(0.707106781186547,0.,0.707106781186547));
#9364=DIRECTION('',(1.72461829067985E-16,-1.,0.));
#9365=DIRECTION('center_axis',(0.,0.,1.));
#9366=DIRECTION('ref_axis',(1.,0.,0.));
#9367=DIRECTION('',(1.72461829067985E-16,-1.,0.));
#9368=DIRECTION('center_axis',(-1.,-1.72461829067985E-16,0.));
#9369=DIRECTION('ref_axis',(1.72461829067985E-16,-1.,0.));
#9370=DIRECTION('',(-1.72461829067985E-16,1.,0.));
#9371=DIRECTION('center_axis',(0.,0.,1.));
#9372=DIRECTION('ref_axis',(1.,0.,0.));
#9373=DIRECTION('axis',(0.,0.,1.));
#9374=DIRECTION('refdir',(1.,0.,0.));
#9375=DIRECTION('axis',(0.,0.,1.));
#9376=DIRECTION('refdir',(1.,0.,0.));
#9377=DIRECTION('center_axis',(0.,-1.,0.));
#9378=DIRECTION('ref_axis',(1.,0.,0.));
#9379=DIRECTION('center_axis',(0.,-1.,0.));
#9380=DIRECTION('ref_axis',(1.,0.,0.));
#9381=DIRECTION('',(0.857167300702112,0.515038074910054,1.04972719113862E-16));
#9382=DIRECTION('center_axis',(0.,-1.,0.));
#9383=DIRECTION('ref_axis',(1.,0.,0.));
#9384=DIRECTION('center_axis',(0.,1.,0.));
#9385=DIRECTION('ref_axis',(1.,0.,0.));
#9386=DIRECTION('',(0.,1.,0.));
#9387=DIRECTION('center_axis',(0.,-1.,0.));
#9388=DIRECTION('ref_axis',(1.,0.,0.));
#9389=DIRECTION('center_axis',(0.,-1.,0.));
#9390=DIRECTION('ref_axis',(1.,0.,0.));
#9391=DIRECTION('',(0.857167300702112,0.515038074910054,1.04972719113862E-16));
#9392=DIRECTION('center_axis',(0.,-1.,0.));
#9393=DIRECTION('ref_axis',(1.,0.,0.));
#9394=DIRECTION('center_axis',(0.,1.,0.));
#9395=DIRECTION('ref_axis',(1.,0.,0.));
#9396=DIRECTION('',(0.,1.,0.));
#9397=DIRECTION('center_axis',(-1.,-1.131437477325E-16,0.));
#9398=DIRECTION('ref_axis',(0.,0.707106781186547,-0.707106781186547));
#9399=DIRECTION('center_axis',(0.707106781186548,2.16489014058873E-16,0.707106781186547));
#9400=DIRECTION('ref_axis',(0.707106781186547,7.85046229341888E-17,-0.707106781186547));
#9401=DIRECTION('',(1.,1.131437477325E-16,0.));
#9402=DIRECTION('center_axis',(-1.,0.,0.));
#9403=DIRECTION('ref_axis',(0.,0.707106781186547,-0.707106781186547));
#9404=DIRECTION('',(-1.,-1.131437477325E-16,0.));
#9405=DIRECTION('center_axis',(-1.131437477325E-16,1.,0.));
#9406=DIRECTION('ref_axis',(-1.,-1.131437477325E-16,0.));
#9407=DIRECTION('',(0.707106781186547,8.00047112705108E-17,-0.707106781186548));
#9408=DIRECTION('',(0.,0.,1.));
#9409=DIRECTION('',(-0.707106781186547,-8.00047112705108E-17,-0.707106781186548));
#9410=DIRECTION('',(-1.,-1.131437477325E-16,0.));
#9411=DIRECTION('',(0.,0.,1.));
#9412=DIRECTION('center_axis',(-0.707106781186548,-2.16489014058873E-16,
-0.707106781186547));
#9413=DIRECTION('ref_axis',(-0.707106781186547,0.,0.707106781186548));
#9414=DIRECTION('',(3.06161699786838E-16,-1.,0.));
#9415=DIRECTION('',(-0.707106781186547,0.,0.707106781186548));
#9416=DIRECTION('',(-3.06161699786838E-16,1.,0.));
#9417=DIRECTION('center_axis',(-1.,-1.131437477325E-16,0.));
#9418=DIRECTION('ref_axis',(0.,0.707106781186547,0.707106781186547));
#9419=DIRECTION('center_axis',(0.707106781186548,2.16489014058873E-16,-0.707106781186547));
#9420=DIRECTION('ref_axis',(0.707106781186547,-7.85046229341888E-17,0.707106781186548));
#9421=DIRECTION('',(1.,1.131437477325E-16,0.));
#9422=DIRECTION('center_axis',(-1.,0.,0.));
#9423=DIRECTION('ref_axis',(0.,0.707106781186547,0.707106781186547));
#9424=DIRECTION('center_axis',(0.,0.,1.));
#9425=DIRECTION('ref_axis',(1.,0.,0.));
#9426=DIRECTION('',(-3.06161699786838E-16,1.,0.));
#9427=DIRECTION('',(1.,0.,0.));
#9428=DIRECTION('',(0.,1.,0.));
#9429=DIRECTION('',(0.,-1.,0.));
#9430=DIRECTION('center_axis',(0.,0.,-1.));
#9431=DIRECTION('ref_axis',(0.707106781186547,-0.707106781186547,0.));
#9432=DIRECTION('',(-1.,-1.53134210293125E-16,0.));
#9433=DIRECTION('center_axis',(0.,0.,-1.));
#9434=DIRECTION('ref_axis',(-0.707106781186547,-0.707106781186547,0.));
#9435=DIRECTION('',(-2.3373116307898E-16,1.,0.));
#9436=DIRECTION('center_axis',(0.,0.,-1.));
#9437=DIRECTION('ref_axis',(-0.707106781186547,0.707106781186547,0.));
#9438=DIRECTION('',(1.,-3.0626842058625E-16,0.));
#9439=DIRECTION('center_axis',(0.,0.,-1.));
#9440=DIRECTION('ref_axis',(0.707106781186547,0.707106781186547,0.));
#9441=DIRECTION('center_axis',(-0.707106781186548,-2.16489014058873E-16,
0.707106781186547));
#9442=DIRECTION('ref_axis',(0.707106781186547,0.,0.707106781186548));
#9443=DIRECTION('',(3.06161699786838E-16,-1.,0.));
#9444=DIRECTION('',(0.707106781186547,0.,0.707106781186548));
#9445=DIRECTION('center_axis',(-1.,-3.06161699786838E-16,0.));
#9446=DIRECTION('ref_axis',(3.06161699786838E-16,-1.,0.));
#9447=DIRECTION('',(0.,0.,1.));
#9448=DIRECTION('center_axis',(1.,3.06161699786838E-16,0.));
#9449=DIRECTION('ref_axis',(0.,0.,-1.));
#9450=DIRECTION('center_axis',(0.,-1.,0.));
#9451=DIRECTION('ref_axis',(1.,0.,0.));
#9452=DIRECTION('',(1.,0.,0.));
#9453=DIRECTION('',(0.,0.,1.));
#9454=DIRECTION('',(9.34924652315921E-17,0.,-1.));
#9455=DIRECTION('center_axis',(0.,1.,0.));
#9456=DIRECTION('ref_axis',(0.707106781186547,0.,-0.707106781186547));
#9457=DIRECTION('',(-1.,0.,-1.26161707343768E-16));
#9458=DIRECTION('center_axis',(0.,1.,0.));
#9459=DIRECTION('ref_axis',(-0.707106781186548,0.,-0.707106781186547));
#9460=DIRECTION('',(-2.10358046771082E-16,0.,1.));
#9461=DIRECTION('center_axis',(0.,1.,0.));
#9462=DIRECTION('ref_axis',(-0.707106781186547,0.,0.707106781186547));
#9463=DIRECTION('',(1.,0.,0.));
#9464=DIRECTION('center_axis',(0.,1.,0.));
#9465=DIRECTION('ref_axis',(0.707106781186547,0.,0.707106781186547));
#9466=DIRECTION('center_axis',(-0.707106781186549,-1.65272890387766E-16,
0.707106781186546));
#9467=DIRECTION('ref_axis',(0.707106781186546,0.,0.707106781186549));
#9468=DIRECTION('',(0.707106781186546,0.,0.707106781186549));
#9469=DIRECTION('',(-2.3373116307898E-16,1.,0.));
#9470=DIRECTION('',(-0.707106781186546,0.,-0.707106781186549));
#9471=DIRECTION('center_axis',(2.16564477059831E-16,0.707106781186548,0.707106781186548));
#9472=DIRECTION('ref_axis',(1.,0.,-3.0626842058625E-16));
#9473=DIRECTION('',(0.,-0.707106781186547,0.707106781186548));
#9474=DIRECTION('',(1.,-3.0626842058625E-16,0.));
#9475=DIRECTION('',(0.,0.707106781186547,-0.707106781186547));
#9476=DIRECTION('center_axis',(0.707106781186548,0.,0.707106781186548));
#9477=DIRECTION('ref_axis',(0.707106781186548,0.,-0.707106781186548));
#9478=DIRECTION('',(-0.707106781186547,0.,0.707106781186547));
#9479=DIRECTION('',(0.,-1.,0.));
#9480=DIRECTION('',(0.707106781186547,0.,-0.707106781186547));
#9481=DIRECTION('center_axis',(1.08282238529916E-16,-0.707106781186548,
0.707106781186548));
#9482=DIRECTION('ref_axis',(1.,0.,-1.53134210293125E-16));
#9483=DIRECTION('',(0.,0.707106781186548,0.707106781186547));
#9484=DIRECTION('',(-1.,-1.53134210293125E-16,0.));
#9485=DIRECTION('',(0.,-0.707106781186548,-0.707106781186547));
#9486=DIRECTION('center_axis',(0.,0.,-1.));
#9487=DIRECTION('ref_axis',(0.707106781186547,-0.707106781186548,0.));
#9488=DIRECTION('center_axis',(0.,0.,-1.));
#9489=DIRECTION('ref_axis',(0.707106781186547,0.707106781186548,0.));
#9490=DIRECTION('center_axis',(0.,0.,-1.));
#9491=DIRECTION('ref_axis',(-0.707106781186547,0.707106781186548,0.));
#9492=DIRECTION('center_axis',(0.,0.,-1.));
#9493=DIRECTION('ref_axis',(-0.707106781186547,-0.707106781186548,0.));
#9494=DIRECTION('center_axis',(0.,0.,1.));
#9495=DIRECTION('ref_axis',(1.,0.,0.));
#9496=DIRECTION('center_axis',(1.,0.,0.));
#9497=DIRECTION('ref_axis',(0.,0.,1.));
#9498=DIRECTION('center_axis',(1.,0.,0.));
#9499=DIRECTION('ref_axis',(0.,0.,1.));
#9500=DIRECTION('',(-1.,0.,0.));
#9501=DIRECTION('center_axis',(-1.,0.,0.));
#9502=DIRECTION('ref_axis',(0.,0.,1.));
#9503=DIRECTION('center_axis',(1.,0.,0.));
#9504=DIRECTION('ref_axis',(0.,0.,-1.));
#9505=DIRECTION('center_axis',(1.,0.,0.));
#9506=DIRECTION('ref_axis',(0.,0.,1.));
#9507=DIRECTION('center_axis',(1.,0.,0.));
#9508=DIRECTION('ref_axis',(0.,0.,1.));
#9509=DIRECTION('',(-1.,0.,0.));
#9510=DIRECTION('center_axis',(-1.,0.,0.));
#9511=DIRECTION('ref_axis',(0.,0.,1.));
#9512=DIRECTION('center_axis',(1.,0.,0.));
#9513=DIRECTION('ref_axis',(0.,0.,-1.));
#9514=DIRECTION('center_axis',(1.,0.,0.));
#9515=DIRECTION('ref_axis',(0.,0.,1.));
#9516=DIRECTION('center_axis',(1.,0.,0.));
#9517=DIRECTION('ref_axis',(0.,0.,1.));
#9518=DIRECTION('',(-1.,0.,0.));
#9519=DIRECTION('center_axis',(-1.,0.,0.));
#9520=DIRECTION('ref_axis',(0.,0.,1.));
#9521=DIRECTION('center_axis',(1.,0.,0.));
#9522=DIRECTION('ref_axis',(0.,0.,-1.));
#9523=DIRECTION('center_axis',(-1.,-2.96059473233375E-16,0.));
#9524=DIRECTION('ref_axis',(0.,0.,-1.));
#9525=DIRECTION('center_axis',(-1.,-3.06161699786838E-16,0.));
#9526=DIRECTION('ref_axis',(0.,0.,-1.));
#9527=DIRECTION('',(1.,2.96059473233375E-16,0.));
#9528=DIRECTION('center_axis',(-1.,-3.06161699786838E-16,0.));
#9529=DIRECTION('ref_axis',(0.,0.,1.));
#9530=DIRECTION('center_axis',(0.,-1.,0.));
#9531=DIRECTION('ref_axis',(1.,0.,0.));
#9532=DIRECTION('center_axis',(0.,-1.,0.));
#9533=DIRECTION('ref_axis',(1.,0.,0.));
#9534=DIRECTION('',(0.857167300702112,0.515038074910054,1.04972719113862E-16));
#9535=DIRECTION('center_axis',(0.,-1.,0.));
#9536=DIRECTION('ref_axis',(1.,0.,0.));
#9537=DIRECTION('center_axis',(0.,1.,0.));
#9538=DIRECTION('ref_axis',(1.,0.,0.));
#9539=DIRECTION('',(0.,1.,0.));
#9540=DIRECTION('center_axis',(0.,-1.,0.));
#9541=DIRECTION('ref_axis',(1.,0.,0.));
#9542=DIRECTION('center_axis',(0.,-1.,0.));
#9543=DIRECTION('ref_axis',(1.,0.,0.));
#9544=DIRECTION('',(0.857167300702112,0.515038074910054,1.04972719113862E-16));
#9545=DIRECTION('center_axis',(0.,-1.,0.));
#9546=DIRECTION('ref_axis',(1.,0.,0.));
#9547=DIRECTION('center_axis',(0.,1.,0.));
#9548=DIRECTION('ref_axis',(1.,0.,0.));
#9549=DIRECTION('',(0.,1.,0.));
#9550=DIRECTION('center_axis',(0.,-1.,0.));
#9551=DIRECTION('ref_axis',(-0.707106781186548,0.,-0.707106781186547));
#9552=DIRECTION('center_axis',(0.,1.,0.));
#9553=DIRECTION('ref_axis',(-0.707106781186548,0.,-0.707106781186547));
#9554=DIRECTION('',(0.,1.,0.));
#9555=DIRECTION('',(0.,-1.,0.));
#9556=DIRECTION('center_axis',(-1.,0.,-2.10358046771082E-16));
#9557=DIRECTION('ref_axis',(2.10358046771082E-16,0.,-1.));
#9558=DIRECTION('',(2.10358046771082E-16,0.,-1.));
#9559=DIRECTION('',(0.,-1.,0.));
#9560=DIRECTION('center_axis',(0.,-1.,0.));
#9561=DIRECTION('ref_axis',(0.,0.,-1.));
#9562=DIRECTION('',(1.,0.,1.26161707343768E-16));
#9563=DIRECTION('center_axis',(0.,1.,0.));
#9564=DIRECTION('ref_axis',(0.707106781186547,0.,-0.707106781186547));
#9565=DIRECTION('',(-9.34924652315921E-17,0.,1.));
#9566=DIRECTION('center_axis',(0.,1.,0.));
#9567=DIRECTION('ref_axis',(0.707106781186547,0.,0.707106781186547));
#9568=DIRECTION('',(-1.,0.,0.));
#9569=DIRECTION('center_axis',(0.,1.,0.));
#9570=DIRECTION('ref_axis',(-0.707106781186547,0.,0.707106781186547));
#9571=DIRECTION('center_axis',(0.,-1.,0.));
#9572=DIRECTION('ref_axis',(0.707106781186547,0.,-0.707106781186547));
#9573=DIRECTION('',(0.,1.,0.));
#9574=DIRECTION('',(0.,-1.,0.));
#9575=DIRECTION('center_axis',(1.,0.,9.34924652315921E-17));
#9576=DIRECTION('ref_axis',(-9.34924652315921E-17,0.,1.));
#9577=DIRECTION('',(0.,1.,0.));
#9578=DIRECTION('center_axis',(0.,-1.,0.));
#9579=DIRECTION('ref_axis',(0.707106781186547,0.,0.707106781186547));
#9580=DIRECTION('',(0.,-1.,0.));
#9581=DIRECTION('center_axis',(0.,-1.,0.));
#9582=DIRECTION('ref_axis',(-0.707106781186547,0.,0.707106781186547));
#9583=DIRECTION('',(0.,1.,0.));
#9584=DIRECTION('center_axis',(1.26161707343768E-16,0.,-1.));
#9585=DIRECTION('ref_axis',(1.,0.,1.26161707343768E-16));
#9586=DIRECTION('center_axis',(0.,0.,1.));
#9587=DIRECTION('ref_axis',(-1.,0.,0.));
#9588=DIRECTION('center_axis',(1.,0.,0.));
#9589=DIRECTION('ref_axis',(0.,1.,0.));
#9590=DIRECTION('',(0.,1.,0.));
#9591=DIRECTION('center_axis',(0.,0.,1.));
#9592=DIRECTION('ref_axis',(1.,0.,0.));
#9593=DIRECTION('axis',(0.,0.,1.));
#9594=DIRECTION('refdir',(1.,0.,0.));
#9595=DIRECTION('center_axis',(0.,0.,1.));
#9596=DIRECTION('ref_axis',(-0.525731112119133,0.850650808352041,0.));
#9597=DIRECTION('center_axis',(0.276936586537579,0.55387317307516,-0.785194647959707));
#9598=DIRECTION('ref_axis',(0.351149721681383,0.702299443362769,0.619249032954782));
#9599=DIRECTION('',(0.,0.,-1.));
#9600=DIRECTION('center_axis',(0.290553589760944,0.58110717952189,0.760192776462091));
#9601=DIRECTION('ref_axis',(0.339968544834707,0.679937089669416,-0.64969757781206));
#9602=DIRECTION('',(0.,0.,1.));
#9603=DIRECTION('center_axis',(0.,1.,0.));
#9604=DIRECTION('ref_axis',(-1.,0.,0.));
#9605=DIRECTION('center_axis',(0.,-1.,0.));
#9606=DIRECTION('ref_axis',(-0.881412416655379,4.62504789720367E-17,0.472347490483146));
#9607=DIRECTION('',(1.,0.,-8.46174898820974E-17));
#9608=DIRECTION('',(0.,0.,1.));
#9609=DIRECTION('center_axis',(0.,-1.,0.));
#9610=DIRECTION('ref_axis',(-0.943075312894348,0.,-0.332579245006702));
#9611=DIRECTION('center_axis',(0.434898251147076,0.869796502294152,-0.233061270369133));
#9612=DIRECTION('ref_axis',(-0.598752107065071,0.472636046255315,0.646615095760439));
#9613=DIRECTION('',(-0.434898251147076,-0.869796502294152,0.233061270369133));
#9614=DIRECTION('center_axis',(-0.223069943482819,-0.941586853952954,0.252297437120455));
#9615=DIRECTION('ref_axis',(0.974802441684761,-0.215469019478898,0.0577347497632956));
#9616=DIRECTION('',(0.434898251147076,0.869796502294152,-0.233061270369133));
#9617=DIRECTION('center_axis',(0.,0.,1.));
#9618=DIRECTION('ref_axis',(0.707106781186547,0.707106781186547,0.));
#9619=DIRECTION('center_axis',(0.,0.707106781186548,-0.707106781186548));
#9620=DIRECTION('ref_axis',(0.,0.707106781186547,0.707106781186547));
#9621=DIRECTION('',(0.,0.,-1.));
#9622=DIRECTION('center_axis',(0.,0.707106781186548,0.707106781186548));
#9623=DIRECTION('ref_axis',(0.,0.707106781186547,-0.707106781186547));
#9624=DIRECTION('',(0.,0.,1.));
#9625=DIRECTION('center_axis',(-2.96059473233375E-16,-1.,0.));
#9626=DIRECTION('ref_axis',(0.707106781186547,0.,-0.707106781186547));
#9627=DIRECTION('',(-2.96059473233375E-16,-1.,0.));
#9628=DIRECTION('center_axis',(0.,-1.,0.));
#9629=DIRECTION('ref_axis',(1.,0.,0.));
#9630=DIRECTION('',(2.96059473233375E-16,1.,0.));
#9631=DIRECTION('center_axis',(1.,-2.96059473233375E-16,0.));
#9632=DIRECTION('ref_axis',(2.96059473233375E-16,1.,0.));
#9633=DIRECTION('',(2.96059473233375E-16,1.,0.));
#9634=DIRECTION('',(0.,0.,1.));
#9635=DIRECTION('center_axis',(2.96059473233375E-16,1.,0.));
#9636=DIRECTION('ref_axis',(0.707106781186547,0.,0.707106781186547));
#9637=DIRECTION('',(-2.96059473233375E-16,-1.,0.));
#9638=DIRECTION('center_axis',(0.,-1.,0.));
#9639=DIRECTION('ref_axis',(0.,0.,1.));
#9640=DIRECTION('center_axis',(-0.0528391545927271,-0.993185488327114,0.103877858653124));
#9641=DIRECTION('ref_axis',(-0.450292794593947,0.116544351113352,0.88524223428412));
#9642=DIRECTION('center_axis',(0.,-0.965925826289069,0.25881904510252));
#9643=DIRECTION('ref_axis',(-1.,0.,0.));
#9644=DIRECTION('center_axis',(3.5527136788005E-15,1.,0.));
#9645=DIRECTION('ref_axis',(0.,0.,1.));
#9646=DIRECTION('center_axis',(-1.,0.,0.));
#9647=DIRECTION('ref_axis',(0.,0.258819045102521,0.965925826289068));
#9648=DIRECTION('center_axis',(-0.408248290463863,-0.816496580927726,-0.408248290463863));
#9649=DIRECTION('ref_axis',(0.577350269189626,-0.577350269189626,0.577350269189626));
#9650=DIRECTION('center_axis',(1.,0.,0.));
#9651=DIRECTION('ref_axis',(0.,-1.,0.));
#9652=DIRECTION('center_axis',(0.,0.,1.));
#9653=DIRECTION('ref_axis',(1.,-2.22044604925031E-16,0.));
#9654=DIRECTION('center_axis',(-0.816496580927726,-0.408248290463863,-0.408248290463863));
#9655=DIRECTION('ref_axis',(0.577350269189626,-0.577350269189626,-0.577350269189626));
#9656=DIRECTION('center_axis',(1.,0.,0.));
#9657=DIRECTION('ref_axis',(0.,0.,-1.));
#9658=DIRECTION('center_axis',(0.,0.,-1.));
#9659=DIRECTION('ref_axis',(0.,-1.,0.));
#9660=DIRECTION('center_axis',(0.,0.,1.));
#9661=DIRECTION('ref_axis',(0.707106781186547,-0.707106781186548,0.));
#9662=DIRECTION('',(0.,0.,-1.));
#9663=DIRECTION('center_axis',(0.408248290463863,-0.816496580927726,0.408248290463863));
#9664=DIRECTION('ref_axis',(-0.577350269189626,-0.577350269189626,-0.577350269189626));
#9665=DIRECTION('center_axis',(0.,0.,-1.));
#9666=DIRECTION('ref_axis',(-1.,0.,0.));
#9667=DIRECTION('center_axis',(0.,-1.,0.));
#9668=DIRECTION('ref_axis',(0.,0.,-1.));
#9669=DIRECTION('center_axis',(-1.,0.,2.22044604925031E-16));
#9670=DIRECTION('ref_axis',(0.,-1.,0.));
#9671=DIRECTION('center_axis',(0.,-0.984807753012208,-0.17364817766693));
#9672=DIRECTION('ref_axis',(-0.707106781186547,0.12278780396897,-0.69636424032002));
#9673=DIRECTION('',(0.,0.984807753012208,0.17364817766693));
#9674=DIRECTION('center_axis',(0.894427190999916,-0.447213595499958,0.));
#9675=DIRECTION('ref_axis',(-0.438768709257771,-0.877537418515542,-0.193416904331933));
#9676=DIRECTION('center_axis',(-0.226785714472106,-0.959148271874593,-0.16912371883139));
#9677=DIRECTION('ref_axis',(-0.973944680005685,0.223340329884544,0.0393809260389668));
#9678=DIRECTION('',(0.,-0.984807753012208,-0.17364817766693));
#9679=DIRECTION('center_axis',(0.,0.996194698091746,0.087155742747656));
#9680=DIRECTION('ref_axis',(0.,-0.087155742747656,0.996194698091746));
#9681=DIRECTION('center_axis',(-0.4417534802228,-0.8835069604456,-0.155786114770286));
#9682=DIRECTION('ref_axis',(-0.609241602969051,0.422901747299895,-0.6708045776099));
#9683=DIRECTION('center_axis',(-0.973944680005684,0.223340329884547,0.0393809260389747));
#9684=DIRECTION('ref_axis',(0.22678571447211,0.959148271874592,0.169123718831389));
#9685=DIRECTION('',(-0.4417534802228,-0.8835069604456,-0.155786114770286));
#9686=DIRECTION('',(0.4417534802228,0.8835069604456,0.155786114770286));
#9687=DIRECTION('center_axis',(0.,1.,0.));
#9688=DIRECTION('ref_axis',(-0.707106781186547,0.,-0.707106781186547));
#9689=DIRECTION('',(0.,-1.,0.));
#9690=DIRECTION('',(0.,1.,0.));
#9691=DIRECTION('center_axis',(-1.,-1.83697019872103E-16,0.));
#9692=DIRECTION('ref_axis',(0.,-0.707106781186548,-0.707106781186547));
#9693=DIRECTION('',(1.,1.83697019872103E-16,0.));
#9694=DIRECTION('',(-1.,-1.83697019872103E-16,0.));
#9695=DIRECTION('center_axis',(0.,0.,1.));
#9696=DIRECTION('ref_axis',(-0.707106781186548,-0.707106781186548,0.));
#9697=DIRECTION('',(0.,0.,-1.));
#9698=DIRECTION('',(0.,0.,1.));
#9699=DIRECTION('center_axis',(1.,1.83697019872103E-16,0.));
#9700=DIRECTION('ref_axis',(0.,-0.707106781186548,0.707106781186547));
#9701=DIRECTION('',(1.,1.83697019872103E-16,0.));
#9702=DIRECTION('',(-1.,-1.83697019872103E-16,0.));
#9703=DIRECTION('center_axis',(0.707106781186548,-0.707106781186547,-3.14018491736755E-16));
#9704=DIRECTION('ref_axis',(-0.707106781186547,-0.707106781186548,-3.14018491736755E-16));
#9705=DIRECTION('center_axis',(0.,-1.,0.));
#9706=DIRECTION('ref_axis',(-0.707106781186547,0.,0.707106781186547));
#9707=DIRECTION('',(0.,1.,0.));
#9708=DIRECTION('',(0.,-1.,0.));
#9709=DIRECTION('center_axis',(-1.,3.15796771448933E-16,0.));
#9710=DIRECTION('ref_axis',(0.,0.130526192220051,0.991444861373811));
#9711=DIRECTION('',(-1.,3.15796771448933E-16,0.));
#9712=DIRECTION('',(1.,-3.15796771448933E-16,0.));
#9713=DIRECTION('center_axis',(0.,0.965925826289068,-0.25881904510252));
#9714=DIRECTION('ref_axis',(-0.707106781186548,0.183012701892219,0.683012701892219));
#9715=DIRECTION('',(0.,-0.965925826289068,0.25881904510252));
#9716=DIRECTION('',(0.,0.965925826289068,-0.25881904510252));
#9717=DIRECTION('center_axis',(0.894427190999916,-0.447213595499958,0.));
#9718=DIRECTION('ref_axis',(-0.428402862053081,-0.856805724106162,0.286975502305761));
#9719=DIRECTION('center_axis',(-1.,0.,0.));
#9720=DIRECTION('ref_axis',(0.,-1.,0.));
#9721=DIRECTION('',(-1.85037170770859E-16,1.,0.));
#9722=DIRECTION('',(0.,0.,-1.));
#9723=DIRECTION('center_axis',(-1.85037170770859E-16,1.,0.));
#9724=DIRECTION('ref_axis',(1.,1.85037170770859E-16,-1.22464679914735E-16));
#9725=DIRECTION('center_axis',(-1.83697019872103E-16,1.,0.));
#9726=DIRECTION('ref_axis',(-1.,-1.85037170770859E-16,0.));
#9727=DIRECTION('',(1.85037170770859E-16,-1.,0.));
#9728=DIRECTION('center_axis',(-0.894427190999916,0.447213595499958,0.));
#9729=DIRECTION('ref_axis',(-0.447213595499958,-0.894427190999916,0.));
#9730=DIRECTION('center_axis',(1.83697019872103E-16,-1.,0.));
#9731=DIRECTION('ref_axis',(1.,1.83697019872103E-16,0.));
#9732=DIRECTION('',(0.,0.,1.));
#9733=DIRECTION('center_axis',(-1.,0.,0.));
#9734=DIRECTION('ref_axis',(0.,-1.,0.));
#9735=DIRECTION('',(0.,0.,-1.));
#9736=DIRECTION('center_axis',(0.894427190999916,-0.447213595499958,0.));
#9737=DIRECTION('ref_axis',(-0.447213595499958,-0.894427190999916,0.));
#9738=DIRECTION('center_axis',(-8.17342188328718E-17,-0.25881904510252,
-0.965925826289068));
#9739=DIRECTION('ref_axis',(-2.85971491313654E-16,-0.965925826289068,0.25881904510252));
#9740=DIRECTION('center_axis',(8.17342188328718E-17,0.25881904510252,0.965925826289068));
#9741=DIRECTION('ref_axis',(3.50604846764894E-33,-0.965925826289068,0.25881904510252));
#9742=DIRECTION('',(7.79922249037239E-17,-0.965925826289068,0.25881904510252));
#9743=DIRECTION('center_axis',(0.,-0.317595577365612,-0.94822626479011));
#9744=DIRECTION('ref_axis',(0.,-0.94822626479011,0.317595577365612));
#9745=DIRECTION('center_axis',(0.,-0.965925826289069,0.25881904510252));
#9746=DIRECTION('ref_axis',(1.,0.,0.));
#9747=DIRECTION('center_axis',(7.79922249037239E-17,-0.965925826289068,
0.25881904510252));
#9748=DIRECTION('ref_axis',(0.707106781186547,0.183012701892219,0.683012701892221));
#9749=DIRECTION('',(-7.79922249037239E-17,0.965925826289068,-0.25881904510252));
#9750=DIRECTION('center_axis',(0.,-0.608761429008721,0.793353340291235));
#9751=DIRECTION('ref_axis',(-1.2811623928067E-16,0.793353340291235,0.608761429008721));
#9752=DIRECTION('center_axis',(0.,0.,1.));
#9753=DIRECTION('ref_axis',(0.707106781186548,0.707106781186547,0.));
#9754=DIRECTION('',(0.,0.,-1.));
#9755=DIRECTION('center_axis',(-2.28364033349684E-15,0.64278760968654,0.766044443118978));
#9756=DIRECTION('ref_axis',(-2.7215365716379E-15,0.766044443118978,-0.64278760968654));
#9757=DIRECTION('center_axis',(5.48375338752073E-17,0.17364817766693,-0.984807753012208));
#9758=DIRECTION('ref_axis',(0.,-0.984807753012208,-0.17364817766693));
#9759=DIRECTION('center_axis',(0.,-0.984807753012208,-0.17364817766693));
#9760=DIRECTION('ref_axis',(0.,0.17364817766693,-0.984807753012208));
#9761=DIRECTION('center_axis',(-5.42100050603572E-17,-0.21524248516893,
0.976560634358309));
#9762=DIRECTION('ref_axis',(0.,-0.976560634358309,-0.21524248516893));
#9763=DIRECTION('center_axis',(-7.95168176162559E-17,0.984807753012208,
0.17364817766693));
#9764=DIRECTION('ref_axis',(0.707106781186547,0.122787803968973,-0.696364240320019));
#9765=DIRECTION('',(7.95168176162559E-17,-0.984807753012208,-0.17364817766693));
#9766=DIRECTION('',(-7.95168176162559E-17,0.984807753012208,0.17364817766693));
#9767=DIRECTION('center_axis',(0.,0.,1.));
#9768=DIRECTION('ref_axis',(1.,0.,0.));
#9769=DIRECTION('center_axis',(0.,1.,0.));
#9770=DIRECTION('ref_axis',(-1.,0.,0.));
#9771=DIRECTION('',(0.,0.,-1.));
#9772=DIRECTION('center_axis',(-5.48375338752073E-17,-0.17364817766693,
0.984807753012208));
#9773=DIRECTION('ref_axis',(2.91561664592938E-16,0.984807753012208,0.17364817766693));
#9774=DIRECTION('',(1.,-3.15796771448933E-16,0.));
#9775=DIRECTION('center_axis',(0.,0.,1.));
#9776=DIRECTION('ref_axis',(-0.707106781186547,-0.707106781186547,0.));
#9777=DIRECTION('',(0.,0.,1.));
#9778=DIRECTION('center_axis',(1.,8.07434927000114E-17,0.));
#9779=DIRECTION('ref_axis',(-8.07434927000114E-17,1.,0.));
#9780=DIRECTION('center_axis',(0.,0.,1.));
#9781=DIRECTION('ref_axis',(1.,0.,0.));
#9782=DIRECTION('axis',(0.,0.,1.));
#9783=DIRECTION('refdir',(1.,0.,0.));
#9784=DIRECTION('center_axis',(-1.,0.,0.));
#9785=DIRECTION('ref_axis',(0.,0.,1.));
#9786=DIRECTION('center_axis',(1.,0.,0.));
#9787=DIRECTION('ref_axis',(0.,0.,-1.));
#9788=DIRECTION('center_axis',(1.,0.,0.));
#9789=DIRECTION('ref_axis',(0.,1.,0.));
#9790=DIRECTION('center_axis',(1.,0.,0.));
#9791=DIRECTION('ref_axis',(0.,0.,-1.));
#9792=DIRECTION('',(-1.,0.,0.));
#9793=DIRECTION('center_axis',(-1.,0.,0.));
#9794=DIRECTION('ref_axis',(0.,1.,0.));
#9795=DIRECTION('center_axis',(1.,0.,0.));
#9796=DIRECTION('ref_axis',(0.,0.,-1.));
#9797=DIRECTION('',(-0.707106781186548,-0.707106781186548,-8.65956056235493E-17));
#9798=DIRECTION('center_axis',(1.,0.,0.));
#9799=DIRECTION('ref_axis',(0.,1.,0.));
#9800=DIRECTION('center_axis',(1.,0.,0.));
#9801=DIRECTION('ref_axis',(0.,0.,-1.));
#9802=DIRECTION('',(-1.,0.,0.));
#9803=DIRECTION('center_axis',(1.,0.,0.));
#9804=DIRECTION('ref_axis',(0.,1.,0.));
#9805=DIRECTION('center_axis',(1.,0.,0.));
#9806=DIRECTION('ref_axis',(0.,0.,-1.));
#9807=DIRECTION('',(-0.993883734673619,0.110431526074847,1.35239614932518E-17));
#9808=DIRECTION('center_axis',(1.,0.,0.));
#9809=DIRECTION('ref_axis',(0.,1.,0.));
#9810=DIRECTION('center_axis',(1.,0.,0.));
#9811=DIRECTION('ref_axis',(0.,0.,-1.));
#9812=DIRECTION('',(-1.,0.,0.));
#9813=DIRECTION('center_axis',(-1.,0.,0.));
#9814=DIRECTION('ref_axis',(0.,1.,0.));
#9815=DIRECTION('center_axis',(1.,0.,0.));
#9816=DIRECTION('ref_axis',(0.,0.,-1.));
#9817=DIRECTION('',(-0.857492925712544,-0.514495755427527,-6.30075580059221E-17));
#9818=DIRECTION('center_axis',(-1.,0.,0.));
#9819=DIRECTION('ref_axis',(0.,1.,0.));
#9820=DIRECTION('center_axis',(1.,0.,0.));
#9821=DIRECTION('ref_axis',(0.,0.,-1.));
#9822=DIRECTION('',(-0.995893206467704,-0.0905357460425186,-1.10874311599388E-17));
#9823=DIRECTION('center_axis',(1.,0.,0.));
#9824=DIRECTION('ref_axis',(0.,0.,-1.));
#9825=DIRECTION('center_axis',(1.,0.,0.));
#9826=DIRECTION('ref_axis',(0.,0.,-1.));
#9827=DIRECTION('center_axis',(1.,0.,0.));
#9828=DIRECTION('ref_axis',(0.,1.,0.));
#9829=DIRECTION('center_axis',(1.,0.,0.));
#9830=DIRECTION('ref_axis',(0.,0.,-1.));
#9831=DIRECTION('',(-1.,0.,0.));
#9832=DIRECTION('center_axis',(1.,0.,0.));
#9833=DIRECTION('ref_axis',(0.,0.,-1.));
#9834=DIRECTION('center_axis',(1.,0.,0.));
#9835=DIRECTION('ref_axis',(0.,0.,-1.));
#9836=DIRECTION('center_axis',(1.,0.,0.));
#9837=DIRECTION('ref_axis',(0.,1.,0.));
#9838=DIRECTION('center_axis',(1.,0.,0.));
#9839=DIRECTION('ref_axis',(0.,0.,-1.));
#9840=DIRECTION('',(-1.,0.,0.));
#9841=DIRECTION('center_axis',(-1.,0.,0.));
#9842=DIRECTION('ref_axis',(0.,0.,1.));
#9843=DIRECTION('center_axis',(1.,0.,0.));
#9844=DIRECTION('ref_axis',(0.,0.,-1.));
#9845=DIRECTION('center_axis',(1.,0.,0.));
#9846=DIRECTION('ref_axis',(0.,1.,0.));
#9847=DIRECTION('center_axis',(1.,0.,0.));
#9848=DIRECTION('ref_axis',(0.,0.,-1.));
#9849=DIRECTION('',(-1.,0.,0.));
#9850=DIRECTION('center_axis',(1.,0.,0.));
#9851=DIRECTION('ref_axis',(0.,0.,-1.));
#9852=DIRECTION('center_axis',(1.,0.,0.));
#9853=DIRECTION('ref_axis',(0.,0.,-1.));
#9854=DIRECTION('center_axis',(-1.,0.,0.));
#9855=DIRECTION('ref_axis',(0.,1.,0.));
#9856=DIRECTION('center_axis',(1.,0.,0.));
#9857=DIRECTION('ref_axis',(0.,0.,-1.));
#9858=DIRECTION('',(-0.990830168044299,-0.135113204733313,-1.65465953699193E-17));
#9859=DIRECTION('center_axis',(1.,0.,0.));
#9860=DIRECTION('ref_axis',(0.,0.,-1.));
#9861=DIRECTION('center_axis',(1.,0.,0.));
#9862=DIRECTION('ref_axis',(0.,0.,-1.));
#9863=DIRECTION('center_axis',(1.,0.,0.));
#9864=DIRECTION('ref_axis',(0.,1.,0.));
#9865=DIRECTION('center_axis',(1.,0.,0.));
#9866=DIRECTION('ref_axis',(0.,0.,-1.));
#9867=DIRECTION('',(-1.,0.,0.));
#9868=DIRECTION('center_axis',(-1.,0.,0.));
#9869=DIRECTION('ref_axis',(0.,0.,1.));
#9870=DIRECTION('center_axis',(1.,0.,0.));
#9871=DIRECTION('ref_axis',(0.,0.,-1.));
#9872=DIRECTION('center_axis',(1.,0.,0.));
#9873=DIRECTION('ref_axis',(0.,1.,0.));
#9874=DIRECTION('center_axis',(1.,0.,0.));
#9875=DIRECTION('ref_axis',(0.,0.,-1.));
#9876=DIRECTION('',(-1.,0.,0.));
#9877=DIRECTION('center_axis',(1.,0.,0.));
#9878=DIRECTION('ref_axis',(0.,0.,-1.));
#9879=DIRECTION('center_axis',(1.,0.,0.));
#9880=DIRECTION('ref_axis',(0.,0.,-1.));
#9881=DIRECTION('center_axis',(1.,0.,0.));
#9882=DIRECTION('ref_axis',(0.,1.,0.));
#9883=DIRECTION('center_axis',(1.,0.,0.));
#9884=DIRECTION('ref_axis',(0.,0.,-1.));
#9885=DIRECTION('',(-1.,0.,0.));
#9886=DIRECTION('center_axis',(1.,0.,0.));
#9887=DIRECTION('ref_axis',(0.,0.,-1.));
#9888=DIRECTION('',(0.,0.,1.));
#9889=DIRECTION('',(1.,0.,0.));
#9890=DIRECTION('',(4.49794217491987E-16,1.,-2.77555756156287E-17));
#9891=DIRECTION('',(1.83697019872103E-16,-2.77555756156288E-17,-1.));
#9892=DIRECTION('',(1.68780727478578E-16,2.75821032680312E-16,1.));
#9893=DIRECTION('',(1.,-3.33066907387547E-16,-1.68780727478578E-16));
#9894=DIRECTION('',(0.,0.,1.));
#9895=DIRECTION('',(1.,0.,0.));
#9896=DIRECTION('',(0.,0.,-1.));
#9897=DIRECTION('',(-1.,0.,0.));
#9898=DIRECTION('',(1.22464679914736E-16,1.31371731030452E-46,1.));
#9899=DIRECTION('',(1.,1.35960497030904E-15,-1.22464679914736E-16));
#9900=DIRECTION('',(1.22464679914747E-16,7.66335097677634E-46,1.));
#9901=DIRECTION('',(1.,1.35960497030906E-15,-1.22464679914747E-16));
#9902=DIRECTION('',(-1.,-7.48238801255165E-32,-4.95503256091941E-30));
#9903=DIRECTION('',(-7.48238801255134E-32,1.,-6.10983347832277E-16));
#9904=DIRECTION('',(-1.,6.98356457886162E-16,1.22124532708771E-15));
#9905=DIRECTION('',(6.98356457886161E-16,1.,-8.92003824481331E-16));
#9906=DIRECTION('',(-1.,-4.953755933786E-16,-3.88578058618776E-16));
#9907=DIRECTION('',(-4.953755933786E-16,1.,-2.3309375275032E-29));
#9908=DIRECTION('',(-1.,-3.2595360445786E-16,-1.22124532708763E-15));
#9909=DIRECTION('',(-3.2595360445786E-16,1.,3.54859252428546E-16));
#9910=DIRECTION('',(-0.408587382210438,0.912719207148848,1.82625448935834E-17));
#9911=DIRECTION('',(0.912719207148848,0.408587382210438,-1.0204216685308E-15));
#9912=DIRECTION('',(-1.76386074133598E-15,1.,1.99091637058718E-29));
#9913=DIRECTION('',(1.,1.76386074133598E-15,7.02964429701377E-33));
#9914=DIRECTION('',(-1.22464679914747E-16,-4.59801058606581E-46,-1.));
#9915=DIRECTION('',(1.,1.35960497030908E-15,-1.22464679914747E-16));
#9916=DIRECTION('',(0.912719207148848,0.408587382210437,-1.0204216685308E-15));
#9917=DIRECTION('',(0.408587382210437,-0.912719207148848,2.63837493638328E-19));
#9918=DIRECTION('center_axis',(0.,0.,1.));
#9919=DIRECTION('ref_axis',(1.,0.,0.));
#9920=CARTESIAN_POINT('',(0.,0.,0.));
#9921=CARTESIAN_POINT('',(0.,0.,0.));
#9922=CARTESIAN_POINT('',(0.,0.,0.));
#9923=CARTESIAN_POINT('Origin',(75.9999999999999,21.,100.));
#9924=CARTESIAN_POINT('',(506.,300.,100.));
#9925=CARTESIAN_POINT('',(-354.,300.,100.));
#9926=CARTESIAN_POINT('',(1050.,300.,100.));
#9927=CARTESIAN_POINT('',(-354.,342.,100.));
#9928=CARTESIAN_POINT('',(-354.,-300.,100.));
#9929=CARTESIAN_POINT('',(506.,342.,100.));
#9930=CARTESIAN_POINT('',(-354.,342.,100.));
#9931=CARTESIAN_POINT('',(506.,342.,100.));
#9932=CARTESIAN_POINT('Origin',(75.9999999999999,21.,100.));
#9933=CARTESIAN_POINT('',(-354.,200.,100.));
#9934=CARTESIAN_POINT('',(506.,200.,100.));
#9935=CARTESIAN_POINT('',(-1050.,200.,100.));
#9936=CARTESIAN_POINT('',(506.,-200.,100.));
#9937=CARTESIAN_POINT('',(506.,342.,100.));
#9938=CARTESIAN_POINT('',(-354.,-200.,100.));
#9939=CARTESIAN_POINT('',(1050.,-200.,100.));
#9940=CARTESIAN_POINT('',(-354.,-300.,100.));
#9941=CARTESIAN_POINT('Origin',(-354.,342.,100.));
#9942=CARTESIAN_POINT('',(-354.,-300.,100.));
#9943=CARTESIAN_POINT('',(-354.,46.,100.));
#9944=CARTESIAN_POINT('',(-354.,-300.,212.));
#9945=CARTESIAN_POINT('',(-354.,-300.,100.));
#9946=CARTESIAN_POINT('',(-354.,342.,212.));
#9947=CARTESIAN_POINT('',(-354.,-300.,212.));
#9948=CARTESIAN_POINT('',(-354.,342.,100.));
#9949=CARTESIAN_POINT('',(-354.,296.,100.));
#9950=CARTESIAN_POINT('Origin',(506.,342.,100.));
#9951=CARTESIAN_POINT('',(506.,342.,212.));
#9952=CARTESIAN_POINT('',(-354.,342.,212.));
#9953=CARTESIAN_POINT('',(506.,342.,100.));
#9954=CARTESIAN_POINT('Origin',(506.,-300.,100.));
#9955=CARTESIAN_POINT('',(506.,-300.,212.));
#9956=CARTESIAN_POINT('',(506.,342.,212.));
#9957=CARTESIAN_POINT('',(506.,-300.,100.));
#9958=CARTESIAN_POINT('',(506.,-300.,100.));
#9959=CARTESIAN_POINT('',(506.,-275.,100.));
#9960=CARTESIAN_POINT('',(506.,-25.0000000000001,100.));
#9961=CARTESIAN_POINT('Origin',(75.9999999999999,21.,212.));
#9962=CARTESIAN_POINT('',(506.,-300.,212.));
#9963=CARTESIAN_POINT('Origin',(0.,250.,100.));
#9964=CARTESIAN_POINT('',(950.,200.,100.));
#9965=CARTESIAN_POINT('',(-1050.,200.,100.));
#9966=CARTESIAN_POINT('',(950.,300.,100.));
#9967=CARTESIAN_POINT('',(950.,500.,100.));
#9968=CARTESIAN_POINT('',(1050.,300.,100.));
#9969=CARTESIAN_POINT('Origin',(0.,250.,100.));
#9970=CARTESIAN_POINT('',(-950.,300.,100.));
#9971=CARTESIAN_POINT('',(1050.,300.,100.));
#9972=CARTESIAN_POINT('',(-950.,200.,100.));
#9973=CARTESIAN_POINT('',(-950.,-250.,100.));
#9974=CARTESIAN_POINT('',(-1050.,200.,100.));
#9975=CARTESIAN_POINT('Origin',(0.,-250.,100.));
#9976=CARTESIAN_POINT('',(950.,-300.,100.));
#9977=CARTESIAN_POINT('',(-1050.,-300.,100.));
#9978=CARTESIAN_POINT('',(950.,-200.,100.));
#9979=CARTESIAN_POINT('',(950.,250.,100.));
#9980=CARTESIAN_POINT('',(1050.,-200.,100.));
#9981=CARTESIAN_POINT('Origin',(0.,-250.,100.));
#9982=CARTESIAN_POINT('',(-950.,-200.,100.));
#9983=CARTESIAN_POINT('',(1050.,-200.,100.));
#9984=CARTESIAN_POINT('',(-950.,-300.,100.));
#9985=CARTESIAN_POINT('',(-950.,-500.,100.));
#9986=CARTESIAN_POINT('',(-1050.,-300.,100.));
#9987=CARTESIAN_POINT('Origin',(1020.,-275.,-70.));
#9988=CARTESIAN_POINT('',(1050.,-300.,-40.));
#9989=CARTESIAN_POINT('',(990.,-300.,-100.));
#9990=CARTESIAN_POINT('',(520.,-300.,-570.));
#9991=CARTESIAN_POINT('',(990.,-200.,-100.));
#9992=CARTESIAN_POINT('',(990.,-275.,-100.));
#9993=CARTESIAN_POINT('',(1050.,-200.,-40.));
#9994=CARTESIAN_POINT('',(1045.,-200.,-45.));
#9995=CARTESIAN_POINT('',(1050.,-275.,-40.));
#9996=CARTESIAN_POINT('Origin',(0.,-250.,-100.));
#9997=CARTESIAN_POINT('',(-990.,-300.,-100.));
#9998=CARTESIAN_POINT('',(-1050.,-300.,-100.));
#9999=CARTESIAN_POINT('',(-990.,-200.,-100.));
#10000=CARTESIAN_POINT('',(-990.,-225.,-100.));
#10001=CARTESIAN_POINT('',(1050.,-200.,-100.));
#10002=CARTESIAN_POINT('Origin',(-1050.,-300.,0.));
#10003=CARTESIAN_POINT('',(1050.,-300.,0.));
#10004=CARTESIAN_POINT('',(1050.,-300.,0.));
#10005=CARTESIAN_POINT('',(950.,-300.,0.));
#10006=CARTESIAN_POINT('',(-25.0000000000001,-300.,0.));
#10007=CARTESIAN_POINT('',(950.,-300.,0.));
#10008=CARTESIAN_POINT('',(-950.,-300.,0.));
#10009=CARTESIAN_POINT('',(-950.,-300.,0.));
#10010=CARTESIAN_POINT('',(-1050.,-300.,0.));
#10011=CARTESIAN_POINT('',(-1025.,-300.,0.));
#10012=CARTESIAN_POINT('',(-1050.,-300.,-40.));
#10013=CARTESIAN_POINT('',(-1050.,-300.,0.));
#10014=CARTESIAN_POINT('',(-1045.,-300.,-45.));
#10015=CARTESIAN_POINT('Origin',(1020.,-25.0000000000001,-70.));
#10016=CARTESIAN_POINT('',(990.,300.,-100.));
#10017=CARTESIAN_POINT('',(1050.,300.,-40.));
#10018=CARTESIAN_POINT('',(1045.,300.,-45.));
#10019=CARTESIAN_POINT('',(1050.,200.,-40.));
#10020=CARTESIAN_POINT('',(1050.,-25.0000000000001,-40.));
#10021=CARTESIAN_POINT('',(990.,200.,-100.));
#10022=CARTESIAN_POINT('',(520.,200.,-570.));
#10023=CARTESIAN_POINT('',(990.,-25.0000000000001,-100.));
#10024=CARTESIAN_POINT('Origin',(0.,250.,-100.));
#10025=CARTESIAN_POINT('',(-990.,200.,-100.));
#10026=CARTESIAN_POINT('',(-1050.,200.,-100.));
#10027=CARTESIAN_POINT('',(-990.,300.,-100.));
#10028=CARTESIAN_POINT('',(-990.,25.,-100.));
#10029=CARTESIAN_POINT('',(1050.,300.,-100.));
#10030=CARTESIAN_POINT('Origin',(-1050.,200.,0.));
#10031=CARTESIAN_POINT('',(1050.,200.,0.));
#10032=CARTESIAN_POINT('',(1050.,200.,0.));
#10033=CARTESIAN_POINT('',(950.,200.,0.));
#10034=CARTESIAN_POINT('',(-25.0000000000001,200.,0.));
#10035=CARTESIAN_POINT('',(950.,200.,0.));
#10036=CARTESIAN_POINT('',(-950.,200.,0.));
#10037=CARTESIAN_POINT('',(-950.,200.,0.));
#10038=CARTESIAN_POINT('',(-1050.,200.,0.));
#10039=CARTESIAN_POINT('',(-1025.,200.,0.));
#10040=CARTESIAN_POINT('',(-1050.,200.,-40.));
#10041=CARTESIAN_POINT('',(-1050.,200.,0.));
#10042=CARTESIAN_POINT('',(-1045.,200.,-45.));
#10043=CARTESIAN_POINT('Origin',(-1020.,25.,-70.));
#10044=CARTESIAN_POINT('',(-1050.,300.,-40.));
#10045=CARTESIAN_POINT('',(-520.,300.,-570.));
#10046=CARTESIAN_POINT('',(-1050.,25.,-40.));
#10047=CARTESIAN_POINT('Origin',(1050.,300.,0.));
#10048=CARTESIAN_POINT('',(-1050.,300.,0.));
#10049=CARTESIAN_POINT('',(-1050.,300.,0.));
#10050=CARTESIAN_POINT('',(-950.,300.,0.));
#10051=CARTESIAN_POINT('',(24.9999999999999,300.,0.));
#10052=CARTESIAN_POINT('',(-950.,300.,0.));
#10053=CARTESIAN_POINT('',(950.,300.,0.));
#10054=CARTESIAN_POINT('',(950.,300.,0.));
#10055=CARTESIAN_POINT('',(1050.,300.,0.));
#10056=CARTESIAN_POINT('',(1025.,300.,0.));
#10057=CARTESIAN_POINT('',(1050.,300.,0.));
#10058=CARTESIAN_POINT('Origin',(-1050.,-200.,0.));
#10059=CARTESIAN_POINT('',(-1050.,-200.,0.));
#10060=CARTESIAN_POINT('',(-1050.,750.,0.));
#10061=CARTESIAN_POINT('',(-1050.,-200.,-40.));
#10062=CARTESIAN_POINT('',(-1050.,-200.,0.));
#10063=CARTESIAN_POINT('',(-1050.,-225.,-40.));
#10064=CARTESIAN_POINT('',(-1050.,-750.,0.));
#10065=CARTESIAN_POINT('',(-1050.,750.,0.));
#10066=CARTESIAN_POINT('',(-1050.,-750.,200.));
#10067=CARTESIAN_POINT('',(-1050.,-750.,0.));
#10068=CARTESIAN_POINT('',(-1050.,750.,200.));
#10069=CARTESIAN_POINT('',(-1050.,750.,200.));
#10070=CARTESIAN_POINT('',(-1050.,750.,0.));
#10071=CARTESIAN_POINT('',(-1050.,750.,0.));
#10072=CARTESIAN_POINT('',(-1050.,750.,0.));
#10073=CARTESIAN_POINT('Origin',(-1020.,-225.,-70.));
#10074=CARTESIAN_POINT('',(-520.,-200.,-570.));
#10075=CARTESIAN_POINT('Origin',(-1000.,4.2632564145606E-14,0.));
#10076=CARTESIAN_POINT('',(-950.,750.,0.));
#10077=CARTESIAN_POINT('',(-950.,750.,0.));
#10078=CARTESIAN_POINT('',(-950.,-750.,0.));
#10079=CARTESIAN_POINT('Origin',(-1000.,4.2632564145606E-14,0.));
#10080=CARTESIAN_POINT('',(-950.,-750.,0.));
#10081=CARTESIAN_POINT('',(-950.,-750.,0.));
#10082=CARTESIAN_POINT('',(-1050.,-750.,0.));
#10083=CARTESIAN_POINT('Origin',(-1000.,4.2632564145606E-14,0.));
#10084=CARTESIAN_POINT('',(-950.,-200.,0.));
#10085=CARTESIAN_POINT('',(24.9999999999999,-200.,0.));
#10086=CARTESIAN_POINT('',(-950.,-750.,0.));
#10087=CARTESIAN_POINT('Origin',(-950.,750.,0.));
#10088=CARTESIAN_POINT('',(-950.,750.,200.));
#10089=CARTESIAN_POINT('',(-950.,750.,200.));
#10090=CARTESIAN_POINT('',(-950.,750.,0.));
#10091=CARTESIAN_POINT('Origin',(-950.,-750.,0.));
#10092=CARTESIAN_POINT('',(-950.,-200.,0.));
#10093=CARTESIAN_POINT('',(-950.,-750.,200.));
#10094=CARTESIAN_POINT('',(-950.,-750.,200.));
#10095=CARTESIAN_POINT('',(-950.,-750.,0.));
#10096=CARTESIAN_POINT('Origin',(-1050.,-750.,0.));
#10097=CARTESIAN_POINT('',(-1050.,-750.,200.));
#10098=CARTESIAN_POINT('Origin',(-1000.,3.5527136788005E-14,200.));
#10099=CARTESIAN_POINT('Origin',(950.,750.,0.));
#10100=CARTESIAN_POINT('',(950.,-200.,0.));
#10101=CARTESIAN_POINT('',(950.,-200.,0.));
#10102=CARTESIAN_POINT('',(950.,-750.,0.));
#10103=CARTESIAN_POINT('',(950.,750.,0.));
#10104=CARTESIAN_POINT('',(950.,-750.,200.));
#10105=CARTESIAN_POINT('',(950.,-750.,0.));
#10106=CARTESIAN_POINT('',(950.,750.,200.));
#10107=CARTESIAN_POINT('',(950.,750.,200.));
#10108=CARTESIAN_POINT('',(950.,750.,0.));
#10109=CARTESIAN_POINT('',(950.,750.,0.));
#10110=CARTESIAN_POINT('',(950.,750.,0.));
#10111=CARTESIAN_POINT('',(950.,750.,0.));
#10112=CARTESIAN_POINT('Origin',(1000.,3.19744231092045E-14,0.));
#10113=CARTESIAN_POINT('',(1050.,-750.,0.));
#10114=CARTESIAN_POINT('',(1050.,-750.,0.));
#10115=CARTESIAN_POINT('',(950.,-750.,0.));
#10116=CARTESIAN_POINT('Origin',(1000.,3.19744231092045E-14,0.));
#10117=CARTESIAN_POINT('',(1050.,750.,0.));
#10118=CARTESIAN_POINT('',(1050.,750.,0.));
#10119=CARTESIAN_POINT('',(1050.,-750.,0.));
#10120=CARTESIAN_POINT('Origin',(950.,-750.,0.));
#10121=CARTESIAN_POINT('',(1050.,-750.,200.));
#10122=CARTESIAN_POINT('',(1050.,-750.,0.));
#10123=CARTESIAN_POINT('',(950.,-750.,200.));
#10124=CARTESIAN_POINT('Origin',(1050.,750.,0.));
#10125=CARTESIAN_POINT('',(1050.,750.,200.));
#10126=CARTESIAN_POINT('',(1050.,750.,200.));
#10127=CARTESIAN_POINT('',(1050.,750.,0.));
#10128=CARTESIAN_POINT('Origin',(1000.,3.5527136788005E-14,200.));
#10129=CARTESIAN_POINT('',(1050.,-750.,200.));
#10130=CARTESIAN_POINT('Origin',(1000.,3.19744231092045E-14,0.));
#10131=CARTESIAN_POINT('',(1050.,-200.,0.));
#10132=CARTESIAN_POINT('',(1025.,-200.,0.));
#10133=CARTESIAN_POINT('',(1050.,-750.,0.));
#10134=CARTESIAN_POINT('Origin',(1050.,-300.,0.));
#10135=CARTESIAN_POINT('',(1050.,-200.,0.));
#10136=CARTESIAN_POINT('Origin',(1050.,-200.,0.));
#10137=CARTESIAN_POINT('',(0.,0.,0.));
#10138=CARTESIAN_POINT('Origin',(-1.08869467495106E-14,0.,-94.));
#10139=CARTESIAN_POINT('',(219.,2.6819764901327E-14,-94.));
#10140=CARTESIAN_POINT('Origin',(0.,0.,-94.));
#10141=CARTESIAN_POINT('Origin',(0.,0.,0.));
#10142=CARTESIAN_POINT('',(219.,2.6819764901327E-14,94.));
#10143=CARTESIAN_POINT('Origin',(0.,0.,94.));
#10144=CARTESIAN_POINT('',(219.,2.6819764901327E-14,0.));
#10145=CARTESIAN_POINT('Origin',(-1.08869467495106E-14,0.,94.));
#10146=CARTESIAN_POINT('',(0.,0.,0.));
#10147=CARTESIAN_POINT('Origin',(-214.,337.,0.));
#10148=CARTESIAN_POINT('',(-214.,175.,200.));
#10149=CARTESIAN_POINT('',(-214.,175.,-200.));
#10150=CARTESIAN_POINT('',(-214.,175.,0.));
#10151=CARTESIAN_POINT('',(-214.,337.,200.));
#10152=CARTESIAN_POINT('',(-214.,337.,200.));
#10153=CARTESIAN_POINT('',(-214.,337.,-200.));
#10154=CARTESIAN_POINT('',(-214.,337.,0.));
#10155=CARTESIAN_POINT('',(-214.,175.,-200.));
#10156=CARTESIAN_POINT('Origin',(-7.105427357601E-14,337.,0.));
#10157=CARTESIAN_POINT('',(-7.105427357601E-14,337.,200.));
#10158=CARTESIAN_POINT('',(-7.105427357601E-14,337.,200.));
#10159=CARTESIAN_POINT('',(-7.105427357601E-14,337.,-200.));
#10160=CARTESIAN_POINT('',(-7.105427357601E-14,337.,0.));
#10161=CARTESIAN_POINT('',(-7.105427357601E-14,337.,-200.));
#10162=CARTESIAN_POINT('Origin',(0.,0.,0.));
#10163=CARTESIAN_POINT('',(0.,0.,200.));
#10164=CARTESIAN_POINT('',(0.,0.,200.));
#10165=CARTESIAN_POINT('',(0.,0.,-200.));
#10166=CARTESIAN_POINT('',(0.,0.,0.));
#10167=CARTESIAN_POINT('',(0.,0.,-200.));
#10168=CARTESIAN_POINT('Origin',(-332.5,87.5,-200.));
#10169=CARTESIAN_POINT('',(-451.,175.,-200.));
#10170=CARTESIAN_POINT('',(-214.,175.,-200.));
#10171=CARTESIAN_POINT('',(-451.,0.,-200.));
#10172=CARTESIAN_POINT('',(-214.,0.,-200.));
#10173=CARTESIAN_POINT('',(-451.,175.,-200.));
#10174=CARTESIAN_POINT('Origin',(-451.,-1.77635683940025E-14,0.));
#10175=CARTESIAN_POINT('',(-451.,0.,200.));
#10176=CARTESIAN_POINT('',(-451.,-1.77635683940025E-14,200.));
#10177=CARTESIAN_POINT('',(-451.,-1.77635683940025E-14,0.));
#10178=CARTESIAN_POINT('Origin',(-451.,175.,0.));
#10179=CARTESIAN_POINT('',(-451.,175.,200.));
#10180=CARTESIAN_POINT('',(-451.,175.,200.));
#10181=CARTESIAN_POINT('',(-451.,175.,0.));
#10182=CARTESIAN_POINT('Origin',(-214.,175.,0.));
#10183=CARTESIAN_POINT('',(-214.,175.,200.));
#10184=CARTESIAN_POINT('Origin',(-332.5,87.5,200.));
#10185=CARTESIAN_POINT('',(0.,0.,0.));
#10186=CARTESIAN_POINT('',(1000.,844.,74.0000000000001));
#10187=CARTESIAN_POINT('',(1000.,-844.,74.));
#10188=CARTESIAN_POINT('',(-1000.,844.,74.));
#10189=CARTESIAN_POINT('',(-1000.,-844.,74.));
#10190=CARTESIAN_POINT('',(287.,2.95224463107644E-13,120.));
#10191=CARTESIAN_POINT('',(0.,0.,0.));
#10192=CARTESIAN_POINT('Origin',(-214.253354699524,-164.755880016465,35.));
#10193=CARTESIAN_POINT('',(-214.253354699524,-185.969083452062,40.0000000000001));
#10194=CARTESIAN_POINT('',(-214.253354699524,-143.542676580869,40.0000000000001));
#10195=CARTESIAN_POINT('',(-214.253354699524,-140.007142674936,40.0000000000001));
#10196=CARTESIAN_POINT('',(-214.253354699524,-143.542676580869,20.));
#10197=CARTESIAN_POINT('',(-214.253354699524,-143.542676580869,35.));
#10198=CARTESIAN_POINT('',(-214.253354699524,-185.969083452062,20.));
#10199=CARTESIAN_POINT('',(-214.253354699524,-82.3779400082327,20.));
#10200=CARTESIAN_POINT('',(-214.253354699524,-185.969083452062,35.));
#10201=CARTESIAN_POINT('Origin',(-115.258405333407,-115.258405333407,40.0000000000001));
#10202=CARTESIAN_POINT('',(-207.182286887658,-193.040151263927,39.9999999999998));
#10203=CARTESIAN_POINT('',(-200.111219075793,-200.111219075793,40.0000000000001));
#10204=CARTESIAN_POINT('',(-122.329473145273,-108.187337521542,39.9999999999998));
#10205=CARTESIAN_POINT('',(-207.182286887658,-193.040151263927,40.0000000000001));
#10206=CARTESIAN_POINT('',(-150.613744392735,-79.9030662740798,40.0000000000001));
#10207=CARTESIAN_POINT('',(-115.258405333407,-115.258405333407,40.0000000000001));
#10208=CARTESIAN_POINT('',(-150.613744392735,-79.9030662740798,40.0000000000001));
#10209=CARTESIAN_POINT('Origin',(-200.111219075793,-200.111219075793,40.0000000000001));
#10210=CARTESIAN_POINT('',(-185.969083452062,-214.253354699524,20.));
#10211=CARTESIAN_POINT('',(-200.111219075793,-200.111219075793,20.));
#10212=CARTESIAN_POINT('',(-185.969083452062,-214.253354699524,40.0000000000001));
#10213=CARTESIAN_POINT('',(-185.969083452062,-214.253354699524,35.));
#10214=CARTESIAN_POINT('',(-193.040151263928,-207.182286887658,39.9999999999998));
#10215=CARTESIAN_POINT('',(-200.111219075793,-200.111219075793,40.0000000000001));
#10216=CARTESIAN_POINT('',(-200.111219075793,-200.111219075793,40.0000000000001));
#10217=CARTESIAN_POINT('Origin',(-164.755880016466,-214.253354699524,35.));
#10218=CARTESIAN_POINT('',(-143.542676580869,-214.253354699524,40.0000000000001));
#10219=CARTESIAN_POINT('',(-140.007142674936,-214.253354699524,40.0000000000001));
#10220=CARTESIAN_POINT('',(-143.542676580869,-214.253354699524,20.));
#10221=CARTESIAN_POINT('',(-82.3779400082329,-214.253354699524,20.));
#10222=CARTESIAN_POINT('',(-143.542676580869,-214.253354699524,35.));
#10223=CARTESIAN_POINT('Origin',(-115.258405333407,-115.258405333407,40.0000000000001));
#10224=CARTESIAN_POINT('',(-79.9030662740799,-150.613744392735,40.0000000000001));
#10225=CARTESIAN_POINT('',(-79.9030662740799,-150.613744392735,40.0000000000001));
#10226=CARTESIAN_POINT('',(-108.187337521542,-122.329473145273,39.9999999999998));
#10227=CARTESIAN_POINT('',(-115.258405333407,-115.258405333407,40.0000000000001));
#10228=CARTESIAN_POINT('',(-193.040151263928,-207.182286887658,40.0000000000001));
#10229=CARTESIAN_POINT('Origin',(-164.755880016465,214.253354699524,35.));
#10230=CARTESIAN_POINT('',(-185.969083452062,214.253354699524,40.0000000000001));
#10231=CARTESIAN_POINT('',(-143.542676580869,214.253354699524,40.0000000000001));
#10232=CARTESIAN_POINT('',(-140.007142674936,214.253354699524,40.0000000000001));
#10233=CARTESIAN_POINT('',(-143.542676580869,214.253354699524,20.));
#10234=CARTESIAN_POINT('',(-143.542676580869,214.253354699524,35.));
#10235=CARTESIAN_POINT('',(-185.969083452062,214.253354699524,20.));
#10236=CARTESIAN_POINT('',(-82.3779400082327,214.253354699524,20.));
#10237=CARTESIAN_POINT('',(-185.969083452062,214.253354699524,35.));
#10238=CARTESIAN_POINT('Origin',(-115.258405333407,115.258405333407,40.0000000000001));
#10239=CARTESIAN_POINT('',(-193.040151263927,207.182286887658,39.9999999999998));
#10240=CARTESIAN_POINT('',(-200.111219075793,200.111219075793,40.0000000000001));
#10241=CARTESIAN_POINT('',(-108.187337521542,122.329473145273,39.9999999999998));
#10242=CARTESIAN_POINT('',(-193.040151263927,207.182286887658,40.0000000000001));
#10243=CARTESIAN_POINT('',(-79.9030662740798,150.613744392735,40.0000000000001));
#10244=CARTESIAN_POINT('',(-115.258405333407,115.258405333407,40.0000000000001));
#10245=CARTESIAN_POINT('',(-79.9030662740798,150.613744392735,40.0000000000001));
#10246=CARTESIAN_POINT('Origin',(-200.111219075793,200.111219075793,40.0000000000001));
#10247=CARTESIAN_POINT('',(-214.253354699524,185.969083452062,20.));
#10248=CARTESIAN_POINT('',(-200.111219075793,200.111219075793,20.));
#10249=CARTESIAN_POINT('',(-214.253354699524,185.969083452062,40.0000000000001));
#10250=CARTESIAN_POINT('',(-214.253354699524,185.969083452062,35.));
#10251=CARTESIAN_POINT('',(-207.182286887658,193.040151263927,39.9999999999998));
#10252=CARTESIAN_POINT('',(-200.111219075793,200.111219075793,40.0000000000001));
#10253=CARTESIAN_POINT('',(-200.111219075793,200.111219075793,40.0000000000001));
#10254=CARTESIAN_POINT('Origin',(-214.253354699524,164.755880016466,35.));
#10255=CARTESIAN_POINT('',(-214.253354699524,143.542676580869,40.0000000000001));
#10256=CARTESIAN_POINT('',(-214.253354699524,140.007142674936,40.0000000000001));
#10257=CARTESIAN_POINT('',(-214.253354699524,143.542676580869,20.));
#10258=CARTESIAN_POINT('',(-214.253354699524,82.3779400082329,20.));
#10259=CARTESIAN_POINT('',(-214.253354699524,143.542676580869,35.));
#10260=CARTESIAN_POINT('Origin',(-115.258405333407,115.258405333407,40.0000000000001));
#10261=CARTESIAN_POINT('',(-150.613744392735,79.9030662740799,40.0000000000001));
#10262=CARTESIAN_POINT('',(-150.613744392735,79.9030662740799,40.0000000000001));
#10263=CARTESIAN_POINT('',(-122.329473145273,108.187337521542,39.9999999999998));
#10264=CARTESIAN_POINT('',(-115.258405333407,115.258405333407,40.0000000000001));
#10265=CARTESIAN_POINT('',(-207.182286887658,193.040151263927,40.0000000000001));
#10266=CARTESIAN_POINT('Origin',(214.253354699524,164.755880016465,35.));
#10267=CARTESIAN_POINT('',(214.253354699524,185.969083452062,40.0000000000001));
#10268=CARTESIAN_POINT('',(214.253354699524,143.542676580869,40.0000000000001));
#10269=CARTESIAN_POINT('',(214.253354699524,140.007142674936,40.0000000000001));
#10270=CARTESIAN_POINT('',(214.253354699524,143.542676580869,20.));
#10271=CARTESIAN_POINT('',(214.253354699524,143.542676580869,35.));
#10272=CARTESIAN_POINT('',(214.253354699524,185.969083452062,20.));
#10273=CARTESIAN_POINT('',(214.253354699524,82.3779400082327,20.));
#10274=CARTESIAN_POINT('',(214.253354699524,185.969083452062,35.));
#10275=CARTESIAN_POINT('Origin',(115.258405333407,115.258405333407,40.0000000000001));
#10276=CARTESIAN_POINT('',(207.182286887658,193.040151263927,39.9999999999998));
#10277=CARTESIAN_POINT('',(200.111219075793,200.111219075793,40.0000000000001));
#10278=CARTESIAN_POINT('',(122.329473145273,108.187337521542,39.9999999999998));
#10279=CARTESIAN_POINT('',(207.182286887658,193.040151263927,40.0000000000001));
#10280=CARTESIAN_POINT('',(150.613744392735,79.9030662740798,40.0000000000001));
#10281=CARTESIAN_POINT('',(115.258405333407,115.258405333407,40.0000000000001));
#10282=CARTESIAN_POINT('',(150.613744392735,79.9030662740798,40.0000000000001));
#10283=CARTESIAN_POINT('Origin',(200.111219075793,200.111219075793,40.0000000000001));
#10284=CARTESIAN_POINT('',(185.969083452062,214.253354699524,20.));
#10285=CARTESIAN_POINT('',(200.111219075793,200.111219075793,20.));
#10286=CARTESIAN_POINT('',(185.969083452062,214.253354699524,40.0000000000001));
#10287=CARTESIAN_POINT('',(185.969083452062,214.253354699524,35.));
#10288=CARTESIAN_POINT('',(193.040151263927,207.182286887658,39.9999999999998));
#10289=CARTESIAN_POINT('',(200.111219075793,200.111219075793,40.0000000000001));
#10290=CARTESIAN_POINT('',(200.111219075793,200.111219075793,40.0000000000001));
#10291=CARTESIAN_POINT('Origin',(164.755880016466,214.253354699524,35.));
#10292=CARTESIAN_POINT('',(143.542676580869,214.253354699524,40.0000000000001));
#10293=CARTESIAN_POINT('',(140.007142674936,214.253354699524,40.0000000000001));
#10294=CARTESIAN_POINT('',(143.542676580869,214.253354699524,20.));
#10295=CARTESIAN_POINT('',(82.3779400082329,214.253354699524,20.));
#10296=CARTESIAN_POINT('',(143.542676580869,214.253354699524,35.));
#10297=CARTESIAN_POINT('Origin',(115.258405333407,115.258405333407,40.0000000000001));
#10298=CARTESIAN_POINT('',(79.9030662740799,150.613744392735,40.0000000000001));
#10299=CARTESIAN_POINT('',(79.9030662740799,150.613744392735,40.0000000000001));
#10300=CARTESIAN_POINT('',(108.187337521542,122.329473145273,39.9999999999998));
#10301=CARTESIAN_POINT('',(115.258405333407,115.258405333407,40.0000000000001));
#10302=CARTESIAN_POINT('',(193.040151263927,207.182286887658,40.0000000000001));
#10303=CARTESIAN_POINT('Origin',(-115.258405333407,-115.258405333407,40.0000000000001));
#10304=CARTESIAN_POINT('',(-115.258405333407,-115.258405333407,20.));
#10305=CARTESIAN_POINT('',(-115.258405333407,-115.258405333407,540.));
#10306=CARTESIAN_POINT('',(-115.258405333407,-115.258405333407,20.));
#10307=CARTESIAN_POINT('',(-150.613744392735,-79.9030662740798,20.));
#10308=CARTESIAN_POINT('',(-115.258405333407,-115.258405333407,20.));
#10309=CARTESIAN_POINT('',(-150.613744392735,-79.9030662740798,20.));
#10310=CARTESIAN_POINT('',(-122.329473145273,-108.187337521542,540.));
#10311=CARTESIAN_POINT('',(-122.329473145273,-108.187337521542,20.));
#10312=CARTESIAN_POINT('',(-115.258405333407,-115.258405333407,540.));
#10313=CARTESIAN_POINT('Origin',(-193.040151263927,-122.329473145273,30.));
#10314=CARTESIAN_POINT('',(-114.197745161627,-43.4870670429726,20.));
#10315=CARTESIAN_POINT('Origin',(-122.329473145273,-193.040151263927,30.));
#10316=CARTESIAN_POINT('',(-79.9030662740799,-150.613744392735,20.));
#10317=CARTESIAN_POINT('',(-43.4870670429727,-114.197745161627,20.));
#10318=CARTESIAN_POINT('',(-79.9030662740799,-150.613744392735,20.));
#10319=CARTESIAN_POINT('Origin',(-148.828644725083,-134.686509101352,268.259015935708));
#10320=CARTESIAN_POINT('',(-136.471608769004,-122.329473145273,540.));
#10321=CARTESIAN_POINT('',(-122.329473145273,-108.187337521542,540.));
#10322=CARTESIAN_POINT('',(-136.471608769004,-122.329473145273,540.));
#10323=CARTESIAN_POINT('Origin',(-115.258405333407,-115.258405333407,40.0000000000001));
#10324=CARTESIAN_POINT('',(-108.187337521542,-122.329473145273,540.));
#10325=CARTESIAN_POINT('',(-115.258405333407,-115.258405333407,540.));
#10326=CARTESIAN_POINT('',(-108.187337521542,-122.329473145273,20.));
#10327=CARTESIAN_POINT('',(-115.258405333407,-115.258405333407,20.));
#10328=CARTESIAN_POINT('Origin',(-129.400540957138,-129.400540957138,540.));
#10329=CARTESIAN_POINT('',(-122.329473145273,-136.471608769004,540.));
#10330=CARTESIAN_POINT('',(-122.329473145273,-136.471608769004,540.));
#10331=CARTESIAN_POINT('',(-129.400540957138,-129.400540957138,540.));
#10332=CARTESIAN_POINT('Origin',(-115.258405333407,-115.258405333407,540.));
#10333=CARTESIAN_POINT('',(-108.187337521542,-122.329473145273,540.));
#10334=CARTESIAN_POINT('Origin',(-134.686509101352,-148.828644725083,268.259015935708));
#10335=CARTESIAN_POINT('Origin',(-115.258405333407,115.258405333407,40.0000000000001));
#10336=CARTESIAN_POINT('',(-115.258405333407,115.258405333407,20.));
#10337=CARTESIAN_POINT('',(-115.258405333407,115.258405333407,540.));
#10338=CARTESIAN_POINT('',(-115.258405333407,115.258405333407,20.));
#10339=CARTESIAN_POINT('',(-79.9030662740798,150.613744392735,20.));
#10340=CARTESIAN_POINT('',(-115.258405333407,115.258405333407,20.));
#10341=CARTESIAN_POINT('',(-79.9030662740798,150.613744392735,20.));
#10342=CARTESIAN_POINT('',(-108.187337521542,122.329473145273,540.));
#10343=CARTESIAN_POINT('',(-108.187337521542,122.329473145273,20.));
#10344=CARTESIAN_POINT('',(-115.258405333407,115.258405333407,540.));
#10345=CARTESIAN_POINT('Origin',(-122.329473145273,193.040151263927,30.));
#10346=CARTESIAN_POINT('',(-43.4870670429726,114.197745161627,20.));
#10347=CARTESIAN_POINT('Origin',(-193.040151263927,122.329473145273,30.));
#10348=CARTESIAN_POINT('',(-150.613744392735,79.9030662740799,20.));
#10349=CARTESIAN_POINT('',(-114.197745161627,43.4870670429727,20.));
#10350=CARTESIAN_POINT('',(-150.613744392735,79.9030662740799,20.));
#10351=CARTESIAN_POINT('Origin',(-134.686509101352,148.828644725083,268.259015935708));
#10352=CARTESIAN_POINT('',(-122.329473145273,136.471608769004,540.));
#10353=CARTESIAN_POINT('',(-108.187337521542,122.329473145273,540.));
#10354=CARTESIAN_POINT('',(-122.329473145273,136.471608769004,540.));
#10355=CARTESIAN_POINT('Origin',(-115.258405333407,115.258405333407,40.0000000000001));
#10356=CARTESIAN_POINT('',(-122.329473145273,108.187337521542,540.));
#10357=CARTESIAN_POINT('',(-115.258405333407,115.258405333407,540.));
#10358=CARTESIAN_POINT('',(-122.329473145273,108.187337521542,20.));
#10359=CARTESIAN_POINT('',(-115.258405333407,115.258405333407,20.));
#10360=CARTESIAN_POINT('Origin',(-129.400540957138,129.400540957138,540.));
#10361=CARTESIAN_POINT('',(-136.471608769004,122.329473145273,540.));
#10362=CARTESIAN_POINT('',(-136.471608769004,122.329473145273,540.));
#10363=CARTESIAN_POINT('',(-129.400540957138,129.400540957138,540.));
#10364=CARTESIAN_POINT('Origin',(-115.258405333407,115.258405333407,540.));
#10365=CARTESIAN_POINT('',(-122.329473145273,108.187337521542,540.));
#10366=CARTESIAN_POINT('Origin',(-148.828644725083,134.686509101352,268.259015935708));
#10367=CARTESIAN_POINT('Origin',(115.258405333407,115.258405333407,40.0000000000001));
#10368=CARTESIAN_POINT('',(115.258405333407,115.258405333407,20.));
#10369=CARTESIAN_POINT('',(115.258405333407,115.258405333407,540.));
#10370=CARTESIAN_POINT('',(115.258405333407,115.258405333407,20.));
#10371=CARTESIAN_POINT('',(150.613744392735,79.9030662740798,20.));
#10372=CARTESIAN_POINT('',(115.258405333407,115.258405333407,20.));
#10373=CARTESIAN_POINT('',(150.613744392735,79.9030662740798,20.));
#10374=CARTESIAN_POINT('',(122.329473145273,108.187337521542,540.));
#10375=CARTESIAN_POINT('',(122.329473145273,108.187337521542,20.));
#10376=CARTESIAN_POINT('',(115.258405333407,115.258405333407,540.));
#10377=CARTESIAN_POINT('Origin',(193.040151263927,122.329473145273,30.));
#10378=CARTESIAN_POINT('',(114.197745161627,43.4870670429726,20.));
#10379=CARTESIAN_POINT('Origin',(122.329473145273,193.040151263927,30.));
#10380=CARTESIAN_POINT('',(79.9030662740799,150.613744392735,20.));
#10381=CARTESIAN_POINT('',(43.4870670429727,114.197745161627,20.));
#10382=CARTESIAN_POINT('',(79.9030662740799,150.613744392735,20.));
#10383=CARTESIAN_POINT('Origin',(148.828644725083,134.686509101352,268.259015935708));
#10384=CARTESIAN_POINT('',(136.471608769004,122.329473145273,540.));
#10385=CARTESIAN_POINT('',(122.329473145273,108.187337521542,540.));
#10386=CARTESIAN_POINT('',(136.471608769004,122.329473145273,540.));
#10387=CARTESIAN_POINT('Origin',(115.258405333407,115.258405333407,40.0000000000001));
#10388=CARTESIAN_POINT('',(108.187337521542,122.329473145273,540.));
#10389=CARTESIAN_POINT('',(115.258405333407,115.258405333407,540.));
#10390=CARTESIAN_POINT('',(108.187337521542,122.329473145273,20.));
#10391=CARTESIAN_POINT('',(115.258405333407,115.258405333407,20.));
#10392=CARTESIAN_POINT('Origin',(129.400540957138,129.400540957138,540.));
#10393=CARTESIAN_POINT('',(122.329473145273,136.471608769004,540.));
#10394=CARTESIAN_POINT('',(122.329473145273,136.471608769004,540.));
#10395=CARTESIAN_POINT('',(129.400540957138,129.400540957138,540.));
#10396=CARTESIAN_POINT('Origin',(115.258405333407,115.258405333407,540.));
#10397=CARTESIAN_POINT('',(108.187337521542,122.329473145273,540.));
#10398=CARTESIAN_POINT('Origin',(134.686509101352,148.828644725083,268.259015935708));
#10399=CARTESIAN_POINT('Origin',(0.,3.5527136788005E-14,20.));
#10400=CARTESIAN_POINT('',(289.,289.,20.));
#10401=CARTESIAN_POINT('',(-289.,289.,20.));
#10402=CARTESIAN_POINT('',(-289.,289.,20.));
#10403=CARTESIAN_POINT('',(-289.,-289.,20.));
#10404=CARTESIAN_POINT('',(-289.,-289.,20.));
#10405=CARTESIAN_POINT('',(289.,-289.,20.));
#10406=CARTESIAN_POINT('',(289.,-289.,20.));
#10407=CARTESIAN_POINT('',(289.,289.,20.));
#10408=CARTESIAN_POINT('',(115.258405333407,-115.258405333407,20.));
#10409=CARTESIAN_POINT('Origin',(0.,0.,20.));
#10410=CARTESIAN_POINT('Origin',(0.,0.,20.));
#10411=CARTESIAN_POINT('Origin',(0.,0.,20.));
#10412=CARTESIAN_POINT('',(163.,1.99617428261019E-14,20.));
#10413=CARTESIAN_POINT('Origin',(0.,0.,20.));
#10414=CARTESIAN_POINT('Origin',(0.,0.,20.));
#10415=CARTESIAN_POINT('',(150.613744392735,-79.9030662740799,20.));
#10416=CARTESIAN_POINT('',(115.258405333407,-115.258405333407,20.));
#10417=CARTESIAN_POINT('',(214.253354699524,-143.542676580869,20.));
#10418=CARTESIAN_POINT('',(114.197745161627,-43.4870670429727,20.));
#10419=CARTESIAN_POINT('',(214.253354699524,-185.969083452062,20.));
#10420=CARTESIAN_POINT('',(214.253354699524,-82.3779400082328,20.));
#10421=CARTESIAN_POINT('',(185.969083452062,-214.253354699524,20.));
#10422=CARTESIAN_POINT('',(200.111219075793,-200.111219075793,20.));
#10423=CARTESIAN_POINT('',(143.542676580869,-214.253354699524,20.));
#10424=CARTESIAN_POINT('',(82.3779400082328,-214.253354699524,20.));
#10425=CARTESIAN_POINT('',(79.9030662740798,-150.613744392735,20.));
#10426=CARTESIAN_POINT('',(43.4870670429726,-114.197745161627,20.));
#10427=CARTESIAN_POINT('',(115.258405333407,-115.258405333407,20.));
#10428=CARTESIAN_POINT('Origin',(164.755880016466,-214.253354699524,35.));
#10429=CARTESIAN_POINT('',(185.969083452062,-214.253354699524,40.0000000000001));
#10430=CARTESIAN_POINT('',(143.542676580869,-214.253354699524,40.0000000000001));
#10431=CARTESIAN_POINT('',(140.007142674936,-214.253354699524,40.0000000000001));
#10432=CARTESIAN_POINT('',(143.542676580869,-214.253354699524,35.));
#10433=CARTESIAN_POINT('',(185.969083452062,-214.253354699524,35.));
#10434=CARTESIAN_POINT('Origin',(115.258405333407,-115.258405333407,40.0000000000001));
#10435=CARTESIAN_POINT('',(193.040151263927,-207.182286887658,39.9999999999998));
#10436=CARTESIAN_POINT('',(200.111219075793,-200.111219075793,40.0000000000001));
#10437=CARTESIAN_POINT('',(108.187337521542,-122.329473145273,39.9999999999998));
#10438=CARTESIAN_POINT('',(193.040151263927,-207.182286887658,40.0000000000001));
#10439=CARTESIAN_POINT('',(79.9030662740798,-150.613744392735,40.0000000000001));
#10440=CARTESIAN_POINT('',(115.258405333407,-115.258405333407,40.0000000000001));
#10441=CARTESIAN_POINT('',(79.9030662740798,-150.613744392735,40.0000000000001));
#10442=CARTESIAN_POINT('Origin',(200.111219075793,-200.111219075793,40.0000000000001));
#10443=CARTESIAN_POINT('',(214.253354699524,-185.969083452062,40.0000000000001));
#10444=CARTESIAN_POINT('',(214.253354699524,-185.969083452062,35.));
#10445=CARTESIAN_POINT('',(207.182286887658,-193.040151263927,39.9999999999998));
#10446=CARTESIAN_POINT('',(200.111219075793,-200.111219075793,40.0000000000001));
#10447=CARTESIAN_POINT('',(200.111219075793,-200.111219075793,40.0000000000001));
#10448=CARTESIAN_POINT('Origin',(214.253354699524,-164.755880016466,35.));
#10449=CARTESIAN_POINT('',(214.253354699524,-143.542676580869,40.0000000000001));
#10450=CARTESIAN_POINT('',(214.253354699524,-140.007142674936,40.0000000000001));
#10451=CARTESIAN_POINT('',(214.253354699524,-143.542676580869,35.));
#10452=CARTESIAN_POINT('Origin',(115.258405333407,-115.258405333407,40.0000000000001));
#10453=CARTESIAN_POINT('',(150.613744392735,-79.9030662740799,40.0000000000001));
#10454=CARTESIAN_POINT('',(150.613744392735,-79.9030662740799,40.0000000000001));
#10455=CARTESIAN_POINT('',(122.329473145273,-108.187337521542,39.9999999999998));
#10456=CARTESIAN_POINT('',(115.258405333407,-115.258405333407,40.0000000000001));
#10457=CARTESIAN_POINT('',(207.182286887658,-193.040151263927,40.0000000000001));
#10458=CARTESIAN_POINT('Origin',(122.329473145273,-193.040151263927,30.));
#10459=CARTESIAN_POINT('',(79.9030662740798,-150.613744392735,20.));
#10460=CARTESIAN_POINT('Origin',(193.040151263927,-122.329473145273,30.));
#10461=CARTESIAN_POINT('',(150.613744392735,-79.9030662740799,20.));
#10462=CARTESIAN_POINT('Origin',(115.258405333407,-115.258405333407,40.0000000000001));
#10463=CARTESIAN_POINT('',(115.258405333407,-115.258405333407,540.));
#10464=CARTESIAN_POINT('',(115.258405333407,-115.258405333407,20.));
#10465=CARTESIAN_POINT('',(108.187337521542,-122.329473145273,540.));
#10466=CARTESIAN_POINT('',(108.187337521542,-122.329473145273,20.));
#10467=CARTESIAN_POINT('',(115.258405333407,-115.258405333407,540.));
#10468=CARTESIAN_POINT('Origin',(134.686509101352,-148.828644725083,268.259015935708));
#10469=CARTESIAN_POINT('',(122.329473145273,-136.471608769004,540.));
#10470=CARTESIAN_POINT('',(108.187337521542,-122.329473145273,540.));
#10471=CARTESIAN_POINT('',(122.329473145273,-136.471608769004,540.));
#10472=CARTESIAN_POINT('Origin',(115.258405333407,-115.258405333407,40.0000000000001));
#10473=CARTESIAN_POINT('',(122.329473145273,-108.187337521542,540.));
#10474=CARTESIAN_POINT('',(115.258405333407,-115.258405333407,540.));
#10475=CARTESIAN_POINT('',(122.329473145273,-108.187337521542,20.));
#10476=CARTESIAN_POINT('Origin',(129.400540957138,-129.400540957138,540.));
#10477=CARTESIAN_POINT('',(136.471608769004,-122.329473145273,540.));
#10478=CARTESIAN_POINT('',(136.471608769004,-122.329473145273,540.));
#10479=CARTESIAN_POINT('',(129.400540957138,-129.400540957138,540.));
#10480=CARTESIAN_POINT('Origin',(115.258405333407,-115.258405333407,540.));
#10481=CARTESIAN_POINT('',(122.329473145273,-108.187337521542,540.));
#10482=CARTESIAN_POINT('Origin',(148.828644725083,-134.686509101352,268.259015935708));
#10483=CARTESIAN_POINT('Origin',(0.,0.,20.));
#10484=CARTESIAN_POINT('',(163.,1.99617428261019E-14,850.5));
#10485=CARTESIAN_POINT('Origin',(0.,0.,850.5));
#10486=CARTESIAN_POINT('',(163.,1.99617428261019E-14,20.));
#10487=CARTESIAN_POINT('',(115.258405333407,115.258405333407,20.));
#10488=CARTESIAN_POINT('',(-115.258405333407,115.258405333407,20.));
#10489=CARTESIAN_POINT('',(-115.258405333407,-115.258405333407,20.));
#10490=CARTESIAN_POINT('',(115.258405333407,-115.258405333407,20.));
#10491=CARTESIAN_POINT('Origin',(-7.47568908630685E-15,0.,850.5));
#10492=CARTESIAN_POINT('Origin',(289.,-289.,0.));
#10493=CARTESIAN_POINT('',(289.,289.,0.));
#10494=CARTESIAN_POINT('',(289.,-289.,0.));
#10495=CARTESIAN_POINT('',(289.,289.,0.));
#10496=CARTESIAN_POINT('',(289.,289.,0.));
#10497=CARTESIAN_POINT('',(289.,-289.,0.));
#10498=CARTESIAN_POINT('Origin',(-289.,-289.,0.));
#10499=CARTESIAN_POINT('',(-289.,-289.,0.));
#10500=CARTESIAN_POINT('',(289.,-289.,0.));
#10501=CARTESIAN_POINT('',(-289.,-289.,0.));
#10502=CARTESIAN_POINT('Origin',(-289.,289.,0.));
#10503=CARTESIAN_POINT('',(-289.,289.,0.));
#10504=CARTESIAN_POINT('',(-289.,-289.,0.));
#10505=CARTESIAN_POINT('',(-289.,289.,0.));
#10506=CARTESIAN_POINT('Origin',(0.,289.,0.));
#10507=CARTESIAN_POINT('',(-289.,289.,0.));
#10508=CARTESIAN_POINT('Origin',(0.,5.31370410955542E-14,0.));
#10509=CARTESIAN_POINT('',(0.,0.,0.));
#10510=CARTESIAN_POINT('Origin',(99.9999999999999,-205.138340092155,0.));
#10511=CARTESIAN_POINT('',(99.9999999999999,-90.6917857360853,70.));
#10512=CARTESIAN_POINT('',(99.9999999999999,-90.6917857360853,0.));
#10513=CARTESIAN_POINT('',(99.9999999999999,-90.6917857360853,0.));
#10514=CARTESIAN_POINT('',(100.,90.6917857360853,70.));
#10515=CARTESIAN_POINT('',(99.9999999999999,-205.138340092155,70.));
#10516=CARTESIAN_POINT('',(100.,90.6917857360853,0.));
#10517=CARTESIAN_POINT('',(100.,90.6917857360853,0.));
#10518=CARTESIAN_POINT('',(99.9999999999999,-102.569170046078,0.));
#10519=CARTESIAN_POINT('Origin',(-99.9999999999999,239.920948816837,0.));
#10520=CARTESIAN_POINT('',(-100.,-90.6917857360852,0.));
#10521=CARTESIAN_POINT('',(-100.,-90.6917857360852,70.));
#10522=CARTESIAN_POINT('',(-100.,-90.6917857360852,0.));
#10523=CARTESIAN_POINT('',(-100.,90.6917857360853,0.));
#10524=CARTESIAN_POINT('',(-100.,119.960474408419,0.));
#10525=CARTESIAN_POINT('',(-100.,90.6917857360853,70.));
#10526=CARTESIAN_POINT('',(-100.,90.6917857360853,0.));
#10527=CARTESIAN_POINT('',(-99.9999999999999,239.920948816837,70.));
#10528=CARTESIAN_POINT('Origin',(-1.77635683940025E-14,17.3913043623408,
70.));
#10529=CARTESIAN_POINT('Origin',(0.,0.,70.));
#10530=CARTESIAN_POINT('',(-25.,132.664991614216,70.));
#10531=CARTESIAN_POINT('Origin',(0.,0.,70.));
#10532=CARTESIAN_POINT('',(-25.,131.5,70.));
#10533=CARTESIAN_POINT('',(-25.,76.1956521811704,70.));
#10534=CARTESIAN_POINT('',(25.,131.5,70.));
#10535=CARTESIAN_POINT('',(-1.07212619332357E-14,131.5,70.));
#10536=CARTESIAN_POINT('',(25.,132.664991614216,70.));
#10537=CARTESIAN_POINT('',(25.,76.1956521811704,70.));
#10538=CARTESIAN_POINT('Origin',(0.,0.,70.));
#10539=CARTESIAN_POINT('Origin',(-8.39543368123929E-15,0.,0.));
#10540=CARTESIAN_POINT('Origin',(0.,0.,0.));
#10541=CARTESIAN_POINT('Origin',(-8.39543368123929E-15,0.,0.));
#10542=CARTESIAN_POINT('',(135.,1.65327317884893E-14,0.));
#10543=CARTESIAN_POINT('Origin',(0.,0.,0.));
#10544=CARTESIAN_POINT('Origin',(0.,0.,0.));
#10545=CARTESIAN_POINT('Origin',(30.,135.,65.));
#10546=CARTESIAN_POINT('',(-8.26636589424464E-15,131.5,95.));
#10547=CARTESIAN_POINT('',(-8.26636589424464E-15,131.5,95.));
#10548=CARTESIAN_POINT('',(-8.26636589424464E-15,135.,95.));
#10549=CARTESIAN_POINT('',(-8.26636589424464E-15,135.,95.));
#10550=CARTESIAN_POINT('Origin',(0.,0.,95.));
#10551=CARTESIAN_POINT('Origin',(-3.67895547246895E-15,131.5,73.7867965644036));
#10552=CARTESIAN_POINT('',(-30.,131.5,65.));
#10553=CARTESIAN_POINT('Origin',(-4.44089209850063E-15,135.,95.));
#10554=CARTESIAN_POINT('Origin',(0.,0.,95.));
#10555=CARTESIAN_POINT('Origin',(30.,135.,810.));
#10556=CARTESIAN_POINT('',(30.,131.624465810882,810.));
#10557=CARTESIAN_POINT('',(-8.26636589424464E-15,135.,840.));
#10558=CARTESIAN_POINT('Origin',(0.,0.,840.));
#10559=CARTESIAN_POINT('',(30.,131.5,810.));
#10560=CARTESIAN_POINT('',(30.,135.,810.));
#10561=CARTESIAN_POINT('',(-8.26636589424464E-15,131.5,840.));
#10562=CARTESIAN_POINT('',(30.,131.5,810.));
#10563=CARTESIAN_POINT('',(-6.66133814775094E-15,67.5,840.));
#10564=CARTESIAN_POINT('Origin',(-8.26636589424464E-15,135.,840.));
#10565=CARTESIAN_POINT('',(-30.,131.624465810882,810.));
#10566=CARTESIAN_POINT('Origin',(0.,0.,840.));
#10567=CARTESIAN_POINT('',(-6.66133814775094E-15,67.5,840.));
#10568=CARTESIAN_POINT('',(-30.,131.5,810.));
#10569=CARTESIAN_POINT('',(-8.26636589424464E-15,131.5,840.));
#10570=CARTESIAN_POINT('',(-30.,135.,810.));
#10571=CARTESIAN_POINT('Origin',(-30.,135.,810.));
#10572=CARTESIAN_POINT('Origin',(0.,0.,810.));
#10573=CARTESIAN_POINT('',(-30.,131.5,810.));
#10574=CARTESIAN_POINT('Origin',(-9.19738868117237E-15,131.5,818.786796564404));
#10575=CARTESIAN_POINT('Origin',(0.,0.,0.));
#10576=CARTESIAN_POINT('',(135.,1.65327317884893E-14,840.));
#10577=CARTESIAN_POINT('Origin',(0.,0.,840.));
#10578=CARTESIAN_POINT('Origin',(0.,0.,840.));
#10579=CARTESIAN_POINT('',(135.,1.65327317884893E-14,0.));
#10580=CARTESIAN_POINT('Origin',(-8.39543368123929E-15,0.,840.));
#10581=CARTESIAN_POINT('',(0.,0.,0.));
#10582=CARTESIAN_POINT('Origin',(30.,108.,740.));
#10583=CARTESIAN_POINT('',(30.,103.749698794743,740.));
#10584=CARTESIAN_POINT('',(-6.61309271539571E-15,108.,770.));
#10585=CARTESIAN_POINT('Origin',(0.,0.,770.));
#10586=CARTESIAN_POINT('',(30.,103.5,740.));
#10587=CARTESIAN_POINT('',(30.,108.,740.));
#10588=CARTESIAN_POINT('',(-6.61309271539571E-15,103.5,770.));
#10589=CARTESIAN_POINT('',(30.,103.5,740.));
#10590=CARTESIAN_POINT('',(-2.22044604925031E-15,54.,770.));
#10591=CARTESIAN_POINT('Origin',(-6.61309271539571E-15,108.,770.));
#10592=CARTESIAN_POINT('',(-30.,103.749698794743,740.));
#10593=CARTESIAN_POINT('Origin',(0.,0.,770.));
#10594=CARTESIAN_POINT('',(-2.22044604925031E-15,54.,770.));
#10595=CARTESIAN_POINT('',(-30.,103.5,740.));
#10596=CARTESIAN_POINT('',(-6.61309271539571E-15,103.5,770.));
#10597=CARTESIAN_POINT('',(-30.,108.,740.));
#10598=CARTESIAN_POINT('Origin',(-30.,108.,740.));
#10599=CARTESIAN_POINT('Origin',(0.,0.,740.));
#10600=CARTESIAN_POINT('',(-30.,103.5,740.));
#10601=CARTESIAN_POINT('Origin',(-5.51843320870342E-15,103.5,748.786796564404));
#10602=CARTESIAN_POINT('Origin',(0.,0.,0.));
#10603=CARTESIAN_POINT('',(108.,1.32261854307914E-14,770.));
#10604=CARTESIAN_POINT('Origin',(0.,0.,770.));
#10605=CARTESIAN_POINT('Origin',(0.,0.,770.));
#10606=CARTESIAN_POINT('',(108.,1.32261854307914E-14,0.));
#10607=CARTESIAN_POINT('',(108.,1.32261854307914E-14,0.));
#10608=CARTESIAN_POINT('Origin',(0.,0.,0.));
#10609=CARTESIAN_POINT('Origin',(-1.10218211923262E-15,0.,0.));
#10610=CARTESIAN_POINT('Origin',(-1.10218211923262E-15,0.,770.));
#10611=CARTESIAN_POINT('',(0.,0.,0.));
#10612=CARTESIAN_POINT('Origin',(145.6,-20.0224756520003,3208.03700572209));
#10613=CARTESIAN_POINT('',(145.6,-2.31491302790506,3225.3890554667));
#10614=CARTESIAN_POINT('',(155.6,-2.31491302790506,3225.3890554667));
#10615=CARTESIAN_POINT('',(145.6,-2.31491302790506,3225.3890554667));
#10616=CARTESIAN_POINT('',(155.6,-20.0224756520003,3208.03700572209));
#10617=CARTESIAN_POINT('',(155.6,31.5114884623058,3258.53632783836));
#10618=CARTESIAN_POINT('',(145.6,-20.0224756520003,3208.03700572209));
#10619=CARTESIAN_POINT('',(145.6,-20.0224756520003,3208.03700572209));
#10620=CARTESIAN_POINT('',(145.6,-861.16730399386,2383.77975396771));
#10621=CARTESIAN_POINT('Origin',(145.6,-20.0224756520003,3208.03700572209));
#10622=CARTESIAN_POINT('',(145.6,11.9699423947173,3239.3871153437));
#10623=CARTESIAN_POINT('',(155.6,11.9699423947173,3239.3871153437));
#10624=CARTESIAN_POINT('',(145.6,11.9699423947173,3239.3871153437));
#10625=CARTESIAN_POINT('',(145.6,31.5114884623058,3258.53632783836));
#10626=CARTESIAN_POINT('',(145.6,-861.16730399386,2383.77975396771));
#10627=CARTESIAN_POINT('',(155.6,31.5114884623058,3258.53632783836));
#10628=CARTESIAN_POINT('',(145.6,31.5114884623058,3258.53632783836));
#10629=CARTESIAN_POINT('',(155.6,31.5114884623058,3258.53632783836));
#10630=CARTESIAN_POINT('Origin',(145.6,-88.4885115376942,3329.45035297524));
#10631=CARTESIAN_POINT('',(145.6,-88.4885115376942,3329.45035297524));
#10632=CARTESIAN_POINT('',(145.6,613.443152526642,2084.68903775459));
#10633=CARTESIAN_POINT('',(155.6,-88.4885115376942,3329.45035297524));
#10634=CARTESIAN_POINT('',(155.6,-20.0224756520003,3208.03700572209));
#10635=CARTESIAN_POINT('',(145.6,-88.4885115376942,3329.45035297524));
#10636=CARTESIAN_POINT('Origin',(145.6,31.5114884623059,3258.53632783836));
#10637=CARTESIAN_POINT('',(145.6,668.923658486996,2881.857472441));
#10638=CARTESIAN_POINT('',(155.6,-88.4885115376942,3329.45035297524));
#10639=CARTESIAN_POINT('Origin',(145.6,174.1,3399.13752622833));
#10640=CARTESIAN_POINT('',(145.6,59.8361777637433,3202.28700353443));
#10641=CARTESIAN_POINT('Origin',(145.6,174.1,3399.13752622833));
#10642=CARTESIAN_POINT('',(155.6,59.8361777637433,3202.28700353443));
#10643=CARTESIAN_POINT('Origin',(155.6,174.1,3399.13752622833));
#10644=CARTESIAN_POINT('',(145.6,59.8361777637433,3202.28700353443));
#10645=CARTESIAN_POINT('Origin',(145.6,45.061420696095,3187.8088777164));
#10646=CARTESIAN_POINT('',(145.6,45.061420696095,3187.8088777164));
#10647=CARTESIAN_POINT('',(145.6,-807.628338831428,2352.23848115015));
#10648=CARTESIAN_POINT('',(155.6,45.061420696095,3187.8088777164));
#10649=CARTESIAN_POINT('',(155.6,45.061420696095,3187.8088777164));
#10650=CARTESIAN_POINT('',(145.6,45.061420696095,3187.8088777164));
#10651=CARTESIAN_POINT('Origin',(145.6,174.1,3399.13752622833));
#10652=CARTESIAN_POINT('Origin',(145.6,174.1,3399.13752622833));
#10653=CARTESIAN_POINT('Origin',(155.6,174.1,3399.13752622833));
#10654=CARTESIAN_POINT('Origin',(155.6,28.2163827774429,3212.92293599091));
#10655=CARTESIAN_POINT('Origin',(145.6,31.5082813036823,4070.59157264437));
#10656=CARTESIAN_POINT('',(145.6,-3.43356444999419,4099.57885093355));
#10657=CARTESIAN_POINT('',(155.6,-3.43356444999419,4099.57885093355));
#10658=CARTESIAN_POINT('',(145.6,-3.43356444999419,4099.57885093355));
#10659=CARTESIAN_POINT('',(145.6,-27.0846331703273,4119.19945471234));
#10660=CARTESIAN_POINT('',(145.6,970.755272654937,3291.40508912252));
#10661=CARTESIAN_POINT('',(155.6,-27.0846331703273,4119.19945471234));
#10662=CARTESIAN_POINT('',(145.6,-27.0846331703273,4119.19945471234));
#10663=CARTESIAN_POINT('',(155.6,-27.0846331703273,4119.19945471234));
#10664=CARTESIAN_POINT('Origin',(145.6,-27.0846331703273,4119.19945471234));
#10665=CARTESIAN_POINT('',(145.6,-88.4917186963177,3985.55964678809));
#10666=CARTESIAN_POINT('',(145.6,-821.296747068334,2390.76122249034));
#10667=CARTESIAN_POINT('',(155.6,-88.4917186963177,3985.55964678809));
#10668=CARTESIAN_POINT('',(145.6,-88.4917186963177,3985.55964678809));
#10669=CARTESIAN_POINT('',(155.6,-88.4917186963177,3985.55964678809));
#10670=CARTESIAN_POINT('Origin',(145.6,31.5082813036823,4070.59157264437));
#10671=CARTESIAN_POINT('',(145.6,11.9699423947173,4086.80031190946));
#10672=CARTESIAN_POINT('',(155.6,11.9699423947173,4086.80031190946));
#10673=CARTESIAN_POINT('',(145.6,11.9699423947173,4086.80031190946));
#10674=CARTESIAN_POINT('',(155.6,31.5082813036823,4070.59157264437));
#10675=CARTESIAN_POINT('',(155.6,-27.0846331703273,4119.19945471234));
#10676=CARTESIAN_POINT('',(145.6,31.5082813036823,4070.59157264437));
#10677=CARTESIAN_POINT('',(145.6,31.5082813036823,4070.59157264437));
#10678=CARTESIAN_POINT('',(145.6,970.755272654937,3291.40508912252));
#10679=CARTESIAN_POINT('Origin',(145.6,-88.4917186963177,3985.55964678809));
#10680=CARTESIAN_POINT('',(145.6,-1057.05174748951,3299.23860882389));
#10681=CARTESIAN_POINT('',(155.6,31.5082813036823,4070.59157264437));
#10682=CARTESIAN_POINT('Origin',(145.6,55.3413219705167,4128.77876988697));
#10683=CARTESIAN_POINT('',(145.6,39.4725374587152,4141.94329691274));
#10684=CARTESIAN_POINT('',(145.6,55.3413219705167,4128.77876988697));
#10685=CARTESIAN_POINT('',(145.6,1001.82622006256,3343.58781772868));
#10686=CARTESIAN_POINT('',(155.6,39.4725374587152,4141.94329691274));
#10687=CARTESIAN_POINT('',(145.6,39.4725374587152,4141.94329691274));
#10688=CARTESIAN_POINT('',(155.6,55.3413219705167,4128.77876988697));
#10689=CARTESIAN_POINT('',(155.6,55.3413219705167,4128.77876988697));
#10690=CARTESIAN_POINT('',(145.6,55.3413219705167,4128.77876988697));
#10691=CARTESIAN_POINT('Origin',(145.6,174.1,3962.68497347568));
#10692=CARTESIAN_POINT('Origin',(145.6,174.1,3962.68497347568));
#10693=CARTESIAN_POINT('Origin',(155.6,174.1,3962.68497347568));
#10694=CARTESIAN_POINT('Origin',(145.6,174.1,3962.68497347568));
#10695=CARTESIAN_POINT('Origin',(145.6,174.1,3962.68497347568));
#10696=CARTESIAN_POINT('Origin',(155.6,174.1,3962.68497347568));
#10697=CARTESIAN_POINT('Origin',(155.6,25.2528511742059,4115.07312361108));
#10698=CARTESIAN_POINT('Origin',(145.6,-174.1,0.));
#10699=CARTESIAN_POINT('',(145.6,174.1,0.));
#10700=CARTESIAN_POINT('',(145.6,-174.1,0.));
#10701=CARTESIAN_POINT('',(145.6,174.1,0.));
#10702=CARTESIAN_POINT('',(145.6,174.1,6000.));
#10703=CARTESIAN_POINT('',(145.6,174.1,0.));
#10704=CARTESIAN_POINT('',(145.6,-174.1,6000.));
#10705=CARTESIAN_POINT('',(145.6,174.1,6000.));
#10706=CARTESIAN_POINT('',(145.6,-174.1,0.));
#10707=CARTESIAN_POINT('Origin',(-145.6,-174.1,0.));
#10708=CARTESIAN_POINT('',(-145.6,-174.1,0.));
#10709=CARTESIAN_POINT('',(145.6,-174.1,0.));
#10710=CARTESIAN_POINT('',(-145.6,-174.1,6000.));
#10711=CARTESIAN_POINT('',(145.6,-174.1,6000.));
#10712=CARTESIAN_POINT('',(-145.6,-174.1,0.));
#10713=CARTESIAN_POINT('Origin',(-145.6,174.1,0.));
#10714=CARTESIAN_POINT('',(-145.6,174.1,0.));
#10715=CARTESIAN_POINT('',(-145.6,-174.1,0.));
#10716=CARTESIAN_POINT('',(-145.6,174.1,6000.));
#10717=CARTESIAN_POINT('',(-145.6,-174.1,6000.));
#10718=CARTESIAN_POINT('',(-145.6,174.1,0.));
#10719=CARTESIAN_POINT('Origin',(0.,174.1,0.));
#10720=CARTESIAN_POINT('',(-145.6,174.1,0.));
#10721=CARTESIAN_POINT('',(-145.6,174.1,6000.));
#10722=CARTESIAN_POINT('Origin',(0.,0.,0.));
#10723=CARTESIAN_POINT('Origin',(0.,0.,6000.));
#10724=CARTESIAN_POINT('',(0.,0.,0.));
#10725=CARTESIAN_POINT('Origin',(118.6,0.,1800.));
#10726=CARTESIAN_POINT('',(118.6,156.6,1904.));
#10727=CARTESIAN_POINT('',(118.6,0.,1800.));
#10728=CARTESIAN_POINT('',(118.6,-469.104729883451,1488.46173749758));
#10729=CARTESIAN_POINT('',(128.6,156.6,1904.));
#10730=CARTESIAN_POINT('',(118.6,156.6,1904.));
#10731=CARTESIAN_POINT('',(128.6,0.,1800.));
#10732=CARTESIAN_POINT('',(128.6,0.,1800.));
#10733=CARTESIAN_POINT('',(118.6,0.,1800.));
#10734=CARTESIAN_POINT('Origin',(118.6,-156.6,1904.));
#10735=CARTESIAN_POINT('',(118.6,-156.6,1904.));
#10736=CARTESIAN_POINT('',(118.6,282.133611850289,1612.63157322842));
#10737=CARTESIAN_POINT('',(128.6,-156.6,1904.));
#10738=CARTESIAN_POINT('',(128.6,-156.6,1904.));
#10739=CARTESIAN_POINT('',(118.6,-156.6,1904.));
#10740=CARTESIAN_POINT('Origin',(118.6,156.6,1904.));
#10741=CARTESIAN_POINT('',(118.6,0.,1904.));
#10742=CARTESIAN_POINT('',(128.6,156.6,1904.));
#10743=CARTESIAN_POINT('Origin',(128.6,0.,1875.63168619786));
#10744=CARTESIAN_POINT('Origin',(118.6,0.,5500.));
#10745=CARTESIAN_POINT('',(118.6,156.6,5604.));
#10746=CARTESIAN_POINT('',(118.6,0.,5500.));
#10747=CARTESIAN_POINT('',(118.6,-1321.68580333202,4622.25208463264));
#10748=CARTESIAN_POINT('',(128.6,156.6,5604.));
#10749=CARTESIAN_POINT('',(118.6,156.6,5604.));
#10750=CARTESIAN_POINT('',(128.6,0.,5500.));
#10751=CARTESIAN_POINT('',(128.6,0.,5500.));
#10752=CARTESIAN_POINT('',(118.6,0.,5500.));
#10753=CARTESIAN_POINT('Origin',(118.6,-156.6,5604.));
#10754=CARTESIAN_POINT('',(118.6,-156.6,5604.));
#10755=CARTESIAN_POINT('',(118.6,1134.71468529885,4746.42192036347));
#10756=CARTESIAN_POINT('',(128.6,-156.6,5604.));
#10757=CARTESIAN_POINT('',(128.6,-156.6,5604.));
#10758=CARTESIAN_POINT('',(118.6,-156.6,5604.));
#10759=CARTESIAN_POINT('Origin',(118.6,156.6,5604.));
#10760=CARTESIAN_POINT('',(118.6,0.,5604.));
#10761=CARTESIAN_POINT('',(128.6,156.6,5604.));
#10762=CARTESIAN_POINT('Origin',(128.6,0.,5575.63168619786));
#10763=CARTESIAN_POINT('Origin',(118.6,-156.6,0.));
#10764=CARTESIAN_POINT('',(118.6,156.6,5900.));
#10765=CARTESIAN_POINT('',(118.6,156.6,0.));
#10766=CARTESIAN_POINT('',(118.6,-156.6,5900.));
#10767=CARTESIAN_POINT('',(118.6,156.6,5900.));
#10768=CARTESIAN_POINT('',(118.6,-156.6,0.));
#10769=CARTESIAN_POINT('Origin',(118.6,-156.6,0.));
#10770=CARTESIAN_POINT('',(118.6,-156.6,0.));
#10771=CARTESIAN_POINT('',(118.6,-156.6,0.));
#10772=CARTESIAN_POINT('',(118.6,156.6,0.));
#10773=CARTESIAN_POINT('',(118.6,156.6,0.));
#10774=CARTESIAN_POINT('',(118.6,156.6,0.));
#10775=CARTESIAN_POINT('Origin',(118.6,-156.6,0.));
#10776=CARTESIAN_POINT('',(118.6,156.6,0.));
#10777=CARTESIAN_POINT('',(118.6,-156.6,0.));
#10778=CARTESIAN_POINT('Origin',(0.,156.6,1800.));
#10779=CARTESIAN_POINT('',(-118.6,156.6,1904.));
#10780=CARTESIAN_POINT('',(0.,156.6,1800.));
#10781=CARTESIAN_POINT('',(446.144917844092,156.6,1408.77680054144));
#10782=CARTESIAN_POINT('',(-118.6,166.6,1904.));
#10783=CARTESIAN_POINT('',(-118.6,156.6,1904.));
#10784=CARTESIAN_POINT('',(0.,166.6,1800.));
#10785=CARTESIAN_POINT('',(0.,166.6,1800.));
#10786=CARTESIAN_POINT('',(0.,156.6,1800.));
#10787=CARTESIAN_POINT('Origin',(118.6,156.6,1904.));
#10788=CARTESIAN_POINT('',(-386.844917844092,156.6,1460.77680054144));
#10789=CARTESIAN_POINT('',(118.6,166.6,1904.));
#10790=CARTESIAN_POINT('',(118.6,166.6,1904.));
#10791=CARTESIAN_POINT('',(118.6,156.6,1904.));
#10792=CARTESIAN_POINT('Origin',(-118.6,156.6,1904.));
#10793=CARTESIAN_POINT('',(-59.3,156.6,1904.));
#10794=CARTESIAN_POINT('',(-118.6,166.6,1904.));
#10795=CARTESIAN_POINT('Origin',(0.,166.6,1874.31742162975));
#10796=CARTESIAN_POINT('Origin',(-118.6,156.6,5604.));
#10797=CARTESIAN_POINT('',(-118.6,156.6,5604.));
#10798=CARTESIAN_POINT('',(-59.3,156.6,5604.));
#10799=CARTESIAN_POINT('',(118.6,166.6,5604.));
#10800=CARTESIAN_POINT('',(118.6,156.6,5604.));
#10801=CARTESIAN_POINT('',(-118.6,166.6,5604.));
#10802=CARTESIAN_POINT('',(-118.6,166.6,5604.));
#10803=CARTESIAN_POINT('',(-118.6,156.6,5604.));
#10804=CARTESIAN_POINT('Origin',(0.,156.6,5500.));
#10805=CARTESIAN_POINT('',(0.,156.6,5500.));
#10806=CARTESIAN_POINT('',(1363.22058230139,156.6,4304.59577943217));
#10807=CARTESIAN_POINT('',(0.,166.6,5500.));
#10808=CARTESIAN_POINT('',(0.,166.6,5500.));
#10809=CARTESIAN_POINT('',(0.,156.6,5500.));
#10810=CARTESIAN_POINT('Origin',(118.6,156.6,5604.));
#10811=CARTESIAN_POINT('',(-1303.92058230139,156.6,4356.59577943217));
#10812=CARTESIAN_POINT('',(118.6,166.6,5604.));
#10813=CARTESIAN_POINT('Origin',(0.,166.6,5574.31742162975));
#10814=CARTESIAN_POINT('Origin',(0.,156.6,0.));
#10815=CARTESIAN_POINT('',(-118.6,156.6,5900.));
#10816=CARTESIAN_POINT('',(-118.6,156.6,0.));
#10817=CARTESIAN_POINT('',(-118.6,156.6,5900.));
#10818=CARTESIAN_POINT('Origin',(0.,156.6,0.));
#10819=CARTESIAN_POINT('',(-118.6,156.6,0.));
#10820=CARTESIAN_POINT('',(-118.6,156.6,0.));
#10821=CARTESIAN_POINT('',(-118.6,156.6,0.));
#10822=CARTESIAN_POINT('Origin',(0.,156.6,0.));
#10823=CARTESIAN_POINT('',(-118.6,156.6,0.));
#10824=CARTESIAN_POINT('Origin',(-118.6,-156.6,0.));
#10825=CARTESIAN_POINT('',(-118.6,-156.6,0.));
#10826=CARTESIAN_POINT('',(118.6,-156.6,0.));
#10827=CARTESIAN_POINT('',(-118.6,-156.6,5900.));
#10828=CARTESIAN_POINT('',(118.6,-156.6,5900.));
#10829=CARTESIAN_POINT('',(-118.6,-156.6,0.));
#10830=CARTESIAN_POINT('Origin',(-118.6,156.6,0.));
#10831=CARTESIAN_POINT('',(-118.6,-156.6,0.));
#10832=CARTESIAN_POINT('',(-118.6,-156.6,5900.));
#10833=CARTESIAN_POINT('Origin',(0.,0.,0.));
#10834=CARTESIAN_POINT('Origin',(0.,0.,5900.));
#10835=CARTESIAN_POINT('',(0.,0.,0.));
#10836=CARTESIAN_POINT('Origin',(91.6,-139.1,1904.));
#10837=CARTESIAN_POINT('',(91.6,0.,1800.));
#10838=CARTESIAN_POINT('',(91.6,-139.1,1904.));
#10839=CARTESIAN_POINT('',(91.6,317.458910863354,1562.64754327974));
#10840=CARTESIAN_POINT('',(101.6,0.,1800.));
#10841=CARTESIAN_POINT('',(91.6,0.,1800.));
#10842=CARTESIAN_POINT('',(101.6,-139.1,1904.));
#10843=CARTESIAN_POINT('',(101.6,-139.1,1904.));
#10844=CARTESIAN_POINT('',(91.6,-139.1,1904.));
#10845=CARTESIAN_POINT('Origin',(91.6,139.1,1904.));
#10846=CARTESIAN_POINT('',(91.6,139.1,1904.));
#10847=CARTESIAN_POINT('',(91.6,0.,1904.));
#10848=CARTESIAN_POINT('',(101.6,139.1,1904.));
#10849=CARTESIAN_POINT('',(101.6,139.1,1904.));
#10850=CARTESIAN_POINT('',(91.6,139.1,1904.));
#10851=CARTESIAN_POINT('Origin',(91.6,0.,1800.));
#10852=CARTESIAN_POINT('',(91.6,-476.23272732366,1443.93814779539));
#10853=CARTESIAN_POINT('',(101.6,0.,1800.));
#10854=CARTESIAN_POINT('Origin',(101.6,-3.40754984492165E-15,1875.12550514588));
#10855=CARTESIAN_POINT('Origin',(91.6,0.,5500.));
#10856=CARTESIAN_POINT('',(91.6,139.1,5604.));
#10857=CARTESIAN_POINT('',(91.6,0.,5500.));
#10858=CARTESIAN_POINT('',(91.6,-1363.45329990476,4480.59566362262));
#10859=CARTESIAN_POINT('',(101.6,139.1,5604.));
#10860=CARTESIAN_POINT('',(91.6,139.1,5604.));
#10861=CARTESIAN_POINT('',(101.6,0.,5500.));
#10862=CARTESIAN_POINT('',(101.6,0.,5500.));
#10863=CARTESIAN_POINT('',(91.6,0.,5500.));
#10864=CARTESIAN_POINT('Origin',(91.6,-139.1,5604.));
#10865=CARTESIAN_POINT('',(91.6,-139.1,5604.));
#10866=CARTESIAN_POINT('',(91.6,1204.67948344445,4599.30505910696));
#10867=CARTESIAN_POINT('',(101.6,-139.1,5604.));
#10868=CARTESIAN_POINT('',(101.6,-139.1,5604.));
#10869=CARTESIAN_POINT('',(91.6,-139.1,5604.));
#10870=CARTESIAN_POINT('Origin',(91.6,139.1,5604.));
#10871=CARTESIAN_POINT('',(91.6,0.,5604.));
#10872=CARTESIAN_POINT('',(101.6,139.1,5604.));
#10873=CARTESIAN_POINT('Origin',(101.6,0.,5575.12550514588));
#10874=CARTESIAN_POINT('Origin',(91.6,-139.1,0.));
#10875=CARTESIAN_POINT('',(91.6,139.1,5900.));
#10876=CARTESIAN_POINT('',(91.6,139.1,0.));
#10877=CARTESIAN_POINT('',(91.6,-139.1,5900.));
#10878=CARTESIAN_POINT('',(91.6,139.1,5900.));
#10879=CARTESIAN_POINT('',(91.6,-139.1,0.));
#10880=CARTESIAN_POINT('Origin',(91.6,-139.1,0.));
#10881=CARTESIAN_POINT('',(91.6,139.1,0.));
#10882=CARTESIAN_POINT('',(91.6,-139.1,0.));
#10883=CARTESIAN_POINT('Origin',(91.6,-139.1,0.));
#10884=CARTESIAN_POINT('',(91.6,-139.1,0.));
#10885=CARTESIAN_POINT('',(91.6,-139.1,0.));
#10886=CARTESIAN_POINT('',(91.6,139.1,0.));
#10887=CARTESIAN_POINT('',(91.6,139.1,0.));
#10888=CARTESIAN_POINT('',(91.6,139.1,0.));
#10889=CARTESIAN_POINT('Origin',(91.6,139.1,5604.));
#10890=CARTESIAN_POINT('',(0.,139.1,5500.));
#10891=CARTESIAN_POINT('',(-1318.19230262994,139.1,4003.36245116252));
#10892=CARTESIAN_POINT('',(0.,149.1,5500.));
#10893=CARTESIAN_POINT('',(0.,139.1,5500.));
#10894=CARTESIAN_POINT('',(91.6,149.1,5604.));
#10895=CARTESIAN_POINT('',(91.6,149.1,5604.));
#10896=CARTESIAN_POINT('',(91.6,139.1,5604.));
#10897=CARTESIAN_POINT('Origin',(-91.6,139.1,5604.));
#10898=CARTESIAN_POINT('',(-91.6,139.1,5604.));
#10899=CARTESIAN_POINT('',(-45.8,139.1,5604.));
#10900=CARTESIAN_POINT('',(-91.6,149.1,5604.));
#10901=CARTESIAN_POINT('',(-91.6,149.1,5604.));
#10902=CARTESIAN_POINT('',(-91.6,139.1,5604.));
#10903=CARTESIAN_POINT('Origin',(0.,139.1,5500.));
#10904=CARTESIAN_POINT('',(1363.99230262994,139.1,3951.36245116252));
#10905=CARTESIAN_POINT('',(0.,149.1,5500.));
#10906=CARTESIAN_POINT('Origin',(0.,149.1,5572.69267514115));
#10907=CARTESIAN_POINT('Origin',(91.6,139.1,1904.));
#10908=CARTESIAN_POINT('',(0.,139.1,1800.));
#10909=CARTESIAN_POINT('',(-400.597480860706,139.1,1345.17316583501));
#10910=CARTESIAN_POINT('',(0.,149.1,1800.));
#10911=CARTESIAN_POINT('',(0.,139.1,1800.));
#10912=CARTESIAN_POINT('',(91.6,149.1,1904.));
#10913=CARTESIAN_POINT('',(91.6,149.1,1904.));
#10914=CARTESIAN_POINT('',(91.6,139.1,1904.));
#10915=CARTESIAN_POINT('Origin',(-91.6,139.1,1904.));
#10916=CARTESIAN_POINT('',(-91.6,139.1,1904.));
#10917=CARTESIAN_POINT('',(-45.8,139.1,1904.));
#10918=CARTESIAN_POINT('',(-91.6,149.1,1904.));
#10919=CARTESIAN_POINT('',(-91.6,149.1,1904.));
#10920=CARTESIAN_POINT('',(-91.6,139.1,1904.));
#10921=CARTESIAN_POINT('Origin',(0.,139.1,1800.));
#10922=CARTESIAN_POINT('',(446.397480860706,139.1,1293.17316583501));
#10923=CARTESIAN_POINT('',(0.,149.1,1800.));
#10924=CARTESIAN_POINT('Origin',(0.,149.1,1872.69267514115));
#10925=CARTESIAN_POINT('Origin',(0.,139.1,0.));
#10926=CARTESIAN_POINT('',(-91.6,139.1,0.));
#10927=CARTESIAN_POINT('',(-91.6,139.1,0.));
#10928=CARTESIAN_POINT('',(-91.6,139.1,0.));
#10929=CARTESIAN_POINT('Origin',(0.,139.1,0.));
#10930=CARTESIAN_POINT('',(-91.6,139.1,5900.));
#10931=CARTESIAN_POINT('',(-91.6,139.1,0.));
#10932=CARTESIAN_POINT('',(-91.6,139.1,5900.));
#10933=CARTESIAN_POINT('Origin',(0.,139.1,0.));
#10934=CARTESIAN_POINT('',(-91.6,139.1,0.));
#10935=CARTESIAN_POINT('Origin',(-91.6,-139.1,0.));
#10936=CARTESIAN_POINT('',(-91.6,-139.1,0.));
#10937=CARTESIAN_POINT('',(91.6,-139.1,0.));
#10938=CARTESIAN_POINT('',(-91.6,-139.1,5900.));
#10939=CARTESIAN_POINT('',(91.6,-139.1,5900.));
#10940=CARTESIAN_POINT('',(-91.6,-139.1,0.));
#10941=CARTESIAN_POINT('Origin',(-91.6,139.1,0.));
#10942=CARTESIAN_POINT('',(-91.6,-139.1,0.));
#10943=CARTESIAN_POINT('',(-91.6,-139.1,5900.));
#10944=CARTESIAN_POINT('Origin',(0.,-4.61991375656762E-15,0.));
#10945=CARTESIAN_POINT('Origin',(0.,0.,5900.));
#10946=CARTESIAN_POINT('',(0.,0.,0.));
#10947=CARTESIAN_POINT('Origin',(64.6,-121.6,1904.));
#10948=CARTESIAN_POINT('',(64.6,0.,1800.));
#10949=CARTESIAN_POINT('',(64.6,-121.6,1904.));
#10950=CARTESIAN_POINT('',(64.6,348.64097590241,1501.8202179782));
#10951=CARTESIAN_POINT('',(74.6,0.,1800.));
#10952=CARTESIAN_POINT('',(64.6,0.,1800.));
#10953=CARTESIAN_POINT('',(74.6,-121.6,1904.));
#10954=CARTESIAN_POINT('',(74.6,-121.6,1904.));
#10955=CARTESIAN_POINT('',(64.6,-121.6,1904.));
#10956=CARTESIAN_POINT('Origin',(64.6,121.6,1904.));
#10957=CARTESIAN_POINT('',(64.6,121.6,1904.));
#10958=CARTESIAN_POINT('',(64.6,0.,1904.));
#10959=CARTESIAN_POINT('',(74.6,121.6,1904.));
#10960=CARTESIAN_POINT('',(74.6,121.6,1904.));
#10961=CARTESIAN_POINT('',(64.6,121.6,1904.));
#10962=CARTESIAN_POINT('Origin',(64.6,0.,1800.));
#10963=CARTESIAN_POINT('',(64.6,-479.670112988701,1389.75582441756));
#10964=CARTESIAN_POINT('',(74.6,0.,1800.));
#10965=CARTESIAN_POINT('Origin',(74.6,7.56948740374607E-15,1874.45390757539));
#10966=CARTESIAN_POINT('Origin',(64.6,0.,5600.));
#10967=CARTESIAN_POINT('',(64.6,121.6,5704.));
#10968=CARTESIAN_POINT('',(64.6,0.,5600.));
#10969=CARTESIAN_POINT('',(64.6,-1418.17626237376,4387.08609139086));
#10970=CARTESIAN_POINT('',(74.6,121.6,5704.));
#10971=CARTESIAN_POINT('',(64.6,121.6,5704.));
#10972=CARTESIAN_POINT('',(74.6,0.,5600.));
#10973=CARTESIAN_POINT('',(74.6,0.,5600.));
#10974=CARTESIAN_POINT('',(64.6,0.,5600.));
#10975=CARTESIAN_POINT('Origin',(64.6,-121.6,5704.));
#10976=CARTESIAN_POINT('',(64.6,-121.6,5704.));
#10977=CARTESIAN_POINT('',(64.6,1287.14712528747,4499.15048495151));
#10978=CARTESIAN_POINT('',(74.6,-121.6,5704.));
#10979=CARTESIAN_POINT('',(74.6,-121.6,5704.));
#10980=CARTESIAN_POINT('',(64.6,-121.6,5704.));
#10981=CARTESIAN_POINT('Origin',(64.6,121.6,5704.));
#10982=CARTESIAN_POINT('',(64.6,0.,5704.));
#10983=CARTESIAN_POINT('',(74.6,121.6,5704.));
#10984=CARTESIAN_POINT('Origin',(74.6,1.77635683940025E-14,5674.45390757539));
#10985=CARTESIAN_POINT('Origin',(64.6,-121.6,0.));
#10986=CARTESIAN_POINT('',(64.6,121.6,5900.));
#10987=CARTESIAN_POINT('',(64.6,121.6,0.));
#10988=CARTESIAN_POINT('',(64.6,-121.6,5900.));
#10989=CARTESIAN_POINT('',(64.6,121.6,5900.));
#10990=CARTESIAN_POINT('',(64.6,-121.6,0.));
#10991=CARTESIAN_POINT('Origin',(64.6,-121.6,0.));
#10992=CARTESIAN_POINT('',(64.6,121.6,0.));
#10993=CARTESIAN_POINT('',(64.6,-121.6,0.));
#10994=CARTESIAN_POINT('Origin',(64.6,-121.6,0.));
#10995=CARTESIAN_POINT('',(64.6,-121.6,0.));
#10996=CARTESIAN_POINT('',(64.6,-121.6,0.));
#10997=CARTESIAN_POINT('',(64.6,121.6,0.));
#10998=CARTESIAN_POINT('',(64.6,121.6,0.));
#10999=CARTESIAN_POINT('',(64.6,121.6,0.));
#11000=CARTESIAN_POINT('Origin',(64.6,121.6,5704.));
#11001=CARTESIAN_POINT('',(0.,121.6,5600.));
#11002=CARTESIAN_POINT('',(-1222.70828598801,121.6,3631.5532237964));
#11003=CARTESIAN_POINT('',(0.,131.6,5600.));
#11004=CARTESIAN_POINT('',(0.,121.6,5600.));
#11005=CARTESIAN_POINT('',(64.6,131.6,5704.));
#11006=CARTESIAN_POINT('',(64.6,131.6,5704.));
#11007=CARTESIAN_POINT('',(64.6,121.6,5704.));
#11008=CARTESIAN_POINT('Origin',(-64.6,121.6,5704.));
#11009=CARTESIAN_POINT('',(-64.6,121.6,5704.));
#11010=CARTESIAN_POINT('',(-32.3,121.6,5704.));
#11011=CARTESIAN_POINT('',(-64.6,131.6,5704.));
#11012=CARTESIAN_POINT('',(-64.6,131.6,5704.));
#11013=CARTESIAN_POINT('',(-64.6,121.6,5704.));
#11014=CARTESIAN_POINT('Origin',(0.,121.6,5600.));
#11015=CARTESIAN_POINT('',(1255.00828598801,121.6,3579.5532237964));
#11016=CARTESIAN_POINT('',(0.,131.6,5600.));
#11017=CARTESIAN_POINT('Origin',(-7.12327448337598E-15,131.6,5669.96073334953));
#11018=CARTESIAN_POINT('Origin',(64.6,121.6,1904.));
#11019=CARTESIAN_POINT('',(0.,121.6,1800.));
#11020=CARTESIAN_POINT('',(-371.095520496145,121.6,1202.57067907741));
#11021=CARTESIAN_POINT('',(0.,131.6,1800.));
#11022=CARTESIAN_POINT('',(0.,121.6,1800.));
#11023=CARTESIAN_POINT('',(64.6,131.6,1904.));
#11024=CARTESIAN_POINT('',(64.6,131.6,1904.));
#11025=CARTESIAN_POINT('',(64.6,121.6,1904.));
#11026=CARTESIAN_POINT('Origin',(-64.6,121.6,1904.));
#11027=CARTESIAN_POINT('',(-64.6,121.6,1904.));
#11028=CARTESIAN_POINT('',(-32.3,121.6,1904.));
#11029=CARTESIAN_POINT('',(-64.6,131.6,1904.));
#11030=CARTESIAN_POINT('',(-64.6,131.6,1904.));
#11031=CARTESIAN_POINT('',(-64.6,121.6,1904.));
#11032=CARTESIAN_POINT('Origin',(0.,121.6,1800.));
#11033=CARTESIAN_POINT('',(403.395520496145,121.6,1150.57067907741));
#11034=CARTESIAN_POINT('',(0.,131.6,1800.));
#11035=CARTESIAN_POINT('Origin',(-1.4246548966752E-15,131.6,1869.96073334953));
#11036=CARTESIAN_POINT('Origin',(0.,121.6,0.));
#11037=CARTESIAN_POINT('',(-64.6,121.6,0.));
#11038=CARTESIAN_POINT('',(-64.6,121.6,0.));
#11039=CARTESIAN_POINT('',(-64.6,121.6,0.));
#11040=CARTESIAN_POINT('Origin',(0.,121.6,0.));
#11041=CARTESIAN_POINT('',(-64.6,121.6,5900.));
#11042=CARTESIAN_POINT('',(-64.6,121.6,0.));
#11043=CARTESIAN_POINT('',(-64.6,121.6,5900.));
#11044=CARTESIAN_POINT('Origin',(0.,121.6,0.));
#11045=CARTESIAN_POINT('',(-64.6,121.6,0.));
#11046=CARTESIAN_POINT('Origin',(-64.6,-121.6,0.));
#11047=CARTESIAN_POINT('',(-64.6,-121.6,0.));
#11048=CARTESIAN_POINT('',(64.6,-121.6,0.));
#11049=CARTESIAN_POINT('',(-64.6,-121.6,5900.));
#11050=CARTESIAN_POINT('',(64.6,-121.6,5900.));
#11051=CARTESIAN_POINT('',(-64.6,-121.6,0.));
#11052=CARTESIAN_POINT('Origin',(-64.6,121.6,0.));
#11053=CARTESIAN_POINT('',(-64.6,-121.6,0.));
#11054=CARTESIAN_POINT('',(-64.6,-121.6,5900.));
#11055=CARTESIAN_POINT('Origin',(0.,0.,0.));
#11056=CARTESIAN_POINT('Origin',(0.,0.,5900.));
#11057=CARTESIAN_POINT('',(0.,0.,0.));
#11058=CARTESIAN_POINT('',(0.,0.,0.));
#11059=CARTESIAN_POINT('Origin',(205.5,18.5233973237476,-58.));
#11060=CARTESIAN_POINT('',(225.5,-1.77635683940025E-14,-58.));
#11061=CARTESIAN_POINT('',(205.5,-1.77635683940025E-14,-78.));
#11062=CARTESIAN_POINT('Origin',(205.5,-1.77635683940025E-14,-58.));
#11063=CARTESIAN_POINT('',(205.5,42.0575539568345,-78.));
#11064=CARTESIAN_POINT('',(205.5,18.5233973237476,-78.));
#11065=CARTESIAN_POINT('',(225.5,34.,-58.));
#11066=CARTESIAN_POINT('Origin',(205.5,42.0575539568345,-58.));
#11067=CARTESIAN_POINT('',(225.5,18.5233973237476,-58.));
#11068=CARTESIAN_POINT('Origin',(102.774090963416,37.0467946474952,-78.));
#11069=CARTESIAN_POINT('',(-205.5,-1.77635683940025E-14,-78.));
#11070=CARTESIAN_POINT('',(-225.5,-1.77635683940025E-14,-78.));
#11071=CARTESIAN_POINT('',(-205.5,42.0575539568345,-78.));
#11072=CARTESIAN_POINT('',(-205.5,35.5233973237476,-78.));
#11073=CARTESIAN_POINT('',(-86.5,90.,-78.));
#11074=CARTESIAN_POINT('',(-86.5,90.,-78.));
#11075=CARTESIAN_POINT('',(86.5,90.,-78.));
#11076=CARTESIAN_POINT('',(86.5,90.,-78.));
#11077=CARTESIAN_POINT('',(225.5,34.,-78.));
#11078=CARTESIAN_POINT('Origin',(0.,-1.77635683940025E-14,0.));
#11079=CARTESIAN_POINT('',(225.5,-1.77635683940025E-14,58.));
#11080=CARTESIAN_POINT('',(225.5,-1.77635683940025E-14,0.));
#11081=CARTESIAN_POINT('',(205.5,-1.77635683940025E-14,78.));
#11082=CARTESIAN_POINT('Origin',(205.5,-1.77635683940025E-14,58.));
#11083=CARTESIAN_POINT('',(-205.5,-1.77635683940025E-14,78.));
#11084=CARTESIAN_POINT('',(-225.5,-1.77635683940025E-14,78.));
#11085=CARTESIAN_POINT('',(-225.5,-1.77635683940025E-14,58.));
#11086=CARTESIAN_POINT('Origin',(-205.5,-1.77635683940025E-14,58.));
#11087=CARTESIAN_POINT('',(-225.5,-1.77635683940025E-14,-58.));
#11088=CARTESIAN_POINT('',(-225.5,-1.77635683940025E-14,0.));
#11089=CARTESIAN_POINT('Origin',(-205.5,-1.77635683940025E-14,-58.));
#11090=CARTESIAN_POINT('Origin',(205.5,18.5233973237476,58.));
#11091=CARTESIAN_POINT('',(225.5,34.,58.));
#11092=CARTESIAN_POINT('',(205.5,42.0575539568345,78.));
#11093=CARTESIAN_POINT('Origin',(205.5,42.0575539568345,58.));
#11094=CARTESIAN_POINT('',(205.5,18.5233973237476,78.));
#11095=CARTESIAN_POINT('',(225.5,18.5233973237476,58.));
#11096=CARTESIAN_POINT('Origin',(102.774090963416,37.0467946474952,78.));
#11097=CARTESIAN_POINT('',(86.5,90.,78.));
#11098=CARTESIAN_POINT('',(225.5,34.,78.));
#11099=CARTESIAN_POINT('',(-86.5,90.,78.));
#11100=CARTESIAN_POINT('',(86.5,90.,78.));
#11101=CARTESIAN_POINT('',(-205.5,42.0575539568345,78.));
#11102=CARTESIAN_POINT('',(-86.5,90.,78.));
#11103=CARTESIAN_POINT('',(-205.5,35.5233973237476,78.));
#11104=CARTESIAN_POINT('Origin',(225.5,34.,0.));
#11105=CARTESIAN_POINT('',(86.5,90.,0.));
#11106=CARTESIAN_POINT('',(225.5,34.,0.));
#11107=CARTESIAN_POINT('Origin',(-205.5,35.5233973237476,-58.));
#11108=CARTESIAN_POINT('',(-225.5,34.,-58.));
#11109=CARTESIAN_POINT('Origin',(-205.5,42.0575539568345,-58.));
#11110=CARTESIAN_POINT('',(-225.5,35.5233973237476,-58.));
#11111=CARTESIAN_POINT('Origin',(-225.5,34.,0.));
#11112=CARTESIAN_POINT('',(-225.5,34.,58.));
#11113=CARTESIAN_POINT('',(-225.5,35.5233973237476,58.));
#11114=CARTESIAN_POINT('',(-225.5,34.,0.));
#11115=CARTESIAN_POINT('Origin',(-205.5,35.5233973237476,58.));
#11116=CARTESIAN_POINT('Origin',(-205.5,42.0575539568345,58.));
#11117=CARTESIAN_POINT('Origin',(-86.5,90.,0.));
#11118=CARTESIAN_POINT('',(-86.5,90.,0.));
#11119=CARTESIAN_POINT('Origin',(225.5,-1.77635683940025E-14,0.));
#11120=CARTESIAN_POINT('Origin',(86.5,90.,0.));
#11121=CARTESIAN_POINT('',(0.,0.,0.));
#11122=CARTESIAN_POINT('Origin',(0.,0.,0.));
#11123=CARTESIAN_POINT('',(147.5,1.80635402874235E-14,-15.5));
#11124=CARTESIAN_POINT('Origin',(0.,0.,-15.5));
#11125=CARTESIAN_POINT('',(147.5,1.80635402874235E-14,15.5));
#11126=CARTESIAN_POINT('',(147.5,1.80635402874235E-14,0.));
#11127=CARTESIAN_POINT('Origin',(0.,0.,15.5));
#11128=CARTESIAN_POINT('Origin',(-7.37729602310562E-15,0.,-15.5));
#11129=CARTESIAN_POINT('',(167.,2.04516015457608E-14,-15.5));
#11130=CARTESIAN_POINT('Origin',(0.,0.,-15.5));
#11131=CARTESIAN_POINT('Origin',(0.,0.,0.));
#11132=CARTESIAN_POINT('',(167.,2.04516015457608E-14,15.5));
#11133=CARTESIAN_POINT('Origin',(0.,0.,15.5));
#11134=CARTESIAN_POINT('',(167.,2.04516015457608E-14,0.));
#11135=CARTESIAN_POINT('Origin',(-7.37729602310562E-15,0.,15.5));
#11136=CARTESIAN_POINT('Origin',(125.,46.4999999999999,-284.5));
#11137=CARTESIAN_POINT('',(125.,46.5,133.5));
#11138=CARTESIAN_POINT('',(125.,46.4999999999999,-284.5));
#11139=CARTESIAN_POINT('',(125.,46.5,133.5));
#11140=CARTESIAN_POINT('',(135.,46.5,133.5));
#11141=CARTESIAN_POINT('',(125.,46.5,133.5));
#11142=CARTESIAN_POINT('',(135.,46.4999999999999,-284.5));
#11143=CARTESIAN_POINT('',(135.,46.5,133.5));
#11144=CARTESIAN_POINT('',(125.,46.4999999999999,-284.5));
#11145=CARTESIAN_POINT('Origin',(125.,-46.4999999999999,-284.5));
#11146=CARTESIAN_POINT('',(125.,-46.4999999999999,-284.5));
#11147=CARTESIAN_POINT('',(125.,46.4999999999999,-284.5));
#11148=CARTESIAN_POINT('',(135.,-46.4999999999999,-284.5));
#11149=CARTESIAN_POINT('',(135.,46.4999999999999,-284.5));
#11150=CARTESIAN_POINT('',(125.,-46.4999999999999,-284.5));
#11151=CARTESIAN_POINT('Origin',(125.,-46.5,133.5));
#11152=CARTESIAN_POINT('',(125.,-46.5,133.5));
#11153=CARTESIAN_POINT('',(125.,-46.4999999999999,-284.5));
#11154=CARTESIAN_POINT('',(135.,-46.5,133.5));
#11155=CARTESIAN_POINT('',(135.,-46.4999999999999,-284.5));
#11156=CARTESIAN_POINT('',(125.,-46.5,133.5));
#11157=CARTESIAN_POINT('Origin',(125.,46.5,133.5));
#11158=CARTESIAN_POINT('',(125.,-46.5,133.5));
#11159=CARTESIAN_POINT('',(135.,-46.5,133.5));
#11160=CARTESIAN_POINT('Origin',(125.,0.,-75.5));
#11161=CARTESIAN_POINT('Origin',(135.,0.,-75.5));
#11162=CARTESIAN_POINT('',(0.,0.,0.));
#11163=CARTESIAN_POINT('Origin',(0.,0.,0.));
#11164=CARTESIAN_POINT('',(20.,2.44929359829471E-15,228.));
#11165=CARTESIAN_POINT('Origin',(0.,0.,228.));
#11166=CARTESIAN_POINT('',(20.,2.44929359829471E-15,0.));
#11167=CARTESIAN_POINT('',(20.,2.44929359829471E-15,0.));
#11168=CARTESIAN_POINT('Origin',(0.,0.,0.));
#11169=CARTESIAN_POINT('Origin',(-9.4425648294133E-16,0.,0.));
#11170=CARTESIAN_POINT('Origin',(-9.4425648294133E-16,0.,228.));
#11171=CARTESIAN_POINT('',(0.,0.,0.));
#11172=CARTESIAN_POINT('Origin',(-2.21714533526825E-15,18.8083121574742,
-30.5));
#11173=CARTESIAN_POINT('',(75.,8.32667268468868E-15,-30.5));
#11174=CARTESIAN_POINT('',(-75.,0.,-30.5));
#11175=CARTESIAN_POINT('Origin',(0.,0.,-30.5));
#11176=CARTESIAN_POINT('',(-75.,77.,-30.5));
#11177=CARTESIAN_POINT('',(-75.,77.,-30.5));
#11178=CARTESIAN_POINT('',(75.,77.,-30.5));
#11179=CARTESIAN_POINT('',(75.,77.,-30.5));
#11180=CARTESIAN_POINT('',(75.,8.88178419700125E-15,-30.5));
#11181=CARTESIAN_POINT('Origin',(-75.,77.,0.));
#11182=CARTESIAN_POINT('',(-75.,0.,30.5));
#11183=CARTESIAN_POINT('',(-75.,0.,0.));
#11184=CARTESIAN_POINT('',(-75.,77.,30.5));
#11185=CARTESIAN_POINT('',(-75.,77.,30.5));
#11186=CARTESIAN_POINT('',(-75.,77.,0.));
#11187=CARTESIAN_POINT('Origin',(75.,77.,0.));
#11188=CARTESIAN_POINT('',(75.,77.,30.5));
#11189=CARTESIAN_POINT('',(75.,77.,30.5));
#11190=CARTESIAN_POINT('',(75.,77.,0.));
#11191=CARTESIAN_POINT('Origin',(75.,8.88178419700125E-15,0.));
#11192=CARTESIAN_POINT('',(75.,8.32667268468868E-15,30.5));
#11193=CARTESIAN_POINT('',(75.,8.88178419700125E-15,30.5));
#11194=CARTESIAN_POINT('',(75.,8.32667268468868E-15,0.));
#11195=CARTESIAN_POINT('Origin',(0.,0.,0.));
#11196=CARTESIAN_POINT('Origin',(0.,0.,30.5));
#11197=CARTESIAN_POINT('Origin',(-2.21714533526825E-15,18.8083121574742,
30.5));
#11198=CARTESIAN_POINT('',(1.40129846432498E-45,3.50324616081204E-46,0.));
#11199=CARTESIAN_POINT('',(-1.05115715620702E-27,-305.000000000043,3.89910326248355E-12));
#11200=CARTESIAN_POINT('',(205.500000000027,-305.00000000002,1.35003119794419E-12));
#11201=CARTESIAN_POINT('',(205.500000000025,-228.000000000013,58.000000000007));
#11202=CARTESIAN_POINT('',(205.500000000025,-228.000000000027,-58.0000000000047));
#11203=CARTESIAN_POINT('',(-205.500000000025,-228.00000000003,-58.0000000000062));
#11204=CARTESIAN_POINT('',(-205.500000000025,-228.000000000031,58.0000000000053));
#11205=CARTESIAN_POINT('',(-205.500000000024,-305.000000000043,3.88133969408955E-12));
#11206=CARTESIAN_POINT('',(0.,0.,0.));
#11207=CARTESIAN_POINT('Origin',(92.5,-80.,47.5));
#11208=CARTESIAN_POINT('',(92.5,-95.,67.5));
#11209=CARTESIAN_POINT('',(112.5,-95.,47.5));
#11210=CARTESIAN_POINT('Origin',(92.5,-95.,47.5));
#11211=CARTESIAN_POINT('',(112.5,-80.,47.5));
#11212=CARTESIAN_POINT('',(112.5,-80.,47.5));
#11213=CARTESIAN_POINT('',(92.5,-80.,67.5));
#11214=CARTESIAN_POINT('Origin',(92.5,-80.,47.5));
#11215=CARTESIAN_POINT('',(92.5,-80.,67.5));
#11216=CARTESIAN_POINT('Origin',(56.25,-80.,33.75));
#11217=CARTESIAN_POINT('',(112.5,-80.,-47.5));
#11218=CARTESIAN_POINT('',(112.5,-80.,-67.5));
#11219=CARTESIAN_POINT('',(92.5,-80.,-67.5));
#11220=CARTESIAN_POINT('Origin',(92.5,-80.,-47.5));
#11221=CARTESIAN_POINT('',(-92.5,-80.,-67.5));
#11222=CARTESIAN_POINT('',(-112.5,-80.,-67.5));
#11223=CARTESIAN_POINT('',(-112.5,-80.,-47.5));
#11224=CARTESIAN_POINT('Origin',(-92.5,-80.,-47.5));
#11225=CARTESIAN_POINT('',(-112.5,-80.,47.5));
#11226=CARTESIAN_POINT('',(-112.5,-80.,67.5));
#11227=CARTESIAN_POINT('',(-92.5,-80.,67.5));
#11228=CARTESIAN_POINT('Origin',(-92.5,-80.,47.5));
#11229=CARTESIAN_POINT('',(112.5,-80.,67.5));
#11230=CARTESIAN_POINT('',(110.,-80.,15.));
#11231=CARTESIAN_POINT('Origin',(100.,-80.,15.));
#11232=CARTESIAN_POINT('',(-90.,-80.,15.));
#11233=CARTESIAN_POINT('Origin',(-100.,-80.,15.));
#11234=CARTESIAN_POINT('',(-90.,-80.,-15.));
#11235=CARTESIAN_POINT('Origin',(-100.,-80.,-15.));
#11236=CARTESIAN_POINT('',(110.,-80.,-15.));
#11237=CARTESIAN_POINT('Origin',(100.,-80.,-15.));
#11238=CARTESIAN_POINT('Origin',(112.5,-80.,0.));
#11239=CARTESIAN_POINT('',(112.5,-95.,-47.5));
#11240=CARTESIAN_POINT('',(112.5,-95.,-67.5));
#11241=CARTESIAN_POINT('',(112.5,-80.,-47.5));
#11242=CARTESIAN_POINT('Origin',(92.5,-80.,-47.5));
#11243=CARTESIAN_POINT('',(92.5,-95.,-67.5));
#11244=CARTESIAN_POINT('Origin',(92.5,-95.,-47.5));
#11245=CARTESIAN_POINT('',(92.5,-80.,-67.5));
#11246=CARTESIAN_POINT('Origin',(-92.5,-80.,-47.5));
#11247=CARTESIAN_POINT('',(-92.5,-95.,-67.5));
#11248=CARTESIAN_POINT('',(-112.5,-95.,-47.5));
#11249=CARTESIAN_POINT('Origin',(-92.5,-95.,-47.5));
#11250=CARTESIAN_POINT('',(-112.5,-80.,-47.5));
#11251=CARTESIAN_POINT('',(-92.5,-80.,-67.5));
#11252=CARTESIAN_POINT('Origin',(-112.5,-80.,67.5));
#11253=CARTESIAN_POINT('',(-112.5,-95.,47.5));
#11254=CARTESIAN_POINT('',(-112.5,-95.,67.5));
#11255=CARTESIAN_POINT('',(-112.5,-80.,47.5));
#11256=CARTESIAN_POINT('Origin',(-92.5,-80.,47.5));
#11257=CARTESIAN_POINT('',(-92.5,-95.,67.5));
#11258=CARTESIAN_POINT('Origin',(-92.5,-95.,47.5));
#11259=CARTESIAN_POINT('',(-92.5,-80.,67.5));
#11260=CARTESIAN_POINT('Origin',(-112.5,-80.,-67.5));
#11261=CARTESIAN_POINT('',(-112.5,-95.,-67.5));
#11262=CARTESIAN_POINT('Origin',(112.5,-80.,67.5));
#11263=CARTESIAN_POINT('',(112.5,-95.,67.5));
#11264=CARTESIAN_POINT('Origin',(56.25,-95.,33.75));
#11265=CARTESIAN_POINT('Origin',(100.,0.,15.));
#11266=CARTESIAN_POINT('',(110.,0.,15.));
#11267=CARTESIAN_POINT('',(110.,0.,15.));
#11268=CARTESIAN_POINT('Origin',(100.,0.,15.));
#11269=CARTESIAN_POINT('Origin',(-100.,0.,15.));
#11270=CARTESIAN_POINT('',(-90.,0.,15.));
#11271=CARTESIAN_POINT('',(-90.,0.,15.));
#11272=CARTESIAN_POINT('Origin',(-100.,0.,15.));
#11273=CARTESIAN_POINT('Origin',(-100.,0.,-15.));
#11274=CARTESIAN_POINT('',(-90.,0.,-15.));
#11275=CARTESIAN_POINT('',(-90.,0.,-15.));
#11276=CARTESIAN_POINT('Origin',(-100.,0.,-15.));
#11277=CARTESIAN_POINT('Origin',(100.,0.,-15.));
#11278=CARTESIAN_POINT('',(110.,0.,-15.));
#11279=CARTESIAN_POINT('',(110.,0.,-15.));
#11280=CARTESIAN_POINT('Origin',(100.,0.,-15.));
#11281=CARTESIAN_POINT('Origin',(-5.6625390233448E-15,56.8161163830988,
-26.));
#11282=CARTESIAN_POINT('',(-165.,0.,-26.));
#11283=CARTESIAN_POINT('',(165.,0.,-26.));
#11284=CARTESIAN_POINT('Origin',(0.,0.,-26.));
#11285=CARTESIAN_POINT('',(165.,0.,-26.));
#11286=CARTESIAN_POINT('Origin',(-165.,0.,0.));
#11287=CARTESIAN_POINT('',(165.,0.,26.));
#11288=CARTESIAN_POINT('',(165.,0.,0.));
#11289=CARTESIAN_POINT('',(-165.,0.,26.));
#11290=CARTESIAN_POINT('',(165.,0.,26.));
#11291=CARTESIAN_POINT('',(-165.,0.,0.));
#11292=CARTESIAN_POINT('Origin',(0.,0.,0.));
#11293=CARTESIAN_POINT('Origin',(0.,0.,26.));
#11294=CARTESIAN_POINT('Origin',(-5.6625390233448E-15,56.8161163830988,
26.));
#11295=CARTESIAN_POINT('',(0.,0.,0.));
#11296=CARTESIAN_POINT('Origin',(30.,-206.,30.));
#11297=CARTESIAN_POINT('',(30.,-206.,30.));
#11298=CARTESIAN_POINT('',(0.,-206.,0.));
#11299=CARTESIAN_POINT('',(-9.99999999999999,-206.,-10.));
#11300=CARTESIAN_POINT('',(30.,-205.5,30.));
#11301=CARTESIAN_POINT('',(30.,-206.,30.));
#11302=CARTESIAN_POINT('',(0.,-205.5,0.));
#11303=CARTESIAN_POINT('',(0.,-205.5,0.));
#11304=CARTESIAN_POINT('',(-2.22044604925031E-15,-103.,0.));
#11305=CARTESIAN_POINT('Origin',(-30.,-206.,30.));
#11306=CARTESIAN_POINT('',(-30.,-206.,30.));
#11307=CARTESIAN_POINT('',(-65.,-206.,30.));
#11308=CARTESIAN_POINT('',(-30.,-205.5,30.));
#11309=CARTESIAN_POINT('',(-30.,-206.,30.));
#11310=CARTESIAN_POINT('',(30.,-205.5,30.));
#11311=CARTESIAN_POINT('Origin',(4.44089209850063E-15,-206.,-4.44089209850063E-15));
#11312=CARTESIAN_POINT('',(-25.,-206.,25.));
#11313=CARTESIAN_POINT('',(-2.22044604925031E-15,-103.,0.));
#11314=CARTESIAN_POINT('',(-30.,-205.5,30.));
#11315=CARTESIAN_POINT('Origin',(-8.88178419700125E-15,-205.5,21.2132034355964));
#11316=CARTESIAN_POINT('Origin',(-100.,-206.,0.));
#11317=CARTESIAN_POINT('',(-100.,-206.,525.));
#11318=CARTESIAN_POINT('',(100.,-206.,525.));
#11319=CARTESIAN_POINT('Origin',(-3.69778549322349E-30,-206.,525.));
#11320=CARTESIAN_POINT('',(-100.,-206.,0.));
#11321=CARTESIAN_POINT('',(-100.,-206.,0.));
#11322=CARTESIAN_POINT('',(100.,-206.,0.));
#11323=CARTESIAN_POINT('',(100.,-206.,0.));
#11324=CARTESIAN_POINT('',(100.,-206.,0.));
#11325=CARTESIAN_POINT('',(100.,-206.,0.));
#11326=CARTESIAN_POINT('',(-94.5861889895211,-206.,503.495283018868));
#11327=CARTESIAN_POINT('',(94.5861889895212,-206.,503.495283018868));
#11328=CARTESIAN_POINT('Origin',(0.,-206.,525.));
#11329=CARTESIAN_POINT('',(48.7557675203717,-206.,301.915094339623));
#11330=CARTESIAN_POINT('',(12.4659018318829,-206.,142.298016029437));
#11331=CARTESIAN_POINT('',(-48.7557675203717,-206.,301.915094339623));
#11332=CARTESIAN_POINT('Origin',(0.,-206.,313.));
#11333=CARTESIAN_POINT('',(-40.2961179064363,-206.,264.706233703564));
#11334=CARTESIAN_POINT('Origin',(0.,-206.,525.));
#11335=CARTESIAN_POINT('',(94.5861889895212,-247.,503.495283018868));
#11336=CARTESIAN_POINT('',(94.5861889895212,-206.,503.495283018868));
#11337=CARTESIAN_POINT('',(-94.5861889895211,-247.,503.495283018868));
#11338=CARTESIAN_POINT('',(-94.5861889895211,-206.,503.495283018868));
#11339=CARTESIAN_POINT('Origin',(0.,-247.,525.));
#11340=CARTESIAN_POINT('Origin',(48.7557675203717,-206.,301.915094339623));
#11341=CARTESIAN_POINT('',(48.7557675203717,-247.,301.915094339623));
#11342=CARTESIAN_POINT('',(48.7557675203717,-247.,301.915094339623));
#11343=CARTESIAN_POINT('',(48.7557675203717,-206.,301.915094339623));
#11344=CARTESIAN_POINT('Origin',(-94.5861889895211,-206.,503.495283018868));
#11345=CARTESIAN_POINT('',(-48.7557675203717,-247.,301.915094339623));
#11346=CARTESIAN_POINT('',(-48.7557675203717,-206.,301.915094339623));
#11347=CARTESIAN_POINT('',(-94.5861889895211,-247.,503.495283018868));
#11348=CARTESIAN_POINT('Origin',(0.,-206.,313.));
#11349=CARTESIAN_POINT('Origin',(0.,-247.,313.));
#11350=CARTESIAN_POINT('Origin',(1.64458948587171E-14,-247.,313.000009320739));
#11351=CARTESIAN_POINT('Origin',(0.,206.,0.));
#11352=CARTESIAN_POINT('',(100.,206.,525.));
#11353=CARTESIAN_POINT('',(-100.,206.,525.));
#11354=CARTESIAN_POINT('Origin',(-7.105427357601E-14,206.,525.));
#11355=CARTESIAN_POINT('',(100.,206.,0.));
#11356=CARTESIAN_POINT('',(100.,206.,0.));
#11357=CARTESIAN_POINT('',(-100.,206.,0.));
#11358=CARTESIAN_POINT('',(-100.,206.,0.));
#11359=CARTESIAN_POINT('',(-100.,206.,0.));
#11360=CARTESIAN_POINT('Origin',(3.42336730699951E-14,-7.49999999999998,
525.));
#11361=CARTESIAN_POINT('',(-100.,176.,525.));
#11362=CARTESIAN_POINT('',(-100.,198.5,525.));
#11363=CARTESIAN_POINT('',(100.,176.,525.));
#11364=CARTESIAN_POINT('Origin',(6.58804187039705E-14,176.,525.));
#11365=CARTESIAN_POINT('',(100.,-7.5,525.));
#11366=CARTESIAN_POINT('Origin',(100.,-206.,0.));
#11367=CARTESIAN_POINT('',(100.,176.,30.));
#11368=CARTESIAN_POINT('',(100.,176.,30.));
#11369=CARTESIAN_POINT('',(100.,-176.,30.));
#11370=CARTESIAN_POINT('',(100.,206.,30.));
#11371=CARTESIAN_POINT('',(100.,-176.,525.));
#11372=CARTESIAN_POINT('',(100.,-176.,30.));
#11373=CARTESIAN_POINT('',(100.,-198.5,525.));
#11374=CARTESIAN_POINT('',(100.,206.,0.));
#11375=CARTESIAN_POINT('Origin',(-100.,176.,30.));
#11376=CARTESIAN_POINT('',(-100.,176.,30.));
#11377=CARTESIAN_POINT('',(-100.,176.,30.));
#11378=CARTESIAN_POINT('',(-50.,176.,30.));
#11379=CARTESIAN_POINT('Origin',(100.,-176.,30.));
#11380=CARTESIAN_POINT('',(-100.,-176.,525.));
#11381=CARTESIAN_POINT('Origin',(-5.17385487203957E-15,-176.,525.));
#11382=CARTESIAN_POINT('',(-100.,-176.,30.));
#11383=CARTESIAN_POINT('',(50.,-176.,30.));
#11384=CARTESIAN_POINT('',(-100.,-176.,30.));
#11385=CARTESIAN_POINT('Origin',(1.29346371800989E-15,-198.5,525.));
#11386=CARTESIAN_POINT('',(-100.,7.49999999999998,525.));
#11387=CARTESIAN_POINT('Origin',(0.,3.5527136788005E-14,30.));
#11388=CARTESIAN_POINT('',(-100.,-206.,30.));
#11389=CARTESIAN_POINT('Origin',(-100.,206.,0.));
#11390=CARTESIAN_POINT('',(-100.,-206.,0.));
#11391=CARTESIAN_POINT('Origin',(-6.96610525255E-15,2.089831575765E-14,
0.));
#11392=CARTESIAN_POINT('',(0.,0.,0.));
#11393=CARTESIAN_POINT('',(0.,0.,0.));
#11394=CARTESIAN_POINT('Origin',(62.5,2.83860791593963,50.));
#11395=CARTESIAN_POINT('',(60.0415,2.1,50.));
#11396=CARTESIAN_POINT('Origin',(62.5,2.1,50.));
#11397=CARTESIAN_POINT('',(62.5,3.57721583187926,50.));
#11398=CARTESIAN_POINT('',(61.27075,2.83860791593963,50.));
#11399=CARTESIAN_POINT('Origin',(62.5,-6.45,50.));
#11400=CARTESIAN_POINT('',(60.0415,-15.,50.));
#11401=CARTESIAN_POINT('Origin',(62.5,-15.,50.));
#11402=CARTESIAN_POINT('',(60.0415,-6.45,50.));
#11403=CARTESIAN_POINT('Origin',(37.,2.83860791593963,50.));
#11404=CARTESIAN_POINT('',(34.5415,2.1,50.));
#11405=CARTESIAN_POINT('Origin',(37.,2.1,50.));
#11406=CARTESIAN_POINT('',(37.,3.57721583187926,50.));
#11407=CARTESIAN_POINT('',(35.77075,2.83860791593963,50.));
#11408=CARTESIAN_POINT('Origin',(37.,-6.45,50.));
#11409=CARTESIAN_POINT('',(34.5415,-15.,50.));
#11410=CARTESIAN_POINT('Origin',(37.,-15.,50.));
#11411=CARTESIAN_POINT('',(34.5415,-6.45,50.));
#11412=CARTESIAN_POINT('Origin',(117.75,95.,5.));
#11413=CARTESIAN_POINT('',(7.99999999999997,95.,0.));
#11414=CARTESIAN_POINT('',(2.99999999999996,100.,5.));
#11415=CARTESIAN_POINT('Origin',(2.99999999999997,95.,5.));
#11416=CARTESIAN_POINT('',(157.,100.,5.));
#11417=CARTESIAN_POINT('',(117.75,100.,5.));
#11418=CARTESIAN_POINT('',(157.,95.,0.));
#11419=CARTESIAN_POINT('Origin',(157.,95.,5.));
#11420=CARTESIAN_POINT('',(117.75,95.,0.));
#11421=CARTESIAN_POINT('Origin',(157.,100.,0.));
#11422=CARTESIAN_POINT('',(-3.06161699786838E-14,100.,8.));
#11423=CARTESIAN_POINT('',(43.25,100.,-35.25));
#11424=CARTESIAN_POINT('',(-3.06161699786838E-14,100.,92.));
#11425=CARTESIAN_POINT('',(-3.06161699786838E-14,100.,0.));
#11426=CARTESIAN_POINT('',(2.99999999999995,100.,95.));
#11427=CARTESIAN_POINT('',(18.25,100.,110.25));
#11428=CARTESIAN_POINT('',(157.,100.,95.));
#11429=CARTESIAN_POINT('',(117.75,100.,95.));
#11430=CARTESIAN_POINT('',(157.,100.,0.));
#11431=CARTESIAN_POINT('Origin',(3.99999999999998,75.,4.));
#11432=CARTESIAN_POINT('',(8.,0.,0.));
#11433=CARTESIAN_POINT('',(7.99999999999998,75.,0.));
#11434=CARTESIAN_POINT('',(0.,0.,8.));
#11435=CARTESIAN_POINT('',(3.99999999999999,4.44089209850063E-15,4.00000000000001));
#11436=CARTESIAN_POINT('',(-2.33146835171283E-14,75.,8.));
#11437=CARTESIAN_POINT('Origin',(117.75,95.,95.));
#11438=CARTESIAN_POINT('',(7.99999999999997,95.,100.));
#11439=CARTESIAN_POINT('Origin',(2.99999999999997,95.,95.));
#11440=CARTESIAN_POINT('',(157.,95.,100.));
#11441=CARTESIAN_POINT('',(117.75,95.,100.));
#11442=CARTESIAN_POINT('Origin',(157.,95.,95.));
#11443=CARTESIAN_POINT('Origin',(78.5,50.,100.));
#11444=CARTESIAN_POINT('',(8.,0.,100.));
#11445=CARTESIAN_POINT('',(7.99999999999998,75.,100.));
#11446=CARTESIAN_POINT('',(157.,0.,100.));
#11447=CARTESIAN_POINT('',(0.,0.,100.));
#11448=CARTESIAN_POINT('',(157.,0.,100.));
#11449=CARTESIAN_POINT('',(145.,76.,100.));
#11450=CARTESIAN_POINT('',(145.,10.,100.));
#11451=CARTESIAN_POINT('',(145.,27.5,100.));
#11452=CARTESIAN_POINT('',(140.,5.,100.));
#11453=CARTESIAN_POINT('Origin',(140.,10.,100.));
#11454=CARTESIAN_POINT('',(92.,4.99999999999999,100.));
#11455=CARTESIAN_POINT('',(82.75,4.99999999999999,100.));
#11456=CARTESIAN_POINT('',(87.,9.99999999999999,100.));
#11457=CARTESIAN_POINT('Origin',(92.,10.,100.));
#11458=CARTESIAN_POINT('',(87.,76.,100.));
#11459=CARTESIAN_POINT('',(87.,65.5,100.));
#11460=CARTESIAN_POINT('',(92.,81.,100.));
#11461=CARTESIAN_POINT('Origin',(92.,76.,100.));
#11462=CARTESIAN_POINT('',(140.,81.,100.));
#11463=CARTESIAN_POINT('',(111.75,81.,100.));
#11464=CARTESIAN_POINT('Origin',(140.,76.,100.));
#11465=CARTESIAN_POINT('Origin',(3.99999999999998,75.,96.));
#11466=CARTESIAN_POINT('',(0.,0.,92.));
#11467=CARTESIAN_POINT('',(-2.33146835171283E-14,75.,92.));
#11468=CARTESIAN_POINT('',(-21.,-4.44089209850063E-15,71.));
#11469=CARTESIAN_POINT('Origin',(-3.06161699786838E-14,100.,0.));
#11470=CARTESIAN_POINT('',(0.,0.,0.));
#11471=CARTESIAN_POINT('',(-1.14810637420064E-14,37.5,82.5));
#11472=CARTESIAN_POINT('Origin',(-1.21124529015979E-14,37.5,50.));
#11473=CARTESIAN_POINT('Origin',(0.,0.,0.));
#11474=CARTESIAN_POINT('',(157.,0.,0.));
#11475=CARTESIAN_POINT('',(0.,0.,0.));
#11476=CARTESIAN_POINT('',(157.,0.,0.));
#11477=CARTESIAN_POINT('',(70.,0.,92.5));
#11478=CARTESIAN_POINT('',(70.,0.,7.5));
#11479=CARTESIAN_POINT('',(70.,0.,1.25));
#11480=CARTESIAN_POINT('',(65.,0.,2.5));
#11481=CARTESIAN_POINT('Origin',(65.,0.,7.5));
#11482=CARTESIAN_POINT('',(20.,0.,2.5));
#11483=CARTESIAN_POINT('',(7.5,0.,2.49999999999999));
#11484=CARTESIAN_POINT('',(15.,0.,7.49999999999999));
#11485=CARTESIAN_POINT('Origin',(20.,0.,7.49999999999999));
#11486=CARTESIAN_POINT('',(15.,0.,92.5));
#11487=CARTESIAN_POINT('',(15.,0.,48.75));
#11488=CARTESIAN_POINT('',(20.,0.,97.5));
#11489=CARTESIAN_POINT('Origin',(20.,0.,92.5));
#11490=CARTESIAN_POINT('',(65.,0.,97.5));
#11491=CARTESIAN_POINT('',(35.,0.,97.5));
#11492=CARTESIAN_POINT('Origin',(65.,0.,92.5));
#11493=CARTESIAN_POINT('Origin',(89.5,62.,102.5));
#11494=CARTESIAN_POINT('',(92.,10.,105.));
#11495=CARTESIAN_POINT('',(87.,9.99999999999999,100.));
#11496=CARTESIAN_POINT('',(92.,76.,105.));
#11497=CARTESIAN_POINT('',(92.,62.,105.));
#11498=CARTESIAN_POINT('',(92.,76.,105.));
#11499=CARTESIAN_POINT('Origin',(130.5,78.5,102.5));
#11500=CARTESIAN_POINT('',(92.,81.,100.));
#11501=CARTESIAN_POINT('',(140.,76.,105.));
#11502=CARTESIAN_POINT('',(130.5,76.,105.));
#11503=CARTESIAN_POINT('',(140.,76.,105.));
#11504=CARTESIAN_POINT('Origin',(142.5,24.,102.5));
#11505=CARTESIAN_POINT('',(145.,76.,100.));
#11506=CARTESIAN_POINT('',(140.,10.,105.));
#11507=CARTESIAN_POINT('',(140.,24.,105.));
#11508=CARTESIAN_POINT('',(140.,10.,105.));
#11509=CARTESIAN_POINT('Origin',(101.5,7.5,102.5));
#11510=CARTESIAN_POINT('',(140.,5.,100.));
#11511=CARTESIAN_POINT('',(101.5,10.,105.));
#11512=CARTESIAN_POINT('',(92.,10.,105.));
#11513=CARTESIAN_POINT('Origin',(140.,10.,100.));
#11514=CARTESIAN_POINT('Origin',(140.,76.,100.));
#11515=CARTESIAN_POINT('Origin',(92.,76.,100.));
#11516=CARTESIAN_POINT('Origin',(92.,10.,100.));
#11517=CARTESIAN_POINT('Origin',(116.,43.,105.));
#11518=CARTESIAN_POINT('Origin',(157.,35.,70.));
#11519=CARTESIAN_POINT('',(169.5,35.,65.2));
#11520=CARTESIAN_POINT('Origin',(169.5,35.,70.));
#11521=CARTESIAN_POINT('',(157.,35.,65.2));
#11522=CARTESIAN_POINT('',(157.,35.,65.2));
#11523=CARTESIAN_POINT('Origin',(157.,35.,70.));
#11524=CARTESIAN_POINT('Origin',(169.5,35.,70.));
#11525=CARTESIAN_POINT('Origin',(157.,35.,88.));
#11526=CARTESIAN_POINT('',(169.5,35.,83.2));
#11527=CARTESIAN_POINT('Origin',(169.5,35.,88.));
#11528=CARTESIAN_POINT('',(157.,35.,83.2));
#11529=CARTESIAN_POINT('',(157.,35.,83.2));
#11530=CARTESIAN_POINT('Origin',(157.,35.,88.));
#11531=CARTESIAN_POINT('Origin',(169.5,35.,88.));
#11532=CARTESIAN_POINT('Origin',(157.,35.,52.));
#11533=CARTESIAN_POINT('',(169.5,35.,47.2));
#11534=CARTESIAN_POINT('Origin',(169.5,35.,52.));
#11535=CARTESIAN_POINT('',(157.,35.,47.2));
#11536=CARTESIAN_POINT('',(157.,35.,47.2));
#11537=CARTESIAN_POINT('Origin',(157.,35.,52.));
#11538=CARTESIAN_POINT('Origin',(169.5,35.,52.));
#11539=CARTESIAN_POINT('Origin',(-1.14810637420064E-14,37.5,50.));
#11540=CARTESIAN_POINT('',(-15.,37.5,82.5));
#11541=CARTESIAN_POINT('Origin',(-15.,37.5,50.));
#11542=CARTESIAN_POINT('',(-1.14810637420064E-14,37.5,82.5));
#11543=CARTESIAN_POINT('Origin',(-15.,37.5,50.));
#11544=CARTESIAN_POINT('Origin',(23.5,-3.74179786375629,50.));
#11545=CARTESIAN_POINT('',(19.312,-5.,50.));
#11546=CARTESIAN_POINT('Origin',(23.5,-5.,50.));
#11547=CARTESIAN_POINT('',(23.5,-2.48359572751258,50.));
#11548=CARTESIAN_POINT('',(21.406,-3.74179786375629,50.));
#11549=CARTESIAN_POINT('Origin',(23.5,-10.,50.));
#11550=CARTESIAN_POINT('',(19.312,-15.,50.));
#11551=CARTESIAN_POINT('Origin',(23.5,-15.,50.));
#11552=CARTESIAN_POINT('',(19.312,-10.,50.));
#11553=CARTESIAN_POINT('Origin',(48.,-3.74179786375629,50.));
#11554=CARTESIAN_POINT('',(43.812,-5.,50.));
#11555=CARTESIAN_POINT('Origin',(48.,-5.,50.));
#11556=CARTESIAN_POINT('',(48.,-2.48359572751258,50.));
#11557=CARTESIAN_POINT('',(45.906,-3.74179786375629,50.));
#11558=CARTESIAN_POINT('Origin',(48.,-10.,50.));
#11559=CARTESIAN_POINT('',(43.812,-15.,50.));
#11560=CARTESIAN_POINT('Origin',(48.,-15.,50.));
#11561=CARTESIAN_POINT('',(43.812,-10.,50.));
#11562=CARTESIAN_POINT('Origin',(20.,0.,7.49999999999999));
#11563=CARTESIAN_POINT('',(20.,-15.,2.5));
#11564=CARTESIAN_POINT('',(15.,-15.,7.49999999999999));
#11565=CARTESIAN_POINT('Origin',(20.,-15.,7.49999999999999));
#11566=CARTESIAN_POINT('',(15.,0.,7.49999999999999));
#11567=CARTESIAN_POINT('',(20.,0.,2.5));
#11568=CARTESIAN_POINT('Origin',(15.,0.,97.5));
#11569=CARTESIAN_POINT('',(15.,-15.,92.5));
#11570=CARTESIAN_POINT('',(15.,-15.,2.49999999999999));
#11571=CARTESIAN_POINT('',(15.,0.,92.5));
#11572=CARTESIAN_POINT('Origin',(42.5,-15.,50.));
#11573=CARTESIAN_POINT('',(65.,-15.,2.5));
#11574=CARTESIAN_POINT('',(70.,-15.,2.5));
#11575=CARTESIAN_POINT('',(70.,-15.,7.5));
#11576=CARTESIAN_POINT('Origin',(65.,-15.,7.5));
#11577=CARTESIAN_POINT('',(70.,-15.,92.5));
#11578=CARTESIAN_POINT('',(70.,-15.,97.5));
#11579=CARTESIAN_POINT('',(65.,-15.,97.5));
#11580=CARTESIAN_POINT('Origin',(65.,-15.,92.5));
#11581=CARTESIAN_POINT('',(20.,-15.,97.5));
#11582=CARTESIAN_POINT('',(15.,-15.,97.5));
#11583=CARTESIAN_POINT('Origin',(20.,-15.,92.5));
#11584=CARTESIAN_POINT('Origin',(65.,0.,7.5));
#11585=CARTESIAN_POINT('',(65.,0.,2.5));
#11586=CARTESIAN_POINT('',(70.,0.,7.5));
#11587=CARTESIAN_POINT('Origin',(70.,0.,2.5));
#11588=CARTESIAN_POINT('',(70.,0.,92.5));
#11589=CARTESIAN_POINT('Origin',(65.,0.,92.5));
#11590=CARTESIAN_POINT('',(65.,0.,97.5));
#11591=CARTESIAN_POINT('Origin',(20.,0.,92.5));
#11592=CARTESIAN_POINT('',(20.,0.,97.5));
#11593=CARTESIAN_POINT('Origin',(15.,0.,2.49999999999999));
#11594=CARTESIAN_POINT('Origin',(70.,0.,97.5));
#11595=CARTESIAN_POINT('Origin',(157.,0.,0.));
#11596=CARTESIAN_POINT('',(157.,0.,0.));
#11597=CARTESIAN_POINT('Origin',(78.5,50.,0.));
#11598=CARTESIAN_POINT('',(0.,0.,0.));
#11599=CARTESIAN_POINT('Origin',(38.0901699437495,135.,45.));
#11600=CARTESIAN_POINT('',(33.6180339887499,137.2360679775,56.6889538926818));
#11601=CARTESIAN_POINT('',(38.0901699437495,140.,60.2159339511575));
#11602=CARTESIAN_POINT('Origin',(38.0901699437495,135.,56.6889538926818));
#11603=CARTESIAN_POINT('',(38.0901699437495,140.,19.7693619734084));
#11604=CARTESIAN_POINT('',(38.0901699437495,140.,45.));
#11605=CARTESIAN_POINT('',(33.6180339887499,137.2360679775,23.5914660338175));
#11606=CARTESIAN_POINT('Origin',(38.0901699437495,135.,23.5914660338175));
#11607=CARTESIAN_POINT('',(33.6180339887499,137.2360679775,45.));
#11608=CARTESIAN_POINT('Origin',(45.,140.,0.));
#11609=CARTESIAN_POINT('',(39.9431223309931,140.,60.5255888325765));
#11610=CARTESIAN_POINT('Origin',(40.5901699437494,140.,55.3492079305261));
#11611=CARTESIAN_POINT('',(40.,140.,60.5255888325765));
#11612=CARTESIAN_POINT('',(60.,140.,60.5255888325765));
#11613=CARTESIAN_POINT('',(40.,140.,19.3979627938117));
#11614=CARTESIAN_POINT('',(40.,140.,0.));
#11615=CARTESIAN_POINT('Origin',(40.5901699437494,140.,24.4731009373599));
#11616=CARTESIAN_POINT('Origin',(41.2971945233479,141.414049159197,54.9703146002614));
#11617=CARTESIAN_POINT('',(0.0336065893385828,70.0672131786772,74.6867942925496));
#11618=CARTESIAN_POINT('',(36.8250585683483,143.650117136697,54.9703146002614));
#11619=CARTESIAN_POINT('',(5.,70.1137553380137,79.2515516517996));
#11620=CARTESIAN_POINT('Origin',(5.,68.8196601125011,74.4219225203543));
#11621=CARTESIAN_POINT('',(41.2971945233479,142.708144384709,59.7999437317068));
#11622=CARTESIAN_POINT('Origin',(70.,25.,0.));
#11623=CARTESIAN_POINT('',(72.1079035806413,29.5339543994315,89.5339543992491));
#11624=CARTESIAN_POINT('',(75.,25.,85.));
#11625=CARTESIAN_POINT('Origin',(70.,25.,85.));
#11626=CARTESIAN_POINT('',(75.,25.,5.));
#11627=CARTESIAN_POINT('',(75.,25.,0.));
#11628=CARTESIAN_POINT('',(72.3217303969385,29.4282691837855,0.571730816232712));
#11629=CARTESIAN_POINT('Origin',(70.,25.,5.));
#11630=CARTESIAN_POINT('',(70.0000000000176,30.,1.9210879282453));
#11631=CARTESIAN_POINT('Ctrl Pts',(72.3217303969264,29.4282691837769,0.571730816220496));
#11632=CARTESIAN_POINT('Ctrl Pts',(71.9518369648118,29.6222033800335,0.804160038783854));
#11633=CARTESIAN_POINT('Ctrl Pts',(71.5816690622027,29.7571412654405,1.0468354889063));
#11634=CARTESIAN_POINT('Ctrl Pts',(70.8703154662966,29.9375903785061,1.48828632260103));
#11635=CARTESIAN_POINT('Ctrl Pts',(70.5166846729304,29.9848861258989,1.69473698675651));
#11636=CARTESIAN_POINT('Ctrl Pts',(70.1182199000567,29.9989392426834,1.87283374565417));
#11637=CARTESIAN_POINT('Ctrl Pts',(70.0594402319248,29.9999999999998,1.89769451595813));
#11638=CARTESIAN_POINT('Ctrl Pts',(70.00000000002,30.,1.92108792825131));
#11639=CARTESIAN_POINT('',(70.0000000000026,30.,88.3727398241379));
#11640=CARTESIAN_POINT('',(70.,30.,0.));
#11641=CARTESIAN_POINT('Ctrl Pts',(70.000000000003,30.,88.3727398241371));
#11642=CARTESIAN_POINT('Ctrl Pts',(70.0749457177598,30.,88.4004126259224));
#11643=CARTESIAN_POINT('Ctrl Pts',(70.154344932303,29.9983290989558,88.4324731494222));
#11644=CARTESIAN_POINT('Ctrl Pts',(70.6766288009341,29.9733766535788,88.6618414603518));
#11645=CARTESIAN_POINT('Ctrl Pts',(71.1426057854837,29.8935200506122,88.9414228733621));
#11646=CARTESIAN_POINT('Ctrl Pts',(71.7802883168915,29.6754791196315,89.332378235076));
#11647=CARTESIAN_POINT('Ctrl Pts',(71.9441492243561,29.6100862620027,89.4337265601996));
#11648=CARTESIAN_POINT('Ctrl Pts',(72.1079035805051,29.5339543993399,89.5339543994021));
#11649=CARTESIAN_POINT('Origin',(70.,31.1627906976744,5.));
#11650=CARTESIAN_POINT('',(75.,5.00000000000001,5.));
#11651=CARTESIAN_POINT('',(75.,31.1627906976744,5.));
#11652=CARTESIAN_POINT('',(70.,5.00000000000001,0.));
#11653=CARTESIAN_POINT('Origin',(70.,5.00000000000001,5.));
#11654=CARTESIAN_POINT('',(69.9999999945891,28.1108573388,2.23108129000216E-16));
#11655=CARTESIAN_POINT('',(70.,31.1627906976744,0.));
#11656=CARTESIAN_POINT('Ctrl Pts',(69.999999994463,28.1108573396162,-5.55111512312578E-16));
#11657=CARTESIAN_POINT('Ctrl Pts',(70.0424056554523,28.1174065809768,-4.69605254546742E-11));
#11658=CARTESIAN_POINT('Ctrl Pts',(70.0846428729133,28.1249278515302,0.000539214161986623));
#11659=CARTESIAN_POINT('Ctrl Pts',(70.1829494285583,28.1447481164506,0.00303171625013347));
#11660=CARTESIAN_POINT('Ctrl Pts',(70.2387226399815,28.1577674244237,0.00539411862348017));
#11661=CARTESIAN_POINT('Ctrl Pts',(70.3639800418612,28.1909002729166,0.0127743359511749));
#11662=CARTESIAN_POINT('Ctrl Pts',(70.4329900679789,28.2119171595205,0.0183118614463116));
#11663=CARTESIAN_POINT('Ctrl Pts',(70.6387683700178,28.2824025024662,0.0390426770338318));
#11664=CARTESIAN_POINT('Ctrl Pts',(70.7722291478346,28.3387974246759,0.0582427963250175));
#11665=CARTESIAN_POINT('Ctrl Pts',(71.4093756379174,28.6512688777561,0.175049116446604));
#11666=CARTESIAN_POINT('Ctrl Pts',(71.8877829144666,29.0251641205792,0.344213242450083));
#11667=CARTESIAN_POINT('Ctrl Pts',(72.3217303969447,29.4282691837972,0.571730816232709));
#11668=CARTESIAN_POINT('Origin',(75.,1.33226762955019E-14,0.));
#11669=CARTESIAN_POINT('',(75.,5.00000000000001,85.));
#11670=CARTESIAN_POINT('',(75.,31.1627906976744,85.));
#11671=CARTESIAN_POINT('',(75.,5.00000000000001,0.));
#11672=CARTESIAN_POINT('Origin',(70.,31.1627906976744,85.));
#11673=CARTESIAN_POINT('',(69.99999999999,28.5704913600778,90.));
#11674=CARTESIAN_POINT('Ctrl Pts',(72.1080034952378,29.5333740099387,89.5329141755158));
#11675=CARTESIAN_POINT('Ctrl Pts',(72.016648499483,29.4639992454595,89.5753620221306));
#11676=CARTESIAN_POINT('Ctrl Pts',(71.9230924807438,29.3962851176614,89.6154455362269));
#11677=CARTESIAN_POINT('Ctrl Pts',(71.8274087280379,29.3309216942256,89.6529369958524));
#11678=CARTESIAN_POINT('Ctrl Pts',(71.731724975332,29.2655582707897,89.6904284554778));
#11679=CARTESIAN_POINT('Ctrl Pts',(71.6339133482381,29.2025465410673,89.7253289331174));
#11680=CARTESIAN_POINT('Ctrl Pts',(71.5340961707863,29.142579020539,89.7574367386562));
#11681=CARTESIAN_POINT('Ctrl Pts',(71.441103738881,29.0867116266532,89.7873492546822));
#11682=CARTESIAN_POINT('Ctrl Pts',(71.3458131481041,29.0331704279083,89.8150014902774));
#11683=CARTESIAN_POINT('Ctrl Pts',(71.2482708339613,28.9826951952708,89.8400855362239));
#11684=CARTESIAN_POINT('Ctrl Pts',(71.1535472801276,28.9336785868581,89.864444707907));
#11685=CARTESIAN_POINT('Ctrl Pts',(71.0567003378179,28.887554385541,89.8863834422239));
#11686=CARTESIAN_POINT('Ctrl Pts',(70.9578195433428,28.844993989826,89.9056207915059));
#11687=CARTESIAN_POINT('Ctrl Pts',(70.9305114389006,28.8332400012233,89.9109336082785));
#11688=CARTESIAN_POINT('Ctrl Pts',(70.9030484893935,28.8217577383121,89.9160403214211));
#11689=CARTESIAN_POINT('Ctrl Pts',(70.875433223258,28.8105610866617,89.9209347879799));
#11690=CARTESIAN_POINT('Ctrl Pts',(70.7822301813213,28.7727717715704,89.9374538817923));
#11691=CARTESIAN_POINT('Ctrl Pts',(70.6874123121714,28.7382905711432,89.9515335001752));
#11692=CARTESIAN_POINT('Ctrl Pts',(70.590941268017,28.707552244338,89.9629624940559));
#11693=CARTESIAN_POINT('Ctrl Pts',(70.5779063277096,28.7033989540054,89.964506752795));
#11694=CARTESIAN_POINT('Ctrl Pts',(70.5648412519528,28.699313964516,89.9660025648682));
#11695=CARTESIAN_POINT('Ctrl Pts',(70.5517459898397,28.6952983157921,89.9674493542561));
#11696=CARTESIAN_POINT('Ctrl Pts',(70.483568263311,28.6743916857324,89.9749817587537));
#11697=CARTESIAN_POINT('Ctrl Pts',(70.4147350355312,28.65541519572,89.9811684000819));
#11698=CARTESIAN_POINT('Ctrl Pts',(70.3452145859108,28.6384719343473,89.9859442008673));
#11699=CARTESIAN_POINT('Ctrl Pts',(70.2806358330473,28.6227330446412,89.9903805251477));
#11700=CARTESIAN_POINT('Ctrl Pts',(70.2156202445248,28.6087866023387,89.993588721793));
#11701=CARTESIAN_POINT('Ctrl Pts',(70.1501350164212,28.5966782222792,89.9955247829408));
#11702=CARTESIAN_POINT('Ctrl Pts',(70.1002760785102,28.587459181786,89.9969988551148));
#11703=CARTESIAN_POINT('Ctrl Pts',(70.0502679722809,28.5793282784717,89.9977316018517));
#11704=CARTESIAN_POINT('Ctrl Pts',(70.0000954026184,28.5722858070457,89.9977103384995));
#11705=CARTESIAN_POINT('',(70.,5.00000000000001,90.));
#11706=CARTESIAN_POINT('',(70.,31.1627906976744,90.));
#11707=CARTESIAN_POINT('Origin',(70.,5.00000000000001,85.));
#11708=CARTESIAN_POINT('Origin',(5.,29.3417375120631,85.));
#11709=CARTESIAN_POINT('',(0.,29.3417375120631,85.));
#11710=CARTESIAN_POINT('',(5.,30.6358327375757,89.8296291314453));
#11711=CARTESIAN_POINT('Origin',(5.,29.3417375120631,85.));
#11712=CARTESIAN_POINT('',(5.,29.3417375120631,90.));
#11713=CARTESIAN_POINT('Origin',(5.,29.3417375120631,85.));
#11714=CARTESIAN_POINT('Origin',(5.,29.3417375120631,85.));
#11715=CARTESIAN_POINT('Origin',(70.,5.00000000000001,85.));
#11716=CARTESIAN_POINT('',(70.,1.33226762955019E-14,85.));
#11717=CARTESIAN_POINT('Origin',(70.,5.00000000000001,85.));
#11718=CARTESIAN_POINT('Origin',(70.,5.00000000000001,85.));
#11719=CARTESIAN_POINT('Origin',(70.,5.00000000000001,5.));
#11720=CARTESIAN_POINT('',(70.,1.23398022311583E-14,5.));
#11721=CARTESIAN_POINT('Origin',(70.,5.00000000000001,5.));
#11722=CARTESIAN_POINT('Origin',(70.,5.00000000000001,5.));
#11723=CARTESIAN_POINT('Origin',(70.,5.00000000000001,0.));
#11724=CARTESIAN_POINT('',(70.,1.33226762955019E-14,0.));
#11725=CARTESIAN_POINT('Origin',(5.,5.,5.));
#11726=CARTESIAN_POINT('',(0.,5.,5.));
#11727=CARTESIAN_POINT('',(5.,1.11022302462516E-15,5.));
#11728=CARTESIAN_POINT('Origin',(5.,5.,5.));
#11729=CARTESIAN_POINT('',(5.,5.,0.));
#11730=CARTESIAN_POINT('Origin',(5.,5.,5.));
#11731=CARTESIAN_POINT('Origin',(5.,5.,5.));
#11732=CARTESIAN_POINT('Origin',(5.,82.4733061832778,14.3295927065169));
#11733=CARTESIAN_POINT('',(0.,29.5625566823704,5.));
#11734=CARTESIAN_POINT('',(0.,70.,12.1302122877673));
#11735=CARTESIAN_POINT('',(0.,82.4733061832778,14.3295927065169));
#11736=CARTESIAN_POINT('',(0.0150996447306095,70.0301992894612,11.7412581221661));
#11737=CARTESIAN_POINT('Origin',(5.,80.,13.893482094852));
#11738=CARTESIAN_POINT('',(5.,69.6879010008357,6.99804775413382));
#11739=CARTESIAN_POINT('Origin',(5.,68.8196601125011,11.9220865191949));
#11740=CARTESIAN_POINT('',(5.,30.,0.));
#11741=CARTESIAN_POINT('',(5.,83.3415470716125,9.40555394145588));
#11742=CARTESIAN_POINT('Origin',(5.,29.5625566823704,5.));
#11743=CARTESIAN_POINT('Origin',(23.3487593811822,105.517178874865,18.3928492020548));
#11744=CARTESIAN_POINT('',(40.0736881162287,139.999456976665,19.3964235286111));
#11745=CARTESIAN_POINT('Ctrl Pts',(40.,140.,19.3979627938117));
#11746=CARTESIAN_POINT('Ctrl Pts',(40.0244806791953,140.,19.3973360700226));
#11747=CARTESIAN_POINT('Ctrl Pts',(40.049050705035,139.999820112987,19.3968211888747));
#11748=CARTESIAN_POINT('Ctrl Pts',(40.0736881162287,139.999456976665,19.3964235286111));
#11749=CARTESIAN_POINT('',(40.,139.687901000836,19.3409364037264));
#11750=CARTESIAN_POINT('Origin',(40.,138.819660112501,24.2649751687874));
#11751=CARTESIAN_POINT('',(23.3487593811822,106.3854197632,13.4688104369938));
#11752=CARTESIAN_POINT('',(18.8766234261826,107.753246852365,18.3928492020548));
#11753=CARTESIAN_POINT('Origin',(5.,101.162790697674,5.));
#11754=CARTESIAN_POINT('',(5.,101.162790697674,0.));
#11755=CARTESIAN_POINT('',(0.,101.162790697674,5.));
#11756=CARTESIAN_POINT('Origin',(14.9127906976744,5.,5.));
#11757=CARTESIAN_POINT('',(14.9127906976744,5.,0.));
#11758=CARTESIAN_POINT('',(14.9127906976744,2.22044604925031E-15,5.));
#11759=CARTESIAN_POINT('Origin',(5.,5.,0.));
#11760=CARTESIAN_POINT('',(5.,8.90341930486631E-16,28.1180569838659));
#11761=CARTESIAN_POINT('',(-9.25185853854297E-16,5.,22.1964914980172));
#11762=CARTESIAN_POINT('Ctrl Pts',(5.00000000000001,-5.55111512312578E-16,
28.1180569838659));
#11763=CARTESIAN_POINT('Ctrl Pts',(4.43478862363596,-9.72815286260971E-16,
27.2475709402025));
#11764=CARTESIAN_POINT('Ctrl Pts',(3.76999932088714,0.0992979605747473,
26.3293857939345));
#11765=CARTESIAN_POINT('Ctrl Pts',(2.42383608975439,0.653372094041701,24.6660730805493));
#11766=CARTESIAN_POINT('Ctrl Pts',(1.74368300411194,1.10830488750611,23.9200099848096));
#11767=CARTESIAN_POINT('Ctrl Pts',(0.859220683772015,2.15269331419832,23.0138399696376));
#11768=CARTESIAN_POINT('Ctrl Pts',(0.547420617804889,2.64725614435005,22.7110630750543));
#11769=CARTESIAN_POINT('Ctrl Pts',(0.116838169615996,3.7689001074076,22.3027054521907));
#11770=CARTESIAN_POINT('Ctrl Pts',(-1.01696865957535E-16,4.39649606473779,
22.1964914980172));
#11771=CARTESIAN_POINT('Ctrl Pts',(-3.46944695195361E-17,5.,22.1964914980172));
#11772=CARTESIAN_POINT('',(0.,5.,0.));
#11773=CARTESIAN_POINT('',(5.,1.11022302462516E-15,0.));
#11774=CARTESIAN_POINT('Origin',(14.9127906976744,5.,85.));
#11775=CARTESIAN_POINT('',(0.,0.,85.));
#11776=CARTESIAN_POINT('',(14.9127906976744,2.22044604925031E-15,85.));
#11777=CARTESIAN_POINT('',(5.,5.,90.));
#11778=CARTESIAN_POINT('',(14.9127906976744,5.,90.));
#11779=CARTESIAN_POINT('Origin',(5.,5.,85.));
#11780=CARTESIAN_POINT('Origin',(5.,101.162790697674,85.));
#11781=CARTESIAN_POINT('',(5.,101.162790697674,90.));
#11782=CARTESIAN_POINT('',(0.,101.162790697674,85.));
#11783=CARTESIAN_POINT('Origin',(52.4127906976744,29.3417375120631,85.));
#11784=CARTESIAN_POINT('',(55.8472043362479,29.3417375120319,90.));
#11785=CARTESIAN_POINT('',(50.9203625409069,30.6358327375757,89.8296291314453));
#11786=CARTESIAN_POINT('Ctrl Pts',(55.8472043362415,29.3417375120021,90.));
#11787=CARTESIAN_POINT('Ctrl Pts',(54.1887870003948,29.6983562963113,90.0000000000043));
#11788=CARTESIAN_POINT('Ctrl Pts',(52.555975707354,30.1353374074881,89.9627404585112));
#11789=CARTESIAN_POINT('Ctrl Pts',(50.9400761991306,30.6297934334895,89.8312443207156));
#11790=CARTESIAN_POINT('Ctrl Pts',(50.9302188985473,30.6328120590466,89.8304385198178));
#11791=CARTESIAN_POINT('Ctrl Pts',(50.9203625409074,30.6358327375753,89.8296291314455));
#11792=CARTESIAN_POINT('',(52.4127906976744,30.6358327375757,89.8296291314453));
#11793=CARTESIAN_POINT('',(52.4127906976744,29.3417375120631,90.));
#11794=CARTESIAN_POINT('Origin',(5.,146.271603378559,53.6687368699928));
#11795=CARTESIAN_POINT('',(0.,70.,74.1056514007047));
#11796=CARTESIAN_POINT('',(0.,146.271603378559,53.6687368699928));
#11797=CARTESIAN_POINT('',(5.,147.565698604072,58.4983660014382));
#11798=CARTESIAN_POINT('Origin',(5.,80.,71.4261594763935));
#11799=CARTESIAN_POINT('Origin',(0.,140.,0.));
#11800=CARTESIAN_POINT('',(3.70074341541721E-16,70.,22.1964914980173));
#11801=CARTESIAN_POINT('',(0.,1.94289029309402E-15,22.1964914980172));
#11802=CARTESIAN_POINT('',(0.,70.,45.));
#11803=CARTESIAN_POINT('Origin',(-21.,-3.85763741731416E-15,45.));
#11804=CARTESIAN_POINT('',(5.20753234494996E-33,0.,67.8035085019828));
#11805=CARTESIAN_POINT('Origin',(-21.,-3.88578058618805E-15,45.));
#11806=CARTESIAN_POINT('',(3.70074341541721E-16,70.,67.8035085019827));
#11807=CARTESIAN_POINT('',(0.,1.94289029309402E-15,67.8035085019828));
#11808=CARTESIAN_POINT('Origin',(-21.,28.,45.));
#11809=CARTESIAN_POINT('Origin',(0.,0.,0.));
#11810=CARTESIAN_POINT('',(0.,0.,0.));
#11811=CARTESIAN_POINT('Origin',(0.,140.,0.));
#11812=CARTESIAN_POINT('',(0.,70.,45.));
#11813=CARTESIAN_POINT('Origin',(35.,140.,90.));
#11814=CARTESIAN_POINT('Origin',(75.,140.,60.5255888325765));
#11815=CARTESIAN_POINT('',(40.,51.2940952255126,84.2942643807725));
#11816=CARTESIAN_POINT('Origin',(65.,51.2940952255126,84.2942643807725));
#11817=CARTESIAN_POINT('',(40.,96.25,72.2483660014382));
#11818=CARTESIAN_POINT('Ctrl Pts',(71.2883129200015,31.0142916745215,85.8236417662581));
#11819=CARTESIAN_POINT('Ctrl Pts',(67.8697329969908,29.8820136510002,86.2028829937707));
#11820=CARTESIAN_POINT('Ctrl Pts',(62.2813941853547,29.6130641599262,86.2929639924432));
#11821=CARTESIAN_POINT('Ctrl Pts',(53.7577205596371,32.7717778648848,85.2349955094873));
#11822=CARTESIAN_POINT('Ctrl Pts',(46.9933996074672,39.1974312733623,83.0828097074325));
#11823=CARTESIAN_POINT('Ctrl Pts',(45.,46.3987860085021,80.6708132253191));
#11824=CARTESIAN_POINT('Ctrl Pts',(45.,50.,79.4646352493271));
#11825=CARTESIAN_POINT('Ctrl Pts',(71.3385025796101,31.0309151409499,86.4512098369862));
#11826=CARTESIAN_POINT('Ctrl Pts',(67.895324925254,29.8804395884131,86.8256742830522));
#11827=CARTESIAN_POINT('Ctrl Pts',(62.2563218490119,29.606957942925,86.9146266151737));
#11828=CARTESIAN_POINT('Ctrl Pts',(53.671502914859,32.817047307838,85.8699006203456));
#11829=CARTESIAN_POINT('Ctrl Pts',(46.8971805453006,39.3344158142729,83.7460525694903));
#11830=CARTESIAN_POINT('Ctrl Pts',(44.9650454869261,46.5867723979786,81.3718444416175));
#11831=CARTESIAN_POINT('Ctrl Pts',(45.,50.1935961930246,80.1871460778468));
#11832=CARTESIAN_POINT('Ctrl Pts',(71.5147293868268,30.8347652794542,87.7048619321626));
#11833=CARTESIAN_POINT('Ctrl Pts',(67.9792113051939,29.639548769183,88.0698252068719));
#11834=CARTESIAN_POINT('Ctrl Pts',(62.1757591636668,29.3551300221095,88.1564845752307));
#11835=CARTESIAN_POINT('Ctrl Pts',(53.3611081456189,32.6906665073639,87.13802624489));
#11836=CARTESIAN_POINT('Ctrl Pts',(46.455739800061,39.4473775947677,85.0704411509741));
#11837=CARTESIAN_POINT('Ctrl Pts',(44.5736675761812,46.9000500073397,82.7710450591931));
#11838=CARTESIAN_POINT('Ctrl Pts',(44.6576098575341,50.5799446960218,81.6290183204603));
#11839=CARTESIAN_POINT('Ctrl Pts',(72.0442574763744,29.7419346827984,89.5929940299369));
#11840=CARTESIAN_POINT('Ctrl Pts',(68.2209110801133,28.4491530239225,89.9505828032286));
#11841=CARTESIAN_POINT('Ctrl Pts',(61.9467738279946,28.14159350371,90.0355999778407));
#11842=CARTESIAN_POINT('Ctrl Pts',(52.4145647734048,31.749244298317,89.0377593382496));
#11843=CARTESIAN_POINT('Ctrl Pts',(44.9411060297257,39.0603633371812,87.0137759220524));
#11844=CARTESIAN_POINT('Ctrl Pts',(42.8971345898637,47.134687503724,84.7710729015103));
#11845=CARTESIAN_POINT('Ctrl Pts',(42.984916749984,51.1242012905783,83.6602115836997));
#11846=CARTESIAN_POINT('Ctrl Pts',(72.5539744226558,28.4251225599709,90.4219871382338));
#11847=CARTESIAN_POINT('Ctrl Pts',(68.449785771578,27.0546628663348,90.7890603583653));
#11848=CARTESIAN_POINT('Ctrl Pts',(61.7311216032083,26.7289282000842,90.876010745074));
#11849=CARTESIAN_POINT('Ctrl Pts',(51.4980650960231,30.5524950932783,89.8514297483681));
#11850=CARTESIAN_POINT('Ctrl Pts',(43.4116402358057,38.3202854613278,87.7703331026869));
#11851=CARTESIAN_POINT('Ctrl Pts',(41.0884751488331,46.9811556427175,85.4491947204893));
#11852=CARTESIAN_POINT('Ctrl Pts',(41.121997376282,51.2940952255126,84.2942643807725));
#11853=CARTESIAN_POINT('Ctrl Pts',(72.8603911500018,27.5619598186645,90.6532708977035));
#11854=CARTESIAN_POINT('Ctrl Pts',(68.5871662462385,26.1466122892629,91.032512125216));
#11855=CARTESIAN_POINT('Ctrl Pts',(61.6017427316933,25.8104254254204,91.1225931238886));
#11856=CARTESIAN_POINT('Ctrl Pts',(50.9471506995464,29.7588175566186,90.0646246409327));
#11857=CARTESIAN_POINT('Ctrl Pts',(42.491749509334,37.7908843172155,87.9124388388778));
#11858=CARTESIAN_POINT('Ctrl Pts',(40.,46.7925777361402,85.5004423567644));
#11859=CARTESIAN_POINT('Ctrl Pts',(40.,51.2940952255126,84.2942643807725));
#11860=CARTESIAN_POINT('',(65.,30.,86.1633650601052));
#11861=CARTESIAN_POINT('Ctrl Pts',(70.000000000003,30.,88.372739824137));
#11862=CARTESIAN_POINT('Ctrl Pts',(68.4132364718807,30.,87.7868465415312));
#11863=CARTESIAN_POINT('Ctrl Pts',(66.9049917009621,30.,87.1008727002634));
#11864=CARTESIAN_POINT('Ctrl Pts',(65.4758691962488,30.,86.3993376833238));
#11865=CARTESIAN_POINT('Ctrl Pts',(65.4408920087015,30.,86.3821331510329));
#11866=CARTESIAN_POINT('Ctrl Pts',(65.2770708334535,30.,86.3013942731708));
#11867=CARTESIAN_POINT('Ctrl Pts',(65.1484008209858,30.,86.2375192303185));
#11868=CARTESIAN_POINT('Ctrl Pts',(65.0132611563898,30.,86.1699945339725));
#11869=CARTESIAN_POINT('Ctrl Pts',(65.0066303559697,30.,86.1666802380901));
#11870=CARTESIAN_POINT('Ctrl Pts',(65.,30.,86.1633650601052));
#11871=CARTESIAN_POINT('',(45.,50.,79.4646352493271));
#11872=CARTESIAN_POINT('Origin',(65.,50.,79.4646352493271));
#11873=CARTESIAN_POINT('Origin',(40.,50.,79.4646352493271));
#11874=CARTESIAN_POINT('Ctrl Pts',(55.8472043362415,29.3417375120021,90.));
#11875=CARTESIAN_POINT('Ctrl Pts',(56.8368597514012,29.1289263555949,90.));
#11876=CARTESIAN_POINT('Ctrl Pts',(57.9410349836168,28.8972257714465,90.));
#11877=CARTESIAN_POINT('Ctrl Pts',(60.2643820200826,28.5188914963196,90.));
#11878=CARTESIAN_POINT('Ctrl Pts',(61.3540343600439,28.3843565784427,89.9999999999429));
#11879=CARTESIAN_POINT('Ctrl Pts',(62.9543600625726,28.2649184711282,89.9999999999429));
#11880=CARTESIAN_POINT('Ctrl Pts',(63.4417774901979,28.2388223505272,90.));
#11881=CARTESIAN_POINT('Ctrl Pts',(64.2687604361206,28.2125396628379,90.));
#11882=CARTESIAN_POINT('Ctrl Pts',(64.6069252650565,28.2068748315193,90.));
#11883=CARTESIAN_POINT('Ctrl Pts',(65.2775707551484,28.2057844433829,90.));
#11884=CARTESIAN_POINT('Ctrl Pts',(65.6094993060386,28.2101720662484,90.));
#11885=CARTESIAN_POINT('Ctrl Pts',(66.400452039405,28.2323109155627,90.));
#11886=CARTESIAN_POINT('Ctrl Pts',(66.8583195399765,28.2544897581688,90.));
#11887=CARTESIAN_POINT('Ctrl Pts',(68.215678738238,28.3472827279491,90.));
#11888=CARTESIAN_POINT('Ctrl Pts',(69.1042146593489,28.4431134221531,90.));
#11889=CARTESIAN_POINT('Ctrl Pts',(69.9987933142492,28.5703197314114,90.));
#11890=CARTESIAN_POINT('Ctrl Pts',(69.9993966701219,28.5704055406462,90.));
#11891=CARTESIAN_POINT('Ctrl Pts',(69.9999999999898,28.5704913600792,90.));
#11892=CARTESIAN_POINT('Origin',(40.,94.9559047744874,67.4187368699928));
#11893=CARTESIAN_POINT('',(45.,135.,56.6889538926817));
#11894=CARTESIAN_POINT('',(45.,94.9559047744874,67.4187368699928));
#11895=CARTESIAN_POINT('Origin',(40.,135.,56.6889538926817));
#11896=CARTESIAN_POINT('Origin',(40.,135.,0.));
#11897=CARTESIAN_POINT('',(45.,135.,23.5914660338175));
#11898=CARTESIAN_POINT('',(45.,135.,0.));
#11899=CARTESIAN_POINT('Origin',(40.,135.,23.5914660338175));
#11900=CARTESIAN_POINT('Ctrl Pts',(73.1428887035124,27.2315456125096,-0.488153203375282));
#11901=CARTESIAN_POINT('Ctrl Pts',(68.8599988139684,25.7560814965245,-0.748317336090624));
#11902=CARTESIAN_POINT('Ctrl Pts',(59.4733241857852,25.190889254601,-0.847975977628835));
#11903=CARTESIAN_POINT('Ctrl Pts',(49.0827575461253,30.6592675112822,0.116246649743584));
#11904=CARTESIAN_POINT('Ctrl Pts',(41.9006407269831,39.5586984586258,1.68545643871214));
#11905=CARTESIAN_POINT('Ctrl Pts',(40.,46.3383247562724,2.88088747410788));
#11906=CARTESIAN_POINT('Ctrl Pts',(40.,50.8682408883347,3.67963390853699));
#11907=CARTESIAN_POINT('Ctrl Pts',(72.9218348437918,27.8538591917655,-0.378422528891206));
#11908=CARTESIAN_POINT('Ctrl Pts',(68.7565075968647,26.4137236015646,-0.632343064495365));
#11909=CARTESIAN_POINT('Ctrl Pts',(59.620591322956,25.8617448793092,-0.729661716483547));
#11910=CARTESIAN_POINT('Ctrl Pts',(49.5183377056678,31.2001514330143,0.211674386267516));
#11911=CARTESIAN_POINT('Ctrl Pts',(42.5569678610797,39.874182058358,1.74107008002733));
#11912=CARTESIAN_POINT('Ctrl Pts',(40.7329845458779,46.4698306364247,2.904128748319));
#11913=CARTESIAN_POINT('Ctrl Pts',(40.7479982508547,50.8682408883347,3.67963390853699));
#11914=CARTESIAN_POINT('Ctrl Pts',(72.4803612623908,29.0492272045522,0.109961971668617));
#11915=CARTESIAN_POINT('Ctrl Pts',(68.5498928591433,27.6804226312989,-0.135540613732741));
#11916=CARTESIAN_POINT('Ctrl Pts',(59.9146994569263,27.1551358271113,-0.229727636565351));
#11917=CARTESIAN_POINT('Ctrl Pts',(50.388140264533,32.2312610850756,0.680690502362584));
#11918=CARTESIAN_POINT('Ctrl Pts',(43.8674078526259,40.4504558949263,2.15574929482476));
#11919=CARTESIAN_POINT('Ctrl Pts',(42.1959808941076,46.6754224895836,3.2738417409675));
#11920=CARTESIAN_POINT('Ctrl Pts',(42.2408209843377,50.8087938337956,4.01677490817398));
#11921=CARTESIAN_POINT('Ctrl Pts',(71.829128876385,30.6474979996619,1.76647546358926));
#11922=CARTESIAN_POINT('Ctrl Pts',(68.242908410435,29.3910642595397,1.52131109690062));
#11923=CARTESIAN_POINT('Ctrl Pts',(60.3525743740296,28.9083149930995,1.42722948338655));
#11924=CARTESIAN_POINT('Ctrl Pts',(51.6666057651925,33.5691020633326,2.33638693959961));
#11925=CARTESIAN_POINT('Ctrl Pts',(45.7588429943025,41.0911052049318,3.80862298009487));
#11926=CARTESIAN_POINT('Ctrl Pts',(44.2771508046226,46.7652595595919,4.92365362183789));
#11927=CARTESIAN_POINT('Ctrl Pts',(44.3437747348208,50.5183376731177,5.66403365162309));
#11928=CARTESIAN_POINT('Ctrl Pts',(71.5687494864884,31.1093979594114,3.4333441288517));
#11929=CARTESIAN_POINT('Ctrl Pts',(68.1175586949412,29.9092931974926,3.17888695791228));
#11930=CARTESIAN_POINT('Ctrl Pts',(60.5346100751561,29.4488057003196,3.0813590657909));
#11931=CARTESIAN_POINT('Ctrl Pts',(52.1681107374547,33.899933543558,4.02482546772064));
#11932=CARTESIAN_POINT('Ctrl Pts',(46.438160979974,41.1069358221618,5.5571433968352));
#11933=CARTESIAN_POINT('Ctrl Pts',(44.9641792000772,46.5680399918923,6.72226347088935));
#11934=CARTESIAN_POINT('Ctrl Pts',(45.,50.1948327997385,7.49872095857609));
#11935=CARTESIAN_POINT('Ctrl Pts',(71.5143109628099,31.09064377934,4.43588556168576));
#11936=CARTESIAN_POINT('Ctrl Pts',(68.0879990511747,29.9102724865519,4.17572142897042));
#11937=CARTESIAN_POINT('Ctrl Pts',(60.5786593486281,29.4581186930131,4.0760627874322));
#11938=CARTESIAN_POINT('Ctrl Pts',(52.2662060369002,33.8328212983581,5.04028541480462));
#11939=CARTESIAN_POINT('Ctrl Pts',(46.5205125815865,40.9523660562329,6.60949520377318));
#11940=CARTESIAN_POINT('Ctrl Pts',(45.,46.3760670943502,7.80492623916892));
#11941=CARTESIAN_POINT('Ctrl Pts',(45.,50.,8.60367267359802));
#11942=CARTESIAN_POINT('',(51.2335000008558,30.,6.62273035395999E-16));
#11943=CARTESIAN_POINT('Ctrl Pts',(69.999999994463,28.1108573396162,-1.66533453693773E-15));
#11944=CARTESIAN_POINT('Ctrl Pts',(69.8675013298984,28.0903938985437,-1.66533453693773E-15));
#11945=CARTESIAN_POINT('Ctrl Pts',(69.7337823979712,28.0705097633652,5.55111512312578E-16));
#11946=CARTESIAN_POINT('Ctrl Pts',(68.7678849900786,27.9327244533344,5.55111512312578E-16));
#11947=CARTESIAN_POINT('Ctrl Pts',(67.9371320800373,27.8449018235633,1.37671469295975E-13));
#11948=CARTESIAN_POINT('Ctrl Pts',(66.5888677959227,27.7556725405293,1.3766532518227E-13));
#11949=CARTESIAN_POINT('Ctrl Pts',(66.0775038605027,27.7340948618604,-5.55111512312578E-16));
#11950=CARTESIAN_POINT('Ctrl Pts',(65.117078915966,27.7169312608487,-5.55111512312578E-16));
#11951=CARTESIAN_POINT('Ctrl Pts',(64.6692073990117,27.7184472908976,1.11022302462516E-15));
#11952=CARTESIAN_POINT('Ctrl Pts',(63.6823905736033,27.7427430459317,1.11022302462516E-15));
#11953=CARTESIAN_POINT('Ctrl Pts',(63.144818987224,27.7697256294179,4.6868064984551E-12));
#11954=CARTESIAN_POINT('Ctrl Pts',(61.6673126620692,27.8810017983304,4.6868064984551E-12));
#11955=CARTESIAN_POINT('Ctrl Pts',(60.7367492971844,27.992343818106,1.11022302462516E-15));
#11956=CARTESIAN_POINT('Ctrl Pts',(57.9293086534543,28.4418436312483,1.11022302462516E-15));
#11957=CARTESIAN_POINT('Ctrl Pts',(56.3584777872969,28.8399294254642,3.14216454174096E-13));
#11958=CARTESIAN_POINT('Ctrl Pts',(53.3238412651991,29.6419239006908,3.14167168398781E-13));
#11959=CARTESIAN_POINT('Ctrl Pts',(52.0518587306008,30.,5.4488891369767E-16));
#11960=CARTESIAN_POINT('Ctrl Pts',(51.2335000008558,30.,5.55111512312578E-16));
#11961=CARTESIAN_POINT('',(40.,50.8682408883347,3.67963390853698));
#11962=CARTESIAN_POINT('Origin',(65.,50.8682408883347,3.67963390853698));
#11963=CARTESIAN_POINT('',(45.,50.,8.60367267359802));
#11964=CARTESIAN_POINT('Origin',(40.,50.,8.60367267359802));
#11965=CARTESIAN_POINT('',(65.,30.,4.1954981558864));
#11966=CARTESIAN_POINT('Origin',(65.,50.,8.60367267359802));
#11967=CARTESIAN_POINT('Ctrl Pts',(65.,30.,4.1954981558864));
#11968=CARTESIAN_POINT('Ctrl Pts',(65.0066256064193,30.,4.19218535267675));
#11969=CARTESIAN_POINT('Ctrl Pts',(65.0132515071853,30.,4.18887312796849));
#11970=CARTESIAN_POINT('Ctrl Pts',(66.6030165588423,30.,3.39434028340379));
#11971=CARTESIAN_POINT('Ctrl Pts',(68.2726623805592,30.,2.60090225275708));
#11972=CARTESIAN_POINT('Ctrl Pts',(70.0000000000201,30.,1.92108792825131));
#11973=CARTESIAN_POINT('Origin',(40.,29.1317591116653,4.92403876506104));
#11974=CARTESIAN_POINT('',(45.,29.1317591116653,4.92403876506104));
#11975=CARTESIAN_POINT('',(40.,30.,-1.11022302462516E-15));
#11976=CARTESIAN_POINT('Origin',(29.8255813953488,62.3255813953488,90.));
#11977=CARTESIAN_POINT('Origin',(75.,30.,0.));
#11978=CARTESIAN_POINT('',(65.,30.,0.));
#11979=CARTESIAN_POINT('Origin',(75.,30.,-2.22044604925031E-15));
#11980=CARTESIAN_POINT('',(52.4127906976744,30.,0.));
#11981=CARTESIAN_POINT('Origin',(65.,50.,0.));
#11982=CARTESIAN_POINT('',(45.,50.,0.));
#11983=CARTESIAN_POINT('Origin',(45.,30.,0.));
#11984=CARTESIAN_POINT('Origin',(29.8255813953488,62.3255813953488,0.));
#11985=CARTESIAN_POINT('',(0.,0.,0.));
#11986=CARTESIAN_POINT('Origin',(0.,47.5,0.));
#11987=CARTESIAN_POINT('',(0.,-47.5,-5.81707229594993E-15));
#11988=CARTESIAN_POINT('Origin',(0.,0.,0.));
#11989=CARTESIAN_POINT('Origin',(10.5,0.,0.));
#11990=CARTESIAN_POINT('',(21.,-47.5,-5.81707229594993E-15));
#11991=CARTESIAN_POINT('Origin',(21.,0.,0.));
#11992=CARTESIAN_POINT('',(10.5,-47.5,-5.81707229594993E-15));
#11993=CARTESIAN_POINT('Origin',(24.75,0.,0.));
#11994=CARTESIAN_POINT('',(28.5,-40.,-4.89858719658941E-15));
#11995=CARTESIAN_POINT('Origin',(28.5,0.,0.));
#11996=CARTESIAN_POINT('',(24.75,-43.75,-5.35782974626967E-15));
#11997=CARTESIAN_POINT('Origin',(32.25,0.,0.));
#11998=CARTESIAN_POINT('',(36.,-40.,-4.89858719658941E-15));
#11999=CARTESIAN_POINT('Origin',(36.,0.,0.));
#12000=CARTESIAN_POINT('',(32.25,-40.,-4.89858719658941E-15));
#12001=CARTESIAN_POINT('Origin',(45.,0.,0.));
#12002=CARTESIAN_POINT('',(54.,-42.,-5.14351655641888E-15));
#12003=CARTESIAN_POINT('Origin',(54.,0.,0.));
#12004=CARTESIAN_POINT('',(45.,-41.,-5.02105187650415E-15));
#12005=CARTESIAN_POINT('Origin',(77.,0.,0.));
#12006=CARTESIAN_POINT('',(100.,-42.,-5.14351655641888E-15));
#12007=CARTESIAN_POINT('Origin',(100.,0.,0.));
#12008=CARTESIAN_POINT('',(77.,-42.,-5.14351655641888E-15));
#12009=CARTESIAN_POINT('Origin',(105.,0.,0.));
#12010=CARTESIAN_POINT('',(110.,-36.,-4.40872847693047E-15));
#12011=CARTESIAN_POINT('Origin',(110.,0.,0.));
#12012=CARTESIAN_POINT('',(105.,-39.,-4.77612251667468E-15));
#12013=CARTESIAN_POINT('Origin',(115.5,0.,0.));
#12014=CARTESIAN_POINT('',(121.,-35.,-4.28626379701574E-15));
#12015=CARTESIAN_POINT('Origin',(121.,0.,0.));
#12016=CARTESIAN_POINT('',(115.5,-35.5,-4.3474961369731E-15));
#12017=CARTESIAN_POINT('Origin',(121.,34.,0.));
#12018=CARTESIAN_POINT('',(121.,-34.,-4.163799117101E-15));
#12019=CARTESIAN_POINT('Origin',(121.,0.,0.));
#12020=CARTESIAN_POINT('Origin',(126.,0.,0.));
#12021=CARTESIAN_POINT('',(131.,-34.,-4.163799117101E-15));
#12022=CARTESIAN_POINT('Origin',(131.,0.,0.));
#12023=CARTESIAN_POINT('',(126.,-34.,-4.163799117101E-15));
#12024=CARTESIAN_POINT('Origin',(131.,31.,0.));
#12025=CARTESIAN_POINT('',(131.,-31.,-3.7964050773568E-15));
#12026=CARTESIAN_POINT('Origin',(131.,0.,0.));
#12027=CARTESIAN_POINT('Origin',(142.,0.,0.));
#12028=CARTESIAN_POINT('',(153.,-31.,-3.7964050773568E-15));
#12029=CARTESIAN_POINT('Origin',(153.,0.,0.));
#12030=CARTESIAN_POINT('',(142.,-31.,-3.7964050773568E-15));
#12031=CARTESIAN_POINT('Origin',(153.,34.,0.));
#12032=CARTESIAN_POINT('',(153.,-34.,-4.163799117101E-15));
#12033=CARTESIAN_POINT('Origin',(153.,0.,0.));
#12034=CARTESIAN_POINT('Origin',(167.,0.,0.));
#12035=CARTESIAN_POINT('',(181.,-34.,-4.163799117101E-15));
#12036=CARTESIAN_POINT('Origin',(181.,0.,0.));
#12037=CARTESIAN_POINT('',(167.,-34.,-4.163799117101E-15));
#12038=CARTESIAN_POINT('Origin',(181.,31.,0.));
#12039=CARTESIAN_POINT('',(181.,-31.,-3.7964050773568E-15));
#12040=CARTESIAN_POINT('Origin',(181.,0.,0.));
#12041=CARTESIAN_POINT('Origin',(186.5,0.,0.));
#12042=CARTESIAN_POINT('',(192.,-29.5,-3.61270805748469E-15));
#12043=CARTESIAN_POINT('Origin',(192.,0.,0.));
#12044=CARTESIAN_POINT('',(186.5,-30.25,-3.70455656742074E-15));
#12045=CARTESIAN_POINT('Origin',(192.,24.,0.));
#12046=CARTESIAN_POINT('',(192.,-24.,-2.93915231795365E-15));
#12047=CARTESIAN_POINT('Origin',(192.,0.,0.));
#12048=CARTESIAN_POINT('Origin',(209.,0.,0.));
#12049=CARTESIAN_POINT('',(226.,-24.,-2.93915231795365E-15));
#12050=CARTESIAN_POINT('Origin',(226.,0.,0.));
#12051=CARTESIAN_POINT('',(209.,-24.,-2.93915231795365E-15));
#12052=CARTESIAN_POINT('Origin',(226.,28.5,0.));
#12053=CARTESIAN_POINT('',(226.,-28.5,-3.49024337756996E-15));
#12054=CARTESIAN_POINT('Origin',(226.,0.,0.));
#12055=CARTESIAN_POINT('Origin',(230.5,0.,0.));
#12056=CARTESIAN_POINT('',(235.,-28.5,-3.49024337756996E-15));
#12057=CARTESIAN_POINT('Origin',(235.,0.,0.));
#12058=CARTESIAN_POINT('',(230.5,-28.5,-3.49024337756996E-15));
#12059=CARTESIAN_POINT('Origin',(235.,25.,0.));
#12060=CARTESIAN_POINT('',(235.,-25.,-3.06161699786838E-15));
#12061=CARTESIAN_POINT('Origin',(235.,0.,0.));
#12062=CARTESIAN_POINT('Origin',(237.5,0.,0.));
#12063=CARTESIAN_POINT('',(240.,-25.,-3.06161699786838E-15));
#12064=CARTESIAN_POINT('Origin',(240.,0.,0.));
#12065=CARTESIAN_POINT('',(237.5,-25.,-3.06161699786838E-15));
#12066=CARTESIAN_POINT('Origin',(240.,0.,0.));
#12067=CARTESIAN_POINT('',(0.,0.,0.));
#12068=CARTESIAN_POINT('',(-57.0000000000001,-7.50000000000007,29.));
#12069=CARTESIAN_POINT('',(-255.000000000001,37.5000000000001,50.0000000000001));
#12070=CARTESIAN_POINT('',(0.,0.,0.));
#12071=CARTESIAN_POINT('',(0.,0.,-100.));
#12072=CARTESIAN_POINT('',(3.04833977117196E-58,-2.24207754291971E-43,-1790.5));
#12073=CARTESIAN_POINT('',(-8.57252759403138E-14,1.1655251124957E-28,-2490.49999999999));
#12074=CARTESIAN_POINT('',(3660.00000000006,30.4000000000129,-3030.40000000001));
#12075=CARTESIAN_POINT('',(-540.000000000057,30.4000000000072,-3030.40000000002));
#12076=CARTESIAN_POINT('',(-4639.99999999987,30.4000000000052,-3030.40000000002));
#12077=CARTESIAN_POINT('',(-8739.99999999995,30.4000000000053,-3030.40000000002));
#12078=CARTESIAN_POINT('',(-14580.0000000003,30.3999999999931,-2620.79999999999));
#12079=CARTESIAN_POINT('',(-14580.0000000003,30.399999999995,-2805.80000000001));
#12080=CARTESIAN_POINT('',(-8.57252759403137E-14,1.1655251124958E-28,-2490.49999999999));
#12081=CARTESIAN_POINT('',(-14629.926127871,19.5541825645365,-2205.79999999993));
#12082=CARTESIAN_POINT('Origin',(0.,0.,0.));
#12083=UNCERTAINTY_MEASURE_WITH_UNIT(LENGTH_MEASURE(0.01),#12131,
'DISTANCE_ACCURACY_VALUE',
'Maximum model space distance between geometric entities at asserted c
onnectivities');
#12084=UNCERTAINTY_MEASURE_WITH_UNIT(LENGTH_MEASURE(0.01),#12131,
'DISTANCE_ACCURACY_VALUE',
'Maximum model space distance between geometric entities at asserted c
onnectivities');
#12085=UNCERTAINTY_MEASURE_WITH_UNIT(LENGTH_MEASURE(0.01),#12131,
'DISTANCE_ACCURACY_VALUE',
'Maximum model space distance between geometric entities at asserted c
onnectivities');
#12086=UNCERTAINTY_MEASURE_WITH_UNIT(LENGTH_MEASURE(0.01),#12131,
'DISTANCE_ACCURACY_VALUE',
'Maximum model space distance between geometric entities at asserted c
onnectivities');
#12087=UNCERTAINTY_MEASURE_WITH_UNIT(LENGTH_MEASURE(0.01),#12131,
'DISTANCE_ACCURACY_VALUE',
'Maximum model space distance between geometric entities at asserted c
onnectivities');
#12088=UNCERTAINTY_MEASURE_WITH_UNIT(LENGTH_MEASURE(0.01),#12131,
'DISTANCE_ACCURACY_VALUE',
'Maximum model space distance between geometric entities at asserted c
onnectivities');
#12089=UNCERTAINTY_MEASURE_WITH_UNIT(LENGTH_MEASURE(0.01),#12131,
'DISTANCE_ACCURACY_VALUE',
'Maximum model space distance between geometric entities at asserted c
onnectivities');
#12090=UNCERTAINTY_MEASURE_WITH_UNIT(LENGTH_MEASURE(0.01),#12131,
'DISTANCE_ACCURACY_VALUE',
'Maximum model space distance between geometric entities at asserted c
onnectivities');
#12091=UNCERTAINTY_MEASURE_WITH_UNIT(LENGTH_MEASURE(0.01),#12131,
'DISTANCE_ACCURACY_VALUE',
'Maximum model space distance between geometric entities at asserted c
onnectivities');
#12092=UNCERTAINTY_MEASURE_WITH_UNIT(LENGTH_MEASURE(0.01),#12131,
'DISTANCE_ACCURACY_VALUE',
'Maximum model space distance between geometric entities at asserted c
onnectivities');
#12093=UNCERTAINTY_MEASURE_WITH_UNIT(LENGTH_MEASURE(0.01),#12131,
'DISTANCE_ACCURACY_VALUE',
'Maximum model space distance between geometric entities at asserted c
onnectivities');
#12094=UNCERTAINTY_MEASURE_WITH_UNIT(LENGTH_MEASURE(0.01),#12131,
'DISTANCE_ACCURACY_VALUE',
'Maximum model space distance between geometric entities at asserted c
onnectivities');
#12095=UNCERTAINTY_MEASURE_WITH_UNIT(LENGTH_MEASURE(0.01),#12131,
'DISTANCE_ACCURACY_VALUE',
'Maximum model space distance between geometric entities at asserted c
onnectivities');
#12096=UNCERTAINTY_MEASURE_WITH_UNIT(LENGTH_MEASURE(0.01),#12131,
'DISTANCE_ACCURACY_VALUE',
'Maximum model space distance between geometric entities at asserted c
onnectivities');
#12097=UNCERTAINTY_MEASURE_WITH_UNIT(LENGTH_MEASURE(0.01),#12131,
'DISTANCE_ACCURACY_VALUE',
'Maximum model space distance between geometric entities at asserted c
onnectivities');
#12098=UNCERTAINTY_MEASURE_WITH_UNIT(LENGTH_MEASURE(0.01),#12131,
'DISTANCE_ACCURACY_VALUE',
'Maximum model space distance between geometric entities at asserted c
onnectivities');
#12099=UNCERTAINTY_MEASURE_WITH_UNIT(LENGTH_MEASURE(0.01),#12131,
'DISTANCE_ACCURACY_VALUE',
'Maximum model space distance between geometric entities at asserted c
onnectivities');
#12100=UNCERTAINTY_MEASURE_WITH_UNIT(LENGTH_MEASURE(0.01),#12131,
'DISTANCE_ACCURACY_VALUE',
'Maximum model space distance between geometric entities at asserted c
onnectivities');
#12101=UNCERTAINTY_MEASURE_WITH_UNIT(LENGTH_MEASURE(0.01),#12131,
'DISTANCE_ACCURACY_VALUE',
'Maximum model space distance between geometric entities at asserted c
onnectivities');
#12102=UNCERTAINTY_MEASURE_WITH_UNIT(LENGTH_MEASURE(0.01),#12131,
'DISTANCE_ACCURACY_VALUE',
'Maximum model space distance between geometric entities at asserted c
onnectivities');
#12103=UNCERTAINTY_MEASURE_WITH_UNIT(LENGTH_MEASURE(0.01),#12131,
'DISTANCE_ACCURACY_VALUE',
'Maximum model space distance between geometric entities at asserted c
onnectivities');
#12104=UNCERTAINTY_MEASURE_WITH_UNIT(LENGTH_MEASURE(0.01),#12131,
'DISTANCE_ACCURACY_VALUE',
'Maximum model space distance between geometric entities at asserted c
onnectivities');
#12105=UNCERTAINTY_MEASURE_WITH_UNIT(LENGTH_MEASURE(0.01),#12131,
'DISTANCE_ACCURACY_VALUE',
'Maximum model space distance between geometric entities at asserted c
onnectivities');
#12106=UNCERTAINTY_MEASURE_WITH_UNIT(LENGTH_MEASURE(0.01),#12131,
'DISTANCE_ACCURACY_VALUE',
'Maximum model space distance between geometric entities at asserted c
onnectivities');
#12107=(
GEOMETRIC_REPRESENTATION_CONTEXT(3)
GLOBAL_UNCERTAINTY_ASSIGNED_CONTEXT((#12083))
GLOBAL_UNIT_ASSIGNED_CONTEXT((#12131,#12133,#12134))
REPRESENTATION_CONTEXT('','3D')
);
#12108=(
GEOMETRIC_REPRESENTATION_CONTEXT(3)
GLOBAL_UNCERTAINTY_ASSIGNED_CONTEXT((#12084))
GLOBAL_UNIT_ASSIGNED_CONTEXT((#12131,#12133,#12134))
REPRESENTATION_CONTEXT('','3D')
);
#12109=(
GEOMETRIC_REPRESENTATION_CONTEXT(3)
GLOBAL_UNCERTAINTY_ASSIGNED_CONTEXT((#12085))
GLOBAL_UNIT_ASSIGNED_CONTEXT((#12131,#12133,#12134))
REPRESENTATION_CONTEXT('','3D')
);
#12110=(
GEOMETRIC_REPRESENTATION_CONTEXT(3)
GLOBAL_UNCERTAINTY_ASSIGNED_CONTEXT((#12086))
GLOBAL_UNIT_ASSIGNED_CONTEXT((#12131,#12133,#12134))
REPRESENTATION_CONTEXT('','3D')
);
#12111=(
GEOMETRIC_REPRESENTATION_CONTEXT(3)
GLOBAL_UNCERTAINTY_ASSIGNED_CONTEXT((#12087))
GLOBAL_UNIT_ASSIGNED_CONTEXT((#12131,#12133,#12134))
REPRESENTATION_CONTEXT('','3D')
);
#12112=(
GEOMETRIC_REPRESENTATION_CONTEXT(3)
GLOBAL_UNCERTAINTY_ASSIGNED_CONTEXT((#12088))
GLOBAL_UNIT_ASSIGNED_CONTEXT((#12131,#12133,#12134))
REPRESENTATION_CONTEXT('','3D')
);
#12113=(
GEOMETRIC_REPRESENTATION_CONTEXT(3)
GLOBAL_UNCERTAINTY_ASSIGNED_CONTEXT((#12089))
GLOBAL_UNIT_ASSIGNED_CONTEXT((#12131,#12133,#12134))
REPRESENTATION_CONTEXT('','3D')
);
#12114=(
GEOMETRIC_REPRESENTATION_CONTEXT(3)
GLOBAL_UNCERTAINTY_ASSIGNED_CONTEXT((#12090))
GLOBAL_UNIT_ASSIGNED_CONTEXT((#12131,#12133,#12134))
REPRESENTATION_CONTEXT('','3D')
);
#12115=(
GEOMETRIC_REPRESENTATION_CONTEXT(3)
GLOBAL_UNCERTAINTY_ASSIGNED_CONTEXT((#12091))
GLOBAL_UNIT_ASSIGNED_CONTEXT((#12131,#12133,#12134))
REPRESENTATION_CONTEXT('','3D')
);
#12116=(
GEOMETRIC_REPRESENTATION_CONTEXT(3)
GLOBAL_UNCERTAINTY_ASSIGNED_CONTEXT((#12092))
GLOBAL_UNIT_ASSIGNED_CONTEXT((#12131,#12133,#12134))
REPRESENTATION_CONTEXT('','3D')
);
#12117=(
GEOMETRIC_REPRESENTATION_CONTEXT(3)
GLOBAL_UNCERTAINTY_ASSIGNED_CONTEXT((#12093))
GLOBAL_UNIT_ASSIGNED_CONTEXT((#12131,#12133,#12134))
REPRESENTATION_CONTEXT('','3D')
);
#12118=(
GEOMETRIC_REPRESENTATION_CONTEXT(3)
GLOBAL_UNCERTAINTY_ASSIGNED_CONTEXT((#12094))
GLOBAL_UNIT_ASSIGNED_CONTEXT((#12131,#12133,#12134))
REPRESENTATION_CONTEXT('','3D')
);
#12119=(
GEOMETRIC_REPRESENTATION_CONTEXT(3)
GLOBAL_UNCERTAINTY_ASSIGNED_CONTEXT((#12095))
GLOBAL_UNIT_ASSIGNED_CONTEXT((#12131,#12133,#12134))
REPRESENTATION_CONTEXT('','3D')
);
#12120=(
GEOMETRIC_REPRESENTATION_CONTEXT(3)
GLOBAL_UNCERTAINTY_ASSIGNED_CONTEXT((#12096))
GLOBAL_UNIT_ASSIGNED_CONTEXT((#12131,#12133,#12134))
REPRESENTATION_CONTEXT('','3D')
);
#12121=(
GEOMETRIC_REPRESENTATION_CONTEXT(3)
GLOBAL_UNCERTAINTY_ASSIGNED_CONTEXT((#12097))
GLOBAL_UNIT_ASSIGNED_CONTEXT((#12131,#12133,#12134))
REPRESENTATION_CONTEXT('','3D')
);
#12122=(
GEOMETRIC_REPRESENTATION_CONTEXT(3)
GLOBAL_UNCERTAINTY_ASSIGNED_CONTEXT((#12098))
GLOBAL_UNIT_ASSIGNED_CONTEXT((#12131,#12133,#12134))
REPRESENTATION_CONTEXT('','3D')
);
#12123=(
GEOMETRIC_REPRESENTATION_CONTEXT(3)
GLOBAL_UNCERTAINTY_ASSIGNED_CONTEXT((#12099))
GLOBAL_UNIT_ASSIGNED_CONTEXT((#12131,#12133,#12134))
REPRESENTATION_CONTEXT('','3D')
);
#12124=(
GEOMETRIC_REPRESENTATION_CONTEXT(3)
GLOBAL_UNCERTAINTY_ASSIGNED_CONTEXT((#12100))
GLOBAL_UNIT_ASSIGNED_CONTEXT((#12131,#12133,#12134))
REPRESENTATION_CONTEXT('','3D')
);
#12125=(
GEOMETRIC_REPRESENTATION_CONTEXT(3)
GLOBAL_UNCERTAINTY_ASSIGNED_CONTEXT((#12101))
GLOBAL_UNIT_ASSIGNED_CONTEXT((#12131,#12133,#12134))
REPRESENTATION_CONTEXT('','3D')
);
#12126=(
GEOMETRIC_REPRESENTATION_CONTEXT(3)
GLOBAL_UNCERTAINTY_ASSIGNED_CONTEXT((#12102))
GLOBAL_UNIT_ASSIGNED_CONTEXT((#12131,#12133,#12134))
REPRESENTATION_CONTEXT('','3D')
);
#12127=(
GEOMETRIC_REPRESENTATION_CONTEXT(3)
GLOBAL_UNCERTAINTY_ASSIGNED_CONTEXT((#12103))
GLOBAL_UNIT_ASSIGNED_CONTEXT((#12131,#12133,#12134))
REPRESENTATION_CONTEXT('','3D')
);
#12128=(
GEOMETRIC_REPRESENTATION_CONTEXT(3)
GLOBAL_UNCERTAINTY_ASSIGNED_CONTEXT((#12104))
GLOBAL_UNIT_ASSIGNED_CONTEXT((#12131,#12133,#12134))
REPRESENTATION_CONTEXT('','3D')
);
#12129=(
GEOMETRIC_REPRESENTATION_CONTEXT(3)
GLOBAL_UNCERTAINTY_ASSIGNED_CONTEXT((#12105))
GLOBAL_UNIT_ASSIGNED_CONTEXT((#12131,#12133,#12134))
REPRESENTATION_CONTEXT('','3D')
);
#12130=(
GEOMETRIC_REPRESENTATION_CONTEXT(3)
GLOBAL_UNCERTAINTY_ASSIGNED_CONTEXT((#12106))
GLOBAL_UNIT_ASSIGNED_CONTEXT((#12131,#12133,#12134))
REPRESENTATION_CONTEXT('','3D')
);
#12131=(
LENGTH_UNIT()
NAMED_UNIT(*)
SI_UNIT(.MILLI.,.METRE.)
);
#12132=(
LENGTH_UNIT()
NAMED_UNIT(*)
SI_UNIT(.CENTI.,.METRE.)
);
#12133=(
NAMED_UNIT(*)
PLANE_ANGLE_UNIT()
SI_UNIT($,.RADIAN.)
);
#12134=(
NAMED_UNIT(*)
SI_UNIT($,.STERADIAN.)
SOLID_ANGLE_UNIT()
);
#12135=SHAPE_DEFINITION_REPRESENTATION(#12158,#12210);
#12136=SHAPE_DEFINITION_REPRESENTATION(#12159,#12211);
#12137=SHAPE_DEFINITION_REPRESENTATION(#12160,#12212);
#12138=SHAPE_DEFINITION_REPRESENTATION(#12161,#12213);
#12139=SHAPE_DEFINITION_REPRESENTATION(#12162,#12214);
#12140=SHAPE_DEFINITION_REPRESENTATION(#12169,#12215);
#12141=SHAPE_DEFINITION_REPRESENTATION(#12170,#12216);
#12142=SHAPE_DEFINITION_REPRESENTATION(#12171,#12217);
#12143=SHAPE_DEFINITION_REPRESENTATION(#12172,#12218);
#12144=SHAPE_DEFINITION_REPRESENTATION(#12173,#12219);
#12145=SHAPE_DEFINITION_REPRESENTATION(#12174,#12220);
#12146=SHAPE_DEFINITION_REPRESENTATION(#12175,#12221);
#12147=SHAPE_DEFINITION_REPRESENTATION(#12176,#12222);
#12148=SHAPE_DEFINITION_REPRESENTATION(#12177,#12223);
#12149=SHAPE_DEFINITION_REPRESENTATION(#12178,#12224);
#12150=SHAPE_DEFINITION_REPRESENTATION(#12179,#12225);
#12151=SHAPE_DEFINITION_REPRESENTATION(#12180,#12226);
#12152=SHAPE_DEFINITION_REPRESENTATION(#12189,#12227);
#12153=SHAPE_DEFINITION_REPRESENTATION(#12190,#12228);
#12154=SHAPE_DEFINITION_REPRESENTATION(#12191,#12229);
#12155=SHAPE_DEFINITION_REPRESENTATION(#12192,#12230);
#12156=SHAPE_DEFINITION_REPRESENTATION(#12193,#12231);
#12157=SHAPE_DEFINITION_REPRESENTATION(#12194,#12232);
#12158=PRODUCT_DEFINITION_SHAPE('',$,#12234);
#12159=PRODUCT_DEFINITION_SHAPE('',$,#12235);
#12160=PRODUCT_DEFINITION_SHAPE('',$,#12236);
#12161=PRODUCT_DEFINITION_SHAPE('',$,#12237);
#12162=PRODUCT_DEFINITION_SHAPE('',$,#12238);
#12163=PRODUCT_DEFINITION_SHAPE($,$,#205);
#12164=PRODUCT_DEFINITION_SHAPE($,$,#206);
#12165=PRODUCT_DEFINITION_SHAPE($,$,#207);
#12166=PRODUCT_DEFINITION_SHAPE($,$,#208);
#12167=PRODUCT_DEFINITION_SHAPE($,$,#209);
#12168=PRODUCT_DEFINITION_SHAPE($,$,#210);
#12169=PRODUCT_DEFINITION_SHAPE('',$,#12239);
#12170=PRODUCT_DEFINITION_SHAPE('',$,#12240);
#12171=PRODUCT_DEFINITION_SHAPE('',$,#12241);
#12172=PRODUCT_DEFINITION_SHAPE('',$,#12242);
#12173=PRODUCT_DEFINITION_SHAPE('',$,#12243);
#12174=PRODUCT_DEFINITION_SHAPE('',$,#12244);
#12175=PRODUCT_DEFINITION_SHAPE('',$,#12245);
#12176=PRODUCT_DEFINITION_SHAPE('',$,#12246);
#12177=PRODUCT_DEFINITION_SHAPE('',$,#12247);
#12178=PRODUCT_DEFINITION_SHAPE('',$,#12248);
#12179=PRODUCT_DEFINITION_SHAPE('',$,#12249);
#12180=PRODUCT_DEFINITION_SHAPE('',$,#12250);
#12181=PRODUCT_DEFINITION_SHAPE($,$,#211);
#12182=PRODUCT_DEFINITION_SHAPE($,$,#212);
#12183=PRODUCT_DEFINITION_SHAPE($,$,#213);
#12184=PRODUCT_DEFINITION_SHAPE($,$,#214);
#12185=PRODUCT_DEFINITION_SHAPE($,$,#215);
#12186=PRODUCT_DEFINITION_SHAPE($,$,#216);
#12187=PRODUCT_DEFINITION_SHAPE($,$,#217);
#12188=PRODUCT_DEFINITION_SHAPE($,$,#218);
#12189=PRODUCT_DEFINITION_SHAPE('',$,#12251);
#12190=PRODUCT_DEFINITION_SHAPE('',$,#12252);
#12191=PRODUCT_DEFINITION_SHAPE('',$,#12253);
#12192=PRODUCT_DEFINITION_SHAPE('',$,#12254);
#12193=PRODUCT_DEFINITION_SHAPE('',$,#12255);
#12194=PRODUCT_DEFINITION_SHAPE('',$,#12256);
#12195=PRODUCT_DEFINITION_SHAPE($,$,#219);
#12196=PRODUCT_DEFINITION_SHAPE($,$,#220);
#12197=PRODUCT_DEFINITION_SHAPE($,$,#221);
#12198=PRODUCT_DEFINITION_SHAPE($,$,#222);
#12199=PRODUCT_DEFINITION_SHAPE($,$,#223);
#12200=PRODUCT_DEFINITION_SHAPE($,$,#224);
#12201=PRODUCT_DEFINITION_SHAPE($,$,#225);
#12202=PRODUCT_DEFINITION_SHAPE($,$,#226);
#12203=PRODUCT_DEFINITION_SHAPE($,$,#227);
#12204=PRODUCT_DEFINITION_SHAPE($,$,#228);
#12205=PRODUCT_DEFINITION_SHAPE($,$,#229);
#12206=PRODUCT_DEFINITION_SHAPE($,$,#230);
#12207=PRODUCT_DEFINITION_SHAPE($,$,#231);
#12208=PRODUCT_DEFINITION_SHAPE($,$,#232);
#12209=PRODUCT_DEFINITION_SHAPE($,$,#233);
#12210=SHAPE_REPRESENTATION('',(#7315,#7920,#7921,#7922,#7923,#7924,#7925,
#7926,#7927,#7928,#7929,#7930,#7931),#12107);
#12211=SHAPE_REPRESENTATION('',(#7316,#7369,#7370,#7371,#7372,#7373,#7374),
#12108);
#12212=SHAPE_REPRESENTATION('',(#7317),#12109);
#12213=SHAPE_REPRESENTATION('',(#7354),#12110);
#12214=SHAPE_REPRESENTATION('',(#7360),#12111);
#12215=SHAPE_REPRESENTATION('',(#7375),#12112);
#12216=SHAPE_REPRESENTATION('',(#7442),#12113);
#12217=SHAPE_REPRESENTATION('',(#7470),#12114);
#12218=SHAPE_REPRESENTATION('',(#7484),#12115);
#12219=SHAPE_REPRESENTATION('',(#7515),#12116);
#12220=SHAPE_REPRESENTATION('',(#7542),#12117);
#12221=SHAPE_REPRESENTATION('',(#7569),#12118);
#12222=SHAPE_REPRESENTATION('',(#7596,#7648,#7649,#7650,#7651,#7652,#7653,
#7654,#7655),#12119);
#12223=SHAPE_REPRESENTATION('',(#7597),#12120);
#12224=SHAPE_REPRESENTATION('',(#7618),#12121);
#12225=SHAPE_REPRESENTATION('',(#7633),#12122);
#12226=SHAPE_REPRESENTATION('',(#7639),#12123);
#12227=SHAPE_REPRESENTATION('',(#7656),#12124);
#12228=SHAPE_REPRESENTATION('',(#7693),#12125);
#12229=SHAPE_REPRESENTATION('',(#7721,#7917,#7918,#7919),#12126);
#12230=SHAPE_REPRESENTATION('',(#7722),#12127);
#12231=SHAPE_REPRESENTATION('',(#7799),#12128);
#12232=SHAPE_REPRESENTATION('',(#7871),#12129);
#12233=PRODUCT_DEFINITION_CONTEXT('part definition',#12304,'design');
#12234=PRODUCT_DEFINITION('ST50Plus Motion builder_grey',
'ST50Plus Motion builder_grey',#12257,#12233);
#12235=PRODUCT_DEFINITION('Base+wheels','Base+wheels',#12258,#12233);
#12236=PRODUCT_DEFINITION('Base','Base',#12259,#12233);
#12237=PRODUCT_DEFINITION('Wheel','Wheel',#12260,#12233);
#12238=PRODUCT_DEFINITION('Base electronic','Base electronic',#12261,#12233);
#12239=PRODUCT_DEFINITION('Column 1','Column 1',#12262,#12233);
#12240=PRODUCT_DEFINITION('Column 2','Column 2',#12263,#12233);
#12241=PRODUCT_DEFINITION('Column 3','Column 3',#12264,#12233);
#12242=PRODUCT_DEFINITION('1st beam','1st beam',#12265,#12233);
#12243=PRODUCT_DEFINITION('2nd beam','2nd beam',#12266,#12233);
#12244=PRODUCT_DEFINITION('3rd beam','3rd beam',#12267,#12233);
#12245=PRODUCT_DEFINITION('4th beam','4th beam',#12268,#12233);
#12246=PRODUCT_DEFINITION('Head','Head',#12269,#12233);
#12247=PRODUCT_DEFINITION('Head PAN','Head PAN',#12270,#12233);
#12248=PRODUCT_DEFINITION('Head ROLL','Head ROLL',#12271,#12233);
#12249=PRODUCT_DEFINITION('Head tube','Head tube',#12272,#12233);
#12250=PRODUCT_DEFINITION('Head TILT','Head TILT',#12273,#12233);
#12251=PRODUCT_DEFINITION('Autohorizon','Autohorizon',#12274,#12233);
#12252=PRODUCT_DEFINITION('Fork','Fork',#12275,#12233);
#12253=PRODUCT_DEFINITION('Kamera','Kamera',#12276,#12233);
#12254=PRODUCT_DEFINITION('Hitachi DK_Z50','Hitachi DK_Z50',#12277,#12233);
#12255=PRODUCT_DEFINITION('Canon ovl\X\E1d\X\E1n\X\ED lens',
'Canon ovl\X\E1d\X\E1n\X\ED lens',#12278,#12233);
#12256=PRODUCT_DEFINITION('Objektiv HJ14ex4.3',
'Objektiv CANON HJ14ex4.3',#12279,#12233);
#12257=PRODUCT_DEFINITION_FORMATION('',$,#12306);
#12258=PRODUCT_DEFINITION_FORMATION('',$,#12307);
#12259=PRODUCT_DEFINITION_FORMATION('',$,#12308);
#12260=PRODUCT_DEFINITION_FORMATION('',$,#12309);
#12261=PRODUCT_DEFINITION_FORMATION('',$,#12310);
#12262=PRODUCT_DEFINITION_FORMATION('',$,#12311);
#12263=PRODUCT_DEFINITION_FORMATION('',$,#12312);
#12264=PRODUCT_DEFINITION_FORMATION('',$,#12313);
#12265=PRODUCT_DEFINITION_FORMATION('',$,#12314);
#12266=PRODUCT_DEFINITION_FORMATION('',$,#12315);
#12267=PRODUCT_DEFINITION_FORMATION('',$,#12316);
#12268=PRODUCT_DEFINITION_FORMATION('',$,#12317);
#12269=PRODUCT_DEFINITION_FORMATION('',$,#12318);
#12270=PRODUCT_DEFINITION_FORMATION('',$,#12319);
#12271=PRODUCT_DEFINITION_FORMATION('',$,#12320);
#12272=PRODUCT_DEFINITION_FORMATION('',$,#12321);
#12273=PRODUCT_DEFINITION_FORMATION('',$,#12322);
#12274=PRODUCT_DEFINITION_FORMATION('',$,#12323);
#12275=PRODUCT_DEFINITION_FORMATION('',$,#12324);
#12276=PRODUCT_DEFINITION_FORMATION('',$,#12325);
#12277=PRODUCT_DEFINITION_FORMATION('',$,#12326);
#12278=PRODUCT_DEFINITION_FORMATION('',$,#12327);
#12279=PRODUCT_DEFINITION_FORMATION('',$,#12328);
#12280=PRODUCT_RELATED_PRODUCT_CATEGORY('ST50Plus Motion builder_grey',
'ST50Plus Motion builder_grey',(#12306));
#12281=PRODUCT_RELATED_PRODUCT_CATEGORY('Base+wheels','Base+wheels',(#12307));
#12282=PRODUCT_RELATED_PRODUCT_CATEGORY('Base','Base',(#12308));
#12283=PRODUCT_RELATED_PRODUCT_CATEGORY('Wheel','Wheel',(#12309));
#12284=PRODUCT_RELATED_PRODUCT_CATEGORY('Base electronic',
'Base electronic',(#12310));
#12285=PRODUCT_RELATED_PRODUCT_CATEGORY('Column 1','Column 1',(#12311));
#12286=PRODUCT_RELATED_PRODUCT_CATEGORY('Column 2','Column 2',(#12312));
#12287=PRODUCT_RELATED_PRODUCT_CATEGORY('Column 3','Column 3',(#12313));
#12288=PRODUCT_RELATED_PRODUCT_CATEGORY('1st beam','1st beam',(#12314));
#12289=PRODUCT_RELATED_PRODUCT_CATEGORY('2nd beam','2nd beam',(#12315));
#12290=PRODUCT_RELATED_PRODUCT_CATEGORY('3rd beam','3rd beam',(#12316));
#12291=PRODUCT_RELATED_PRODUCT_CATEGORY('4th beam','4th beam',(#12317));
#12292=PRODUCT_RELATED_PRODUCT_CATEGORY('Head','Head',(#12318));
#12293=PRODUCT_RELATED_PRODUCT_CATEGORY('Head PAN','Head PAN',(#12319));
#12294=PRODUCT_RELATED_PRODUCT_CATEGORY('Head ROLL','Head ROLL',(#12320));
#12295=PRODUCT_RELATED_PRODUCT_CATEGORY('Head tube','Head tube',(#12321));
#12296=PRODUCT_RELATED_PRODUCT_CATEGORY('Head TILT','Head TILT',(#12322));
#12297=PRODUCT_RELATED_PRODUCT_CATEGORY('Autohorizon','Autohorizon',(#12323));
#12298=PRODUCT_RELATED_PRODUCT_CATEGORY('Fork','Fork',(#12324));
#12299=PRODUCT_RELATED_PRODUCT_CATEGORY('Kamera','Kamera',(#12325));
#12300=PRODUCT_RELATED_PRODUCT_CATEGORY('Hitachi DK_Z50',
'Hitachi DK_Z50',(#12326));
#12301=PRODUCT_RELATED_PRODUCT_CATEGORY('Canon ovl\X\E1d\X\E1n\X\ED le
ns','Canon ovl\X\E1d\X\E1n\X\ED lens',(#12327));
#12302=PRODUCT_RELATED_PRODUCT_CATEGORY('Objektiv CANON HJ14ex4.3',
'Objektiv CANON HJ14ex4.3',(#12328));
#12303=APPLICATION_PROTOCOL_DEFINITION('international standard',
'automotive_design',2009,#12304);
#12304=APPLICATION_CONTEXT(
'Core Data for Automotive Mechanical Design Process');
#12305=PRODUCT_CONTEXT('part definition',#12304,'mechanical');
#12306=PRODUCT('ST50Plus Motion builder_grey',
'ST50Plus Motion builder_grey','03/09-50-00',(#12305));
#12307=PRODUCT('Base+wheels','Base+wheels','03/09-50-00',(#12305));
#12308=PRODUCT('Base','Base',$,(#12305));
#12309=PRODUCT('Wheel','Wheel',$,(#12305));
#12310=PRODUCT('Base electronic','Base electronic',$,(#12305));
#12311=PRODUCT('Column 1','Column 1',$,(#12305));
#12312=PRODUCT('Column 2','Column 2',$,(#12305));
#12313=PRODUCT('Column 3','Column 3',$,(#12305));
#12314=PRODUCT('1st beam','1st beam',$,(#12305));
#12315=PRODUCT('2nd beam','2nd beam',$,(#12305));
#12316=PRODUCT('3rd beam','3rd beam',$,(#12305));
#12317=PRODUCT('4th beam','4th beam',$,(#12305));
#12318=PRODUCT('Head','Head','03/09-50-00',(#12305));
#12319=PRODUCT('Head PAN','Head PAN',$,(#12305));
#12320=PRODUCT('Head ROLL','Head ROLL',$,(#12305));
#12321=PRODUCT('Head tube','Head tube',$,(#12305));
#12322=PRODUCT('Head TILT','Head TILT',$,(#12305));
#12323=PRODUCT('Autohorizon','Autohorizon',$,(#12305));
#12324=PRODUCT('Fork','Fork',$,(#12305));
#12325=PRODUCT('Kamera','Kamera','03/09-50-00',(#12305));
#12326=PRODUCT('Hitachi DK_Z50','Hitachi DK_Z50',$,(#12305));
#12327=PRODUCT('Canon ovl\X\E1d\X\E1n\X\ED lens',
'Canon ovl\X\E1d\X\E1n\X\ED lens',$,(#12305));
#12328=PRODUCT('Objektiv HJ14ex4.3','Objektiv CANON HJ14ex4.3',$,(#12305));
#12329=PRESENTATION_STYLE_ASSIGNMENT((#12340));
#12330=PRESENTATION_STYLE_ASSIGNMENT((#12341));
#12331=PRESENTATION_STYLE_ASSIGNMENT((#12342));
#12332=PRESENTATION_STYLE_ASSIGNMENT((#12343));
#12333=PRESENTATION_STYLE_ASSIGNMENT((#12344));
#12334=PRESENTATION_STYLE_ASSIGNMENT((#12345));
#12335=PRESENTATION_STYLE_ASSIGNMENT((#12346));
#12336=PRESENTATION_STYLE_ASSIGNMENT((#12347));
#12337=PRESENTATION_STYLE_ASSIGNMENT((#12348));
#12338=PRESENTATION_STYLE_ASSIGNMENT((#12349));
#12339=PRESENTATION_STYLE_ASSIGNMENT((NULL_STYLE(.NULL.)));
#12340=SURFACE_STYLE_USAGE(.BOTH.,#12370);
#12341=SURFACE_STYLE_USAGE(.BOTH.,#12371);
#12342=SURFACE_STYLE_USAGE(.BOTH.,#12372);
#12343=SURFACE_STYLE_USAGE(.BOTH.,#12373);
#12344=SURFACE_STYLE_USAGE(.BOTH.,#12374);
#12345=SURFACE_STYLE_USAGE(.BOTH.,#12375);
#12346=SURFACE_STYLE_USAGE(.BOTH.,#12376);
#12347=SURFACE_STYLE_USAGE(.BOTH.,#12377);
#12348=SURFACE_STYLE_USAGE(.BOTH.,#12378);
#12349=SURFACE_STYLE_USAGE(.BOTH.,#12379);
#12350=SURFACE_STYLE_RENDERING_WITH_PROPERTIES($,#12410,(#12360));
#12351=SURFACE_STYLE_RENDERING_WITH_PROPERTIES($,#12411,(#12361));
#12352=SURFACE_STYLE_RENDERING_WITH_PROPERTIES($,#12412,(#12362));
#12353=SURFACE_STYLE_RENDERING_WITH_PROPERTIES($,#12413,(#12363));
#12354=SURFACE_STYLE_RENDERING_WITH_PROPERTIES($,#12414,(#12364));
#12355=SURFACE_STYLE_RENDERING_WITH_PROPERTIES($,#12415,(#12365));
#12356=SURFACE_STYLE_RENDERING_WITH_PROPERTIES($,#12416,(#12366));
#12357=SURFACE_STYLE_RENDERING_WITH_PROPERTIES($,#12417,(#12367));
#12358=SURFACE_STYLE_RENDERING_WITH_PROPERTIES($,#12418,(#12368));
#12359=SURFACE_STYLE_RENDERING_WITH_PROPERTIES($,#12419,(#12369));
#12360=SURFACE_STYLE_TRANSPARENT(0.);
#12361=SURFACE_STYLE_TRANSPARENT(0.);
#12362=SURFACE_STYLE_TRANSPARENT(0.);
#12363=SURFACE_STYLE_TRANSPARENT(0.);
#12364=SURFACE_STYLE_TRANSPARENT(0.);
#12365=SURFACE_STYLE_TRANSPARENT(0.);
#12366=SURFACE_STYLE_TRANSPARENT(0.);
#12367=SURFACE_STYLE_TRANSPARENT(0.);
#12368=SURFACE_STYLE_TRANSPARENT(0.);
#12369=SURFACE_STYLE_TRANSPARENT(0.);
#12370=SURFACE_SIDE_STYLE('',(#12380,#12350));
#12371=SURFACE_SIDE_STYLE('',(#12381,#12351));
#12372=SURFACE_SIDE_STYLE('',(#12382,#12352));
#12373=SURFACE_SIDE_STYLE('',(#12383,#12353));
#12374=SURFACE_SIDE_STYLE('',(#12384,#12354));
#12375=SURFACE_SIDE_STYLE('',(#12385,#12355));
#12376=SURFACE_SIDE_STYLE('',(#12386,#12356));
#12377=SURFACE_SIDE_STYLE('',(#12387,#12357));
#12378=SURFACE_SIDE_STYLE('',(#12388,#12358));
#12379=SURFACE_SIDE_STYLE('',(#12389,#12359));
#12380=SURFACE_STYLE_FILL_AREA(#12390);
#12381=SURFACE_STYLE_FILL_AREA(#12391);
#12382=SURFACE_STYLE_FILL_AREA(#12392);
#12383=SURFACE_STYLE_FILL_AREA(#12393);
#12384=SURFACE_STYLE_FILL_AREA(#12394);
#12385=SURFACE_STYLE_FILL_AREA(#12395);
#12386=SURFACE_STYLE_FILL_AREA(#12396);
#12387=SURFACE_STYLE_FILL_AREA(#12397);
#12388=SURFACE_STYLE_FILL_AREA(#12398);
#12389=SURFACE_STYLE_FILL_AREA(#12399);
#12390=FILL_AREA_STYLE('',(#12400));
#12391=FILL_AREA_STYLE('',(#12401));
#12392=FILL_AREA_STYLE('',(#12402));
#12393=FILL_AREA_STYLE('',(#12403));
#12394=FILL_AREA_STYLE('',(#12404));
#12395=FILL_AREA_STYLE('',(#12405));
#12396=FILL_AREA_STYLE('',(#12406));
#12397=FILL_AREA_STYLE('',(#12407));
#12398=FILL_AREA_STYLE('',(#12408));
#12399=FILL_AREA_STYLE('',(#12409));
#12400=FILL_AREA_STYLE_COLOUR('',#12410);
#12401=FILL_AREA_STYLE_COLOUR('',#12411);
#12402=FILL_AREA_STYLE_COLOUR('',#12412);
#12403=FILL_AREA_STYLE_COLOUR('',#12413);
#12404=FILL_AREA_STYLE_COLOUR('',#12414);
#12405=FILL_AREA_STYLE_COLOUR('',#12415);
#12406=FILL_AREA_STYLE_COLOUR('',#12416);
#12407=FILL_AREA_STYLE_COLOUR('',#12417);
#12408=FILL_AREA_STYLE_COLOUR('',#12418);
#12409=FILL_AREA_STYLE_COLOUR('',#12419);
#12410=COLOUR_RGB('',0.749019607843137,0.749019607843137,0.749019607843137);
#12411=COLOUR_RGB('',0.701960784313725,0.552941176470588,0.00392156862745098);
#12412=COLOUR_RGB('',0.96078431372549,0.996078431372549,0.556862745098039);
#12413=COLOUR_RGB('',0.866666666666667,0.486274509803922,0.0588235294117647);
#12414=COLOUR_RGB('',1.,1.,1.);
#12415=COLOUR_RGB('',0.866666666666667,0.866666666666667,0.0509803921568627);
#12416=COLOUR_RGB('',0.949019607843137,0.949019607843137,1.);
#12417=COLOUR_RGB('',0.749019607843137,0.749019607843137,0.749019607843137);
#12418=COLOUR_RGB('',0.184313725490196,0.623529411764706,0.764705882352941);
#12419=COLOUR_RGB('',0.6,0.6,0.6);
ENDSEC;
END-ISO-10303-21;
